title,categories,data_addr,summary,full_description
Gear :: Map [RPM x Gear] 14x7 FUN_2a6e8 #006 (flat),Gear Dependent; Unidentified - Cluster A (IDs 0x005-0x0AB); Flat Maps (unused/disabled?),0x151700,"Gear-dependent setting. The gear axis is a bitmask: 1 = Neutral, 2 = 1st, 4 = 2nd, 8 = 3rd, 16 = 4th, 32 = 5th, 64 = 6th. (Family-level description - specific use not individually confirmed.)","Gear-dependent setting. The gear axis is a bitmask: 1 = Neutral, 2 = 1st, 4 = 2nd, 8 = 3rd, 16 = 4th, 32 = 5th, 64 = 6th. (Family-level description - specific use not individually confirmed.)

HOW THE ECU USES IT: looked up by FUN_2a6e8; X input = Engine speed (main) (RAM 0xFEF0258E); Y input = Gear position bitmask (1=N, 2=1st ... 0x40=6th) from GP sensor ADC ch2E (RAM 0xFEF026C2).

AXES: X axis: 14 points, 1000 to 14000 RPM; Y axis: 7 points, 1.00 to 64.0 gear bit.

VALUES (stock 5JCZSJ40): 22282 to 22282 raw - every cell is the same (22282), so the function is probably disabled or unused in this calibration.

REFERENCE: data @0x151700, X axis @0x15088C, Y axis @0x151310, descriptor @0x1508A8, code FUN_2a6e8."
Gear :: Map [RPM x Gear] 14x7 FUN_2a6e8 #008,Gear Dependent; Unidentified - Cluster A (IDs 0x005-0x0AB),0x1517C4,"Gear-dependent setting. The gear axis is a bitmask: 1 = Neutral, 2 = 1st, 4 = 2nd, 8 = 3rd, 16 = 4th, 32 = 5th, 64 = 6th. (Family-level description - specific use not individually confirmed.)","Gear-dependent setting. The gear axis is a bitmask: 1 = Neutral, 2 = 1st, 4 = 2nd, 8 = 3rd, 16 = 4th, 32 = 5th, 64 = 6th. (Family-level description - specific use not individually confirmed.)

HOW THE ECU USES IT: looked up by FUN_2a6e8; X input = Engine speed (main) (RAM 0xFEF0258E); Y input = Gear position bitmask (1=N, 2=1st ... 0x40=6th) from GP sensor ADC ch2E (RAM 0xFEF026C2).

AXES: X axis: 14 points, 1000 to 14000 RPM; Y axis: 7 points, 1.00 to 64.0 gear bit.

VALUES (stock 5JCZSJ40): 23593 to 25559 raw.

REFERENCE: data @0x1517C4, X axis @0x1508C4, Y axis @0x151320, descriptor @0x1508E0, code FUN_2a6e8."
Gear :: Map [RPM x Gear] 14x7 FUN_2a6e8 #00A,Gear Dependent; Unidentified - Cluster A (IDs 0x005-0x0AB),0x151888,"Gear-dependent setting. The gear axis is a bitmask: 1 = Neutral, 2 = 1st, 4 = 2nd, 8 = 3rd, 16 = 4th, 32 = 5th, 64 = 6th. (Family-level description - specific use not individually confirmed.)","Gear-dependent setting. The gear axis is a bitmask: 1 = Neutral, 2 = 1st, 4 = 2nd, 8 = 3rd, 16 = 4th, 32 = 5th, 64 = 6th. (Family-level description - specific use not individually confirmed.)

HOW THE ECU USES IT: looked up by FUN_2a6e8; X input = Engine speed (main) (RAM 0xFEF0258E); Y input = Gear position bitmask (1=N, 2=1st ... 0x40=6th) from GP sensor ADC ch2E (RAM 0xFEF026C2).

AXES: X axis: 14 points, 1000 to 14000 RPM; Y axis: 7 points, 1.00 to 64.0 gear bit.

VALUES (stock 5JCZSJ40): 52429 to 55050 raw.

REFERENCE: data @0x151888, X axis @0x1508FC, Y axis @0x151330, descriptor @0x150918, code FUN_2a6e8."
Gear :: Map [RPM x Gear] 14x7 FUN_2a6e8 #00C,Gear Dependent; Unidentified - Cluster A (IDs 0x005-0x0AB),0x15194C,"Gear-dependent setting. The gear axis is a bitmask: 1 = Neutral, 2 = 1st, 4 = 2nd, 8 = 3rd, 16 = 4th, 32 = 5th, 64 = 6th. (Family-level description - specific use not individually confirmed.)","Gear-dependent setting. The gear axis is a bitmask: 1 = Neutral, 2 = 1st, 4 = 2nd, 8 = 3rd, 16 = 4th, 32 = 5th, 64 = 6th. (Family-level description - specific use not individually confirmed.)

HOW THE ECU USES IT: looked up by FUN_2a6e8; X input = Engine speed (main) (RAM 0xFEF0258E); Y input = Gear position bitmask (1=N, 2=1st ... 0x40=6th) from GP sensor ADC ch2E (RAM 0xFEF026C2).

AXES: X axis: 14 points, 1000 to 14000 RPM; Y axis: 7 points, 1.00 to 64.0 gear bit.

VALUES (stock 5JCZSJ40): 39322 to 52429 raw.

REFERENCE: data @0x15194C, X axis @0x150934, Y axis @0x151340, descriptor @0x150950, code FUN_2a6e8."
Gear :: Curve [Gear] 7pt FUN_2a696 #00E,Gear Dependent; Unidentified - Cluster A (IDs 0x005-0x0AB),0x151350,"Gear-dependent setting. The gear axis is a bitmask: 1 = Neutral, 2 = 1st, 4 = 2nd, 8 = 3rd, 16 = 4th, 32 = 5th, 64 = 6th. (Family-level description - specific use not individually confirmed.)","Gear-dependent setting. The gear axis is a bitmask: 1 = Neutral, 2 = 1st, 4 = 2nd, 8 = 3rd, 16 = 4th, 32 = 5th, 64 = 6th. (Family-level description - specific use not individually confirmed.)

HOW THE ECU USES IT: looked up by FUN_2a696; X input = Gear position bitmask (1=N, 2=1st ... 0x40=6th) from GP sensor ADC ch2E (RAM 0xFEF026C2).

AXES: X axis: 7 points, 1.00 to 64.0 gear bit.

VALUES (stock 5JCZSJ40): 3146 to 6816 raw.

REFERENCE: data @0x151350, X axis @0x150578, descriptor @0x15096C, code FUN_2a696."
Gear :: Curve [Gear] 7pt FUN_2aa62 #00F,Gear Dependent; Unidentified - Cluster A (IDs 0x005-0x0AB),0x151360,"Gear-dependent setting. The gear axis is a bitmask: 1 = Neutral, 2 = 1st, 4 = 2nd, 8 = 3rd, 16 = 4th, 32 = 5th, 64 = 6th. (Family-level description - specific use not individually confirmed.)","Gear-dependent setting. The gear axis is a bitmask: 1 = Neutral, 2 = 1st, 4 = 2nd, 8 = 3rd, 16 = 4th, 32 = 5th, 64 = 6th. (Family-level description - specific use not individually confirmed.)

HOW THE ECU USES IT: looked up by FUN_2aa62; X input = Gear position bitmask (1=N, 2=1st ... 0x40=6th) from GP sensor ADC ch2E (RAM 0xFEF026C2).

AXES: X axis: 7 points, 1.00 to 64.0 gear bit.

VALUES (stock 5JCZSJ40): 7130 to 11796 raw.

REFERENCE: data @0x151360, X axis @0x150580, descriptor @0x150980, code FUN_2aa62."
Gear :: Curve [Gear] 7pt FUN_2a6e8 #010,Gear Dependent; Unidentified - Cluster A (IDs 0x005-0x0AB),0x151370,"Gear-dependent setting. The gear axis is a bitmask: 1 = Neutral, 2 = 1st, 4 = 2nd, 8 = 3rd, 16 = 4th, 32 = 5th, 64 = 6th. (Family-level description - specific use not individually confirmed.)","Gear-dependent setting. The gear axis is a bitmask: 1 = Neutral, 2 = 1st, 4 = 2nd, 8 = 3rd, 16 = 4th, 32 = 5th, 64 = 6th. (Family-level description - specific use not individually confirmed.)

HOW THE ECU USES IT: looked up by FUN_2a6e8; X input = Gear position bitmask (1=N, 2=1st ... 0x40=6th) from GP sensor ADC ch2E (RAM 0xFEF026C2).

AXES: X axis: 7 points, 1.00 to 64.0 gear bit.

VALUES (stock 5JCZSJ40): 3328 to 4096 raw.

REFERENCE: data @0x151370, X axis @0x150588, descriptor @0x150994, code FUN_2a6e8."
Gear :: Curve [Gear] 7pt FUN_2a952 #011,Gear Dependent; Unidentified - Cluster A (IDs 0x005-0x0AB),0x151380,"Gear-dependent setting. The gear axis is a bitmask: 1 = Neutral, 2 = 1st, 4 = 2nd, 8 = 3rd, 16 = 4th, 32 = 5th, 64 = 6th. (Family-level description - specific use not individually confirmed.)","Gear-dependent setting. The gear axis is a bitmask: 1 = Neutral, 2 = 1st, 4 = 2nd, 8 = 3rd, 16 = 4th, 32 = 5th, 64 = 6th. (Family-level description - specific use not individually confirmed.)

HOW THE ECU USES IT: looked up by FUN_2a952; X input = Gear position bitmask (1=N, 2=1st ... 0x40=6th) from GP sensor ADC ch2E (RAM 0xFEF026C2).

AXES: X axis: 7 points, 1.00 to 64.0 gear bit.

VALUES (stock 5JCZSJ40): 3328 to 4096 raw.

REFERENCE: data @0x151380, X axis @0x150590, descriptor @0x1509A8, code FUN_2a952."
Gear :: Curve [Gear] 7pt FUN_2ad8e #012 (flat),Gear Dependent; Unidentified - Cluster A (IDs 0x005-0x0AB); Flat Maps (unused/disabled?),0x151390,"Gear-dependent setting. The gear axis is a bitmask: 1 = Neutral, 2 = 1st, 4 = 2nd, 8 = 3rd, 16 = 4th, 32 = 5th, 64 = 6th. (Family-level description - specific use not individually confirmed.)","Gear-dependent setting. The gear axis is a bitmask: 1 = Neutral, 2 = 1st, 4 = 2nd, 8 = 3rd, 16 = 4th, 32 = 5th, 64 = 6th. (Family-level description - specific use not individually confirmed.)

HOW THE ECU USES IT: looked up by FUN_2ad8e; X input = Gear position bitmask (1=N, 2=1st ... 0x40=6th) from GP sensor ADC ch2E (RAM 0xFEF026C2).

AXES: X axis: 7 points, 1.00 to 64.0 gear bit.

VALUES (stock 5JCZSJ40): 3840 to 3840 raw - every cell is the same (3840), so the function is probably disabled or unused in this calibration.

REFERENCE: data @0x151390, X axis @0x150598, descriptor @0x1509BC, code FUN_2ad8e."
Gear :: Curve [Gear] 7pt FUN_2afb6 #013 (flat),Gear Dependent; Unidentified - Cluster A (IDs 0x005-0x0AB); Flat Maps (unused/disabled?),0x1513A0,"Gear-dependent setting. The gear axis is a bitmask: 1 = Neutral, 2 = 1st, 4 = 2nd, 8 = 3rd, 16 = 4th, 32 = 5th, 64 = 6th. (Family-level description - specific use not individually confirmed.)","Gear-dependent setting. The gear axis is a bitmask: 1 = Neutral, 2 = 1st, 4 = 2nd, 8 = 3rd, 16 = 4th, 32 = 5th, 64 = 6th. (Family-level description - specific use not individually confirmed.)

HOW THE ECU USES IT: looked up by FUN_2afb6; X input = Gear position bitmask (1=N, 2=1st ... 0x40=6th) from GP sensor ADC ch2E (RAM 0xFEF026C2).

AXES: X axis: 7 points, 1.00 to 64.0 gear bit.

VALUES (stock 5JCZSJ40): 3840 to 3840 raw - every cell is the same (3840), so the function is probably disabled or unused in this calibration.

REFERENCE: data @0x1513A0, X axis @0x1505A0, descriptor @0x1509D0, code FUN_2afb6."
Cluster A :: Curve [RPM] 14pt FUN_2aaac #014 (flat),Unidentified - Cluster A (IDs 0x005-0x0AB); Flat Maps (unused/disabled?),0x150A00,Function not yet identified. Name reflects the inputs the code feeds this table.,"Function not yet identified. Name reflects the inputs the code feeds this table.

HOW THE ECU USES IT: looked up by FUN_2aaac; X input = Engine speed (main) (RAM 0xFEF0258E).

AXES: X axis: 14 points, 1000 to 14000 RPM.

VALUES (stock 5JCZSJ40): 1.00 to 1.00 raw - every cell is the same (1.00), so the function is probably disabled or unused in this calibration.

REFERENCE: data @0x150A00, X axis @0x1509E4, descriptor @0x150A1C, code FUN_2aaac."
Gear :: Curve [Gear] 7pt FUN_2ad3c #015,Gear Dependent; Unidentified - Cluster A (IDs 0x005-0x0AB),0x1513B0,"Gear-dependent setting. The gear axis is a bitmask: 1 = Neutral, 2 = 1st, 4 = 2nd, 8 = 3rd, 16 = 4th, 32 = 5th, 64 = 6th. (Family-level description - specific use not individually confirmed.)","Gear-dependent setting. The gear axis is a bitmask: 1 = Neutral, 2 = 1st, 4 = 2nd, 8 = 3rd, 16 = 4th, 32 = 5th, 64 = 6th. (Family-level description - specific use not individually confirmed.)

HOW THE ECU USES IT: looked up by FUN_2ad3c; X input = Gear position bitmask (1=N, 2=1st ... 0x40=6th) from GP sensor ADC ch2E (RAM 0xFEF026C2).

AXES: X axis: 7 points, 1.00 to 64.0 gear bit.

VALUES (stock 5JCZSJ40): 773 to 65535 raw.

REFERENCE: data @0x1513B0, X axis @0x1505A8, descriptor @0x150A30, code FUN_2ad3c."
Gear :: Curve [Gear] 7pt FUN_2ad3c #016,Gear Dependent; Unidentified - Cluster A (IDs 0x005-0x0AB),0x1513C0,"Gear-dependent setting. The gear axis is a bitmask: 1 = Neutral, 2 = 1st, 4 = 2nd, 8 = 3rd, 16 = 4th, 32 = 5th, 64 = 6th. (Family-level description - specific use not individually confirmed.)","Gear-dependent setting. The gear axis is a bitmask: 1 = Neutral, 2 = 1st, 4 = 2nd, 8 = 3rd, 16 = 4th, 32 = 5th, 64 = 6th. (Family-level description - specific use not individually confirmed.)

HOW THE ECU USES IT: looked up by FUN_2ad3c; X input = Gear position bitmask (1=N, 2=1st ... 0x40=6th) from GP sensor ADC ch2E (RAM 0xFEF026C2).

AXES: X axis: 7 points, 1.00 to 64.0 gear bit.

VALUES (stock 5JCZSJ40): 2556 to 4089 raw.

REFERENCE: data @0x1513C0, X axis @0x1505B0, descriptor @0x150A44, code FUN_2ad3c."
Gear :: Curve [Gear] 7pt FUN_2b0c4 #017,Gear Dependent; Unidentified - Cluster A (IDs 0x005-0x0AB),0x1513D0,"Gear-dependent setting. The gear axis is a bitmask: 1 = Neutral, 2 = 1st, 4 = 2nd, 8 = 3rd, 16 = 4th, 32 = 5th, 64 = 6th. (Family-level description - specific use not individually confirmed.)","Gear-dependent setting. The gear axis is a bitmask: 1 = Neutral, 2 = 1st, 4 = 2nd, 8 = 3rd, 16 = 4th, 32 = 5th, 64 = 6th. (Family-level description - specific use not individually confirmed.)

HOW THE ECU USES IT: looked up by FUN_2b0c4; X input = Gear position bitmask (1=N, 2=1st ... 0x40=6th) from GP sensor ADC ch2E (RAM 0xFEF026C2).

AXES: X axis: 7 points, 1.00 to 64.0 gear bit.

VALUES (stock 5JCZSJ40): 8179 to 13291 raw.

REFERENCE: data @0x1513D0, X axis @0x1505B8, descriptor @0x150A58, code FUN_2b0c4."
Cluster A :: Curve [RPM] 14pt FUN_2b10e #018 (flat),Unidentified - Cluster A (IDs 0x005-0x0AB); Flat Maps (unused/disabled?),0x150A88,Function not yet identified. Name reflects the inputs the code feeds this table.,"Function not yet identified. Name reflects the inputs the code feeds this table.

HOW THE ECU USES IT: looked up by FUN_2b10e; X input = Engine speed (main) (RAM 0xFEF0258E).

AXES: X axis: 14 points, 1000 to 14000 RPM.

VALUES (stock 5JCZSJ40): 1.00 to 1.00 raw - every cell is the same (1.00), so the function is probably disabled or unused in this calibration.

REFERENCE: data @0x150A88, X axis @0x150A6C, descriptor @0x150AA4, code FUN_2b10e."
Gear :: Curve [Gear] 7pt FUN_2b3b6 #019 (flat),Gear Dependent; Unidentified - Cluster A (IDs 0x005-0x0AB); Flat Maps (unused/disabled?),0x1513E0,"Gear-dependent setting. The gear axis is a bitmask: 1 = Neutral, 2 = 1st, 4 = 2nd, 8 = 3rd, 16 = 4th, 32 = 5th, 64 = 6th. (Family-level description - specific use not individually confirmed.)","Gear-dependent setting. The gear axis is a bitmask: 1 = Neutral, 2 = 1st, 4 = 2nd, 8 = 3rd, 16 = 4th, 32 = 5th, 64 = 6th. (Family-level description - specific use not individually confirmed.)

HOW THE ECU USES IT: looked up by FUN_2b3b6; X input = Gear position bitmask (1=N, 2=1st ... 0x40=6th) from GP sensor ADC ch2E (RAM 0xFEF026C2).

AXES: X axis: 7 points, 1.00 to 64.0 gear bit.

VALUES (stock 5JCZSJ40): 65535 to 65535 raw - every cell is the same (65535), so the function is probably disabled or unused in this calibration.

REFERENCE: data @0x1513E0, X axis @0x1505C0, descriptor @0x150AB8, code FUN_2b3b6."
Cluster A :: Curve [RPM] 14pt FUN_2b838 #01A,Unidentified - Cluster A (IDs 0x005-0x0AB),0x1513F0,Function not yet identified. Name reflects the inputs the code feeds this table.,"Function not yet identified. Name reflects the inputs the code feeds this table.

HOW THE ECU USES IT: looked up by FUN_2b838; X input = Engine speed (main) (RAM 0xFEF0258E).

AXES: X axis: 14 points, 1000 to 14000 RPM.

VALUES (stock 5JCZSJ40): 1.00 to 13.0 raw.

REFERENCE: data @0x1513F0, X axis @0x150ACC, descriptor @0x150AE8, code FUN_2b838."
Cluster A :: Curve [RPM] 14pt FUN_2b982 #01B (flat),Unidentified - Cluster A (IDs 0x005-0x0AB); Flat Maps (unused/disabled?),0x151400,Function not yet identified. Name reflects the inputs the code feeds this table.,"Function not yet identified. Name reflects the inputs the code feeds this table.

HOW THE ECU USES IT: looked up by FUN_2b982; X input = Engine speed (main) (RAM 0xFEF0258E).

AXES: X axis: 14 points, 1000 to 14000 RPM.

VALUES (stock 5JCZSJ40): 1.00 to 1.00 raw - every cell is the same (1.00), so the function is probably disabled or unused in this calibration.

REFERENCE: data @0x151400, X axis @0x150AFC, descriptor @0x150B18, code FUN_2b982."
ECT Comp :: Curve [ECT] 13pt FUN_2c7e8 #01C,ECT Compensation; Unidentified - Cluster A (IDs 0x005-0x0AB),0x15142C,Engine-coolant-temperature compensation (warm-up / cold-start / temperature-dependent correction). (Family-level description - specific use not individually confirmed.),"Engine-coolant-temperature compensation (warm-up / cold-start / temperature-dependent correction). (Family-level description - specific use not individually confirmed.)

HOW THE ECU USES IT: looked up by FUN_2c7e8; X input = Engine coolant temperature (ADC ch2D), 8-bit (RAM 0xFEF026BD).

AXES: X axis: 13 points, -19.7 to 100 deg C.

VALUES (stock 5JCZSJ40): 0.00 to 1500 raw.

REFERENCE: data @0x15142C, X axis @0x151410, descriptor @0x150B2C, code FUN_2c7e8."
Cluster A :: Curve [TP] 36pt FUN_29812 #01D,Unidentified - Cluster A (IDs 0x005-0x0AB),0x151A58,Function not yet identified. Name reflects the inputs the code feeds this table.,"Function not yet identified. Name reflects the inputs the code feeds this table.

HOW THE ECU USES IT: looked up by FUN_29812; X input = Throttle position (copy) (RAM 0xFEF02636).

AXES: X axis: 36 points, 0.00 to 123 deg (abs. TP angle).

VALUES (stock 5JCZSJ40): 0.00 to 15849 raw.

REFERENCE: data @0x151A58, X axis @0x151A10, descriptor @0x150B40, code FUN_29812."
Gear :: Curve [Gear] 7pt FUN_2970a #01E,Gear Dependent; Unidentified - Cluster A (IDs 0x005-0x0AB),0x1505D0,"Gear-dependent setting. The gear axis is a bitmask: 1 = Neutral, 2 = 1st, 4 = 2nd, 8 = 3rd, 16 = 4th, 32 = 5th, 64 = 6th. (Family-level description - specific use not individually confirmed.)","Gear-dependent setting. The gear axis is a bitmask: 1 = Neutral, 2 = 1st, 4 = 2nd, 8 = 3rd, 16 = 4th, 32 = 5th, 64 = 6th. (Family-level description - specific use not individually confirmed.)

HOW THE ECU USES IT: looked up by FUN_2970a; X input = Gear position bitmask (1=N, 2=1st ... 0x40=6th) from GP sensor ADC ch2E (RAM 0xFEF026C2).

AXES: X axis: 7 points, 1.00 to 64.0 gear bit.

VALUES (stock 5JCZSJ40): 1.00 to 25.0 raw.

REFERENCE: data @0x1505D0, X axis @0x1505C8, descriptor @0x150B54, code FUN_2970a."
Cluster A :: Curve [TP] 31pt FUN_2937e #01F,Unidentified - Cluster A (IDs 0x005-0x0AB),0x151488,Function not yet identified. Name reflects the inputs the code feeds this table.,"Function not yet identified. Name reflects the inputs the code feeds this table.

HOW THE ECU USES IT: looked up by FUN_2937e; X input = .

AXES: X axis: 31 points, 0.00 to 108 deg (TP angle).

VALUES (stock 5JCZSJ40): 32768 to 42598 raw.

REFERENCE: data @0x151488, X axis @0x151448, descriptor @0x150B68, code FUN_2937e."
Gear :: Curve [Gear] 7pt FUN_29414 #020 (flat),Gear Dependent; Unidentified - Cluster A (IDs 0x005-0x0AB); Flat Maps (unused/disabled?),0x1505E0,"Gear-dependent setting. The gear axis is a bitmask: 1 = Neutral, 2 = 1st, 4 = 2nd, 8 = 3rd, 16 = 4th, 32 = 5th, 64 = 6th. (Family-level description - specific use not individually confirmed.)","Gear-dependent setting. The gear axis is a bitmask: 1 = Neutral, 2 = 1st, 4 = 2nd, 8 = 3rd, 16 = 4th, 32 = 5th, 64 = 6th. (Family-level description - specific use not individually confirmed.)

HOW THE ECU USES IT: looked up by FUN_29414; X input = Gear position bitmask (1=N, 2=1st ... 0x40=6th) from GP sensor ADC ch2E (RAM 0xFEF026C2).

AXES: X axis: 7 points, 1.00 to 64.0 gear bit.

VALUES (stock 5JCZSJ40): 80.0 to 80.0 raw - every cell is the same (80.0), so the function is probably disabled or unused in this calibration.

REFERENCE: data @0x1505E0, X axis @0x1505D8, descriptor @0x150B7C, code FUN_29414."
Cluster A :: Curve [TP] 36pt FUN_29582 #021 (flat),Unidentified - Cluster A (IDs 0x005-0x0AB); Flat Maps (unused/disabled?),0x151AE8,Function not yet identified. Name reflects the inputs the code feeds this table.,"Function not yet identified. Name reflects the inputs the code feeds this table.

HOW THE ECU USES IT: looked up by FUN_29582; X input = Throttle position (copy) (RAM 0xFEF02636).

AXES: X axis: 36 points, 0.00 to 123 deg (abs. TP angle).

VALUES (stock 5JCZSJ40): 20971 to 20971 raw - every cell is the same (20971), so the function is probably disabled or unused in this calibration.

REFERENCE: data @0x151AE8, X axis @0x151AA0, descriptor @0x150B90, code FUN_29582."
Cluster A :: Curve [RAM_fef026d7] 11pt FUN_29bc4 #022,Unidentified - Cluster A (IDs 0x005-0x0AB),0x1516C4,Function not yet identified. Name reflects the inputs the code feeds this table.,"Function not yet identified. Name reflects the inputs the code feeds this table.

HOW THE ECU USES IT: looked up by FUN_29bc4; X input = RAM 0xfef026d7.

AXES: X axis: 11 points, 0.00 to 10.0 raw.

VALUES (stock 5JCZSJ40): 90.0 to 255 raw.

REFERENCE: data @0x1516C4, X axis @0x1516B8, descriptor @0x150BA4, code FUN_29bc4."
Cluster A :: Curve [RAM_fef026d7] 11pt FUN_29bc4 #023 (flat),Unidentified - Cluster A (IDs 0x005-0x0AB); Flat Maps (unused/disabled?),0x1516DC,Function not yet identified. Name reflects the inputs the code feeds this table.,"Function not yet identified. Name reflects the inputs the code feeds this table.

HOW THE ECU USES IT: looked up by FUN_29bc4; X input = RAM 0xfef026d7.

AXES: X axis: 11 points, 0.00 to 10.0 raw.

VALUES (stock 5JCZSJ40): 128 to 128 raw - every cell is the same (128), so the function is probably disabled or unused in this calibration.

REFERENCE: data @0x1516DC, X axis @0x1516D0, descriptor @0x150BB8, code FUN_29bc4."
Cluster A :: Curve [RAM_fef026d7] 11pt FUN_29bc4 #024 (flat),Unidentified - Cluster A (IDs 0x005-0x0AB); Flat Maps (unused/disabled?),0x1514C8,Function not yet identified. Name reflects the inputs the code feeds this table.,"Function not yet identified. Name reflects the inputs the code feeds this table.

HOW THE ECU USES IT: looked up by FUN_29bc4; X input = RAM 0xfef026d7.

AXES: X axis: 11 points, 0.00 to 10.0 raw.

VALUES (stock 5JCZSJ40): 32768 to 32768 raw - every cell is the same (32768), so the function is probably disabled or unused in this calibration.

REFERENCE: data @0x1514C8, X axis @0x1516E8, descriptor @0x150BCC, code FUN_29bc4."
Cluster A :: Curve [?] 30pt FUN_29e3a #025,Unidentified - Cluster A (IDs 0x005-0x0AB),0x150C1C,Function not yet identified. Name reflects the inputs the code feeds this table.,"Function not yet identified. Name reflects the inputs the code feeds this table.

HOW THE ECU USES IT: looked up by FUN_29e3a; X input = .

AXES: X axis: 30 points, 29127 to 38229 raw.

VALUES (stock 5JCZSJ40): 22768 to 32768 raw.

REFERENCE: data @0x150C1C, X axis @0x150BE0, descriptor @0x150C58, code FUN_29e3a."
Cluster A :: Curve [RAM_fef00964] 30pt FUN_29e7c #026,Unidentified - Cluster A (IDs 0x005-0x0AB),0x150CA8,Function not yet identified. Name reflects the inputs the code feeds this table.,"Function not yet identified. Name reflects the inputs the code feeds this table.

HOW THE ECU USES IT: looked up by FUN_29e7c; X input = RAM 0xfef00964.

AXES: X axis: 30 points, 26768 to 40768 raw.

VALUES (stock 5JCZSJ40): 13107 to 32768 raw.

REFERENCE: data @0x150CA8, X axis @0x150C6C, descriptor @0x150CE4, code FUN_29e7c."
Cluster A :: Curve [TP] 36pt FUN_29fd2 #027,Unidentified - Cluster A (IDs 0x005-0x0AB),0x151B78,Function not yet identified. Name reflects the inputs the code feeds this table.,"Function not yet identified. Name reflects the inputs the code feeds this table.

HOW THE ECU USES IT: looked up by FUN_29fd2; X input = Throttle position (copy) (RAM 0xFEF02636).

AXES: X axis: 36 points, 0.00 to 123 deg (abs. TP angle).

VALUES (stock 5JCZSJ40): 3683 to 47186 raw.

REFERENCE: data @0x151B78, X axis @0x151B30, descriptor @0x150CF8, code FUN_29fd2."
Cluster A :: Curve [TP] 36pt FUN_2f9ce #028 (flat),Unidentified - Cluster A (IDs 0x005-0x0AB); Flat Maps (unused/disabled?),0x151C08,Function not yet identified. Name reflects the inputs the code feeds this table.,"Function not yet identified. Name reflects the inputs the code feeds this table.

HOW THE ECU USES IT: looked up by FUN_2f9ce; X input = Throttle position (copy) (RAM 0xFEF02634).

AXES: X axis: 36 points, 0.00 to 123 deg (abs. TP angle).

VALUES (stock 5JCZSJ40): 0.00 to 0.00 raw - every cell is the same (0.00), so the function is probably disabled or unused in this calibration.

REFERENCE: data @0x151C08, X axis @0x151BC0, descriptor @0x150D0C, code FUN_2f9ce."
Cluster A :: Curve [TP] 36pt FUN_2f9ce #029 (flat),Unidentified - Cluster A (IDs 0x005-0x0AB); Flat Maps (unused/disabled?),0x151C98,Function not yet identified. Name reflects the inputs the code feeds this table.,"Function not yet identified. Name reflects the inputs the code feeds this table.

HOW THE ECU USES IT: looked up by FUN_2f9ce; X input = Throttle position (copy) (RAM 0xFEF02634).

AXES: X axis: 36 points, 0.00 to 123 deg (abs. TP angle).

VALUES (stock 5JCZSJ40): 32268 to 32268 raw - every cell is the same (32268), so the function is probably disabled or unused in this calibration.

REFERENCE: data @0x151C98, X axis @0x151C50, descriptor @0x150D20, code FUN_2f9ce."
Cluster A :: Curve [TP] 36pt FUN_2fb2e #02A (flat),Unidentified - Cluster A (IDs 0x005-0x0AB); Flat Maps (unused/disabled?),0x151D28,Function not yet identified. Name reflects the inputs the code feeds this table.,"Function not yet identified. Name reflects the inputs the code feeds this table.

HOW THE ECU USES IT: looked up by FUN_2fb2e; X input = Throttle position (copy) (RAM 0xFEF02634).

AXES: X axis: 36 points, 0.00 to 123 deg (abs. TP angle).

VALUES (stock 5JCZSJ40): 65535 to 65535 raw - every cell is the same (65535), so the function is probably disabled or unused in this calibration.

REFERENCE: data @0x151D28, X axis @0x151CE0, descriptor @0x150D34, code FUN_2fb2e."
Cluster A :: Curve [TP] 36pt FUN_2fba8 #02B (flat),Unidentified - Cluster A (IDs 0x005-0x0AB); Flat Maps (unused/disabled?),0x151DB8,Function not yet identified. Name reflects the inputs the code feeds this table.,"Function not yet identified. Name reflects the inputs the code feeds this table.

HOW THE ECU USES IT: looked up by FUN_2fba8; X input = Throttle position (copy) (RAM 0xFEF02634).

AXES: X axis: 36 points, 0.00 to 123 deg (abs. TP angle).

VALUES (stock 5JCZSJ40): 33268 to 33268 raw - every cell is the same (33268), so the function is probably disabled or unused in this calibration.

REFERENCE: data @0x151DB8, X axis @0x151D70, descriptor @0x150D48, code FUN_2fba8."
Cluster A :: Curve [TP] 36pt FUN_2fba8 #02C (flat),Unidentified - Cluster A (IDs 0x005-0x0AB); Flat Maps (unused/disabled?),0x151E48,Function not yet identified. Name reflects the inputs the code feeds this table.,"Function not yet identified. Name reflects the inputs the code feeds this table.

HOW THE ECU USES IT: looked up by FUN_2fba8; X input = Throttle position (copy) (RAM 0xFEF02634).

AXES: X axis: 36 points, 0.00 to 123 deg (abs. TP angle).

VALUES (stock 5JCZSJ40): 65535 to 65535 raw - every cell is the same (65535), so the function is probably disabled or unused in this calibration.

REFERENCE: data @0x151E48, X axis @0x151E00, descriptor @0x150D5C, code FUN_2fba8."
Cluster A :: Curve [RAM_fef00a89] 7pt FUN_2dde8 #02D,Unidentified - Cluster A (IDs 0x005-0x0AB),0x1514E0,Function not yet identified. Name reflects the inputs the code feeds this table.,"Function not yet identified. Name reflects the inputs the code feeds this table.

HOW THE ECU USES IT: looked up by FUN_2dde8; X input = RAM 0xfef00a89.

AXES: X axis: 7 points, 1.00 to 64.0 raw.

VALUES (stock 5JCZSJ40): 14669 to 26842 raw.

REFERENCE: data @0x1514E0, X axis @0x1505E8, descriptor @0x150D70, code FUN_2dde8."
Cluster A :: Curve [RAM_fef00a89] 7pt FUN_2dde8 #02E,Unidentified - Cluster A (IDs 0x005-0x0AB),0x1514F0,Function not yet identified. Name reflects the inputs the code feeds this table.,"Function not yet identified. Name reflects the inputs the code feeds this table.

HOW THE ECU USES IT: looked up by FUN_2dde8; X input = RAM 0xfef00a89.

AXES: X axis: 7 points, 1.00 to 64.0 raw.

VALUES (stock 5JCZSJ40): 3597 to 7066 raw.

REFERENCE: data @0x1514F0, X axis @0x1505F0, descriptor @0x150D84, code FUN_2dde8."
Gear :: Curve [Gear] 7pt FUN_2e3ec #02F (flat),Gear Dependent; Unidentified - Cluster A (IDs 0x005-0x0AB); Flat Maps (unused/disabled?),0x151500,"Gear-dependent setting. The gear axis is a bitmask: 1 = Neutral, 2 = 1st, 4 = 2nd, 8 = 3rd, 16 = 4th, 32 = 5th, 64 = 6th. (Family-level description - specific use not individually confirmed.)","Gear-dependent setting. The gear axis is a bitmask: 1 = Neutral, 2 = 1st, 4 = 2nd, 8 = 3rd, 16 = 4th, 32 = 5th, 64 = 6th. (Family-level description - specific use not individually confirmed.)

HOW THE ECU USES IT: looked up by FUN_2e3ec; X input = Gear position bitmask (1=N, 2=1st ... 0x40=6th) from GP sensor ADC ch2E (RAM 0xFEF026C2).

AXES: X axis: 7 points, 1.00 to 64.0 gear bit.

VALUES (stock 5JCZSJ40): 25600 to 25600 raw - every cell is the same (25600), so the function is probably disabled or unused in this calibration.

REFERENCE: data @0x151500, X axis @0x1505F8, descriptor @0x150D98, code FUN_2e3ec."
Gear :: Curve [Gear] 7pt FUN_2e3ec #030 (flat),Gear Dependent; Unidentified - Cluster A (IDs 0x005-0x0AB); Flat Maps (unused/disabled?),0x151510,"Gear-dependent setting. The gear axis is a bitmask: 1 = Neutral, 2 = 1st, 4 = 2nd, 8 = 3rd, 16 = 4th, 32 = 5th, 64 = 6th. (Family-level description - specific use not individually confirmed.)","Gear-dependent setting. The gear axis is a bitmask: 1 = Neutral, 2 = 1st, 4 = 2nd, 8 = 3rd, 16 = 4th, 32 = 5th, 64 = 6th. (Family-level description - specific use not individually confirmed.)

HOW THE ECU USES IT: looked up by FUN_2e3ec; X input = Gear position bitmask (1=N, 2=1st ... 0x40=6th) from GP sensor ADC ch2E (RAM 0xFEF026C2).

AXES: X axis: 7 points, 1.00 to 64.0 gear bit.

VALUES (stock 5JCZSJ40): 5120 to 5120 raw - every cell is the same (5120), so the function is probably disabled or unused in this calibration.

REFERENCE: data @0x151510, X axis @0x150600, descriptor @0x150DAC, code FUN_2e3ec."
Gear :: Curve [Gear] 7pt FUN_2d538 #031 (flat),Gear Dependent; Unidentified - Cluster A (IDs 0x005-0x0AB); Flat Maps (unused/disabled?),0x151520,"Gear-dependent setting. The gear axis is a bitmask: 1 = Neutral, 2 = 1st, 4 = 2nd, 8 = 3rd, 16 = 4th, 32 = 5th, 64 = 6th. (Family-level description - specific use not individually confirmed.)","Gear-dependent setting. The gear axis is a bitmask: 1 = Neutral, 2 = 1st, 4 = 2nd, 8 = 3rd, 16 = 4th, 32 = 5th, 64 = 6th. (Family-level description - specific use not individually confirmed.)

HOW THE ECU USES IT: looked up by FUN_2d538; X input = Gear position bitmask (1=N, 2=1st ... 0x40=6th) from GP sensor ADC ch2E (RAM 0xFEF026C2).

AXES: X axis: 7 points, 1.00 to 64.0 gear bit.

VALUES (stock 5JCZSJ40): 16000 to 16000 raw - every cell is the same (16000), so the function is probably disabled or unused in this calibration.

REFERENCE: data @0x151520, X axis @0x150608, descriptor @0x150DC0, code FUN_2d538."
Gear :: Curve [Gear] 7pt FUN_2e3ec #032 (flat),Gear Dependent; Unidentified - Cluster A (IDs 0x005-0x0AB); Flat Maps (unused/disabled?),0x151530,"Gear-dependent setting. The gear axis is a bitmask: 1 = Neutral, 2 = 1st, 4 = 2nd, 8 = 3rd, 16 = 4th, 32 = 5th, 64 = 6th. (Family-level description - specific use not individually confirmed.)","Gear-dependent setting. The gear axis is a bitmask: 1 = Neutral, 2 = 1st, 4 = 2nd, 8 = 3rd, 16 = 4th, 32 = 5th, 64 = 6th. (Family-level description - specific use not individually confirmed.)

HOW THE ECU USES IT: looked up by FUN_2e3ec; X input = Gear position bitmask (1=N, 2=1st ... 0x40=6th) from GP sensor ADC ch2E (RAM 0xFEF026C2).

AXES: X axis: 7 points, 1.00 to 64.0 gear bit.

VALUES (stock 5JCZSJ40): 3200 to 3200 raw - every cell is the same (3200), so the function is probably disabled or unused in this calibration.

REFERENCE: data @0x151530, X axis @0x150610, descriptor @0x150DD4, code FUN_2e3ec."
Cluster A :: Curve [RAM_fef00a00] 14pt FUN_2f046 #033,Unidentified - Cluster A (IDs 0x005-0x0AB),0x150E04,Function not yet identified. Name reflects the inputs the code feeds this table.,"Function not yet identified. Name reflects the inputs the code feeds this table.

HOW THE ECU USES IT: looked up by FUN_2f046; X input = RAM 0xfef00a00.

AXES: X axis: 14 points, 1500 to 12000 RPM.

VALUES (stock 5JCZSJ40): 36.0 to 74.0 raw.

REFERENCE: data @0x150E04, X axis @0x150DE8, descriptor @0x150E20, code FUN_2f046."
Cluster A :: Map [RPM x RAM_fef01567] 14x10 FUN_2a5b8 #034,Unidentified - Cluster A (IDs 0x005-0x0AB),0x151E90,Function not yet identified. Name reflects the inputs the code feeds this table.,"Function not yet identified. Name reflects the inputs the code feeds this table.

HOW THE ECU USES IT: looked up by FUN_2a5b8; X input = Engine speed (main) (RAM 0xFEF0258E); Y input = RAM 0xfef01567.

AXES: X axis: 14 points, 1000 to 13000 RPM; Y axis: 10 points, 36.0 to 192 raw.

VALUES (stock 5JCZSJ40): 489 to 23593 raw.

REFERENCE: data @0x151E90, X axis @0x150E34, Y axis @0x150E50, descriptor @0x150E64, code FUN_2a5b8."
Gear :: Map [RPM x Gear] 14x7 FUN_2b5da #036,Gear Dependent; Unidentified - Cluster A (IDs 0x005-0x0AB),0x151FA8,"Gear-dependent setting. The gear axis is a bitmask: 1 = Neutral, 2 = 1st, 4 = 2nd, 8 = 3rd, 16 = 4th, 32 = 5th, 64 = 6th. (Family-level description - specific use not individually confirmed.)","Gear-dependent setting. The gear axis is a bitmask: 1 = Neutral, 2 = 1st, 4 = 2nd, 8 = 3rd, 16 = 4th, 32 = 5th, 64 = 6th. (Family-level description - specific use not individually confirmed.)

HOW THE ECU USES IT: looked up by FUN_2b5da; X input = Engine speed (main) (RAM 0xFEF0258E); Y input = Gear position bitmask (1=N, 2=1st ... 0x40=6th) from GP sensor ADC ch2E (RAM 0xFEF026C2).

AXES: X axis: 14 points, 1000 to 14000 RPM; Y axis: 7 points, 1.00 to 64.0 gear bit.

VALUES (stock 5JCZSJ40): 3.00 to 9.00 raw.

REFERENCE: data @0x151FA8, X axis @0x150E80, Y axis @0x151540, descriptor @0x150E9C, code FUN_2b5da."
Gear :: Map [RPM x Gear] 14x7 FUN_2b5da #038,Gear Dependent; Unidentified - Cluster A (IDs 0x005-0x0AB),0x15206C,"Gear-dependent setting. The gear axis is a bitmask: 1 = Neutral, 2 = 1st, 4 = 2nd, 8 = 3rd, 16 = 4th, 32 = 5th, 64 = 6th. (Family-level description - specific use not individually confirmed.)","Gear-dependent setting. The gear axis is a bitmask: 1 = Neutral, 2 = 1st, 4 = 2nd, 8 = 3rd, 16 = 4th, 32 = 5th, 64 = 6th. (Family-level description - specific use not individually confirmed.)

HOW THE ECU USES IT: looked up by FUN_2b5da; X input = Engine speed (main) (RAM 0xFEF0258E); Y input = Gear position bitmask (1=N, 2=1st ... 0x40=6th) from GP sensor ADC ch2E (RAM 0xFEF026C2).

AXES: X axis: 14 points, 1000 to 14000 RPM; Y axis: 7 points, 1.00 to 64.0 gear bit.

VALUES (stock 5JCZSJ40): 0.00 to 22.0 raw.

REFERENCE: data @0x15206C, X axis @0x150EB8, Y axis @0x151550, descriptor @0x150ED4, code FUN_2b5da."
Cluster A :: Map [RPM x TP] 14x8 FUN_2b76c #03A,Unidentified - Cluster A (IDs 0x005-0x0AB),0x152130,Function not yet identified. Name reflects the inputs the code feeds this table.,"Function not yet identified. Name reflects the inputs the code feeds this table.

HOW THE ECU USES IT: looked up by FUN_2b76c; X input = Engine speed (main) (RAM 0xFEF0258E); Y input = Throttle valve position (selected/fail-safe) (RAM 0xFEF025FE).

AXES: X axis: 14 points, 1000 to 14000 RPM; Y axis: 8 points, 4.32 to 57.6 deg (abs. TP angle).

VALUES (stock 5JCZSJ40): 123 to 167 raw.

REFERENCE: data @0x152130, X axis @0x150EF0, Y axis @0x150618, descriptor @0x150F0C, code FUN_2b76c."
Cluster A :: Map [RPM x TP] 14x8 FUN_2b7b0 #03C,Unidentified - Cluster A (IDs 0x005-0x0AB),0x1521A0,Function not yet identified. Name reflects the inputs the code feeds this table.,"Function not yet identified. Name reflects the inputs the code feeds this table.

HOW THE ECU USES IT: looked up by FUN_2b7b0; X input = Engine speed (main) (RAM 0xFEF0258E); Y input = Throttle valve position (selected/fail-safe) (RAM 0xFEF025FE).

AXES: X axis: 14 points, 1000 to 14000 RPM; Y axis: 8 points, 4.32 to 57.6 deg (abs. TP angle).

VALUES (stock 5JCZSJ40): 123 to 167 raw.

REFERENCE: data @0x1521A0, X axis @0x150F28, Y axis @0x150628, descriptor @0x150F44, code FUN_2b7b0."
Cluster A :: Map [RPM x TP] 14x8 FUN_2b7f4 #03E,Unidentified - Cluster A (IDs 0x005-0x0AB),0x152210,Function not yet identified. Name reflects the inputs the code feeds this table.,"Function not yet identified. Name reflects the inputs the code feeds this table.

HOW THE ECU USES IT: looked up by FUN_2b7f4; X input = Engine speed (main) (RAM 0xFEF0258E); Y input = Throttle valve position (selected/fail-safe) (RAM 0xFEF025FE).

AXES: X axis: 14 points, 1000 to 14000 RPM; Y axis: 8 points, 4.32 to 57.6 deg (abs. TP angle).

VALUES (stock 5JCZSJ40): 121 to 152 raw.

REFERENCE: data @0x152210, X axis @0x150F60, Y axis @0x150638, descriptor @0x150F7C, code FUN_2b7f4."
Cluster A :: Map [RPM x TP] 14x8 FUN_2b8b6 #040,Unidentified - Cluster A (IDs 0x005-0x0AB),0x152280,Function not yet identified. Name reflects the inputs the code feeds this table.,"Function not yet identified. Name reflects the inputs the code feeds this table.

HOW THE ECU USES IT: looked up by FUN_2b8b6; X input = Engine speed (main) (RAM 0xFEF0258E); Y input = Throttle valve position (selected/fail-safe) (RAM 0xFEF025FE).

AXES: X axis: 14 points, 1000 to 14000 RPM; Y axis: 8 points, 4.32 to 57.6 deg (abs. TP angle).

VALUES (stock 5JCZSJ40): 64.0 to 113 raw.

REFERENCE: data @0x152280, X axis @0x150F98, Y axis @0x150648, descriptor @0x150FB4, code FUN_2b8b6."
Cluster A :: Map [RPM x TP] 14x8 FUN_2b8fa #042,Unidentified - Cluster A (IDs 0x005-0x0AB),0x1522F0,Function not yet identified. Name reflects the inputs the code feeds this table.,"Function not yet identified. Name reflects the inputs the code feeds this table.

HOW THE ECU USES IT: looked up by FUN_2b8fa; X input = Engine speed (main) (RAM 0xFEF0258E); Y input = Throttle valve position (selected/fail-safe) (RAM 0xFEF025FE).

AXES: X axis: 14 points, 1000 to 14000 RPM; Y axis: 8 points, 4.32 to 57.6 deg (abs. TP angle).

VALUES (stock 5JCZSJ40): 64.0 to 113 raw.

REFERENCE: data @0x1522F0, X axis @0x150FD0, Y axis @0x150658, descriptor @0x150FEC, code FUN_2b8fa."
Cluster A :: Map [RPM x TP] 14x8 FUN_2b93e #044,Unidentified - Cluster A (IDs 0x005-0x0AB),0x152360,Function not yet identified. Name reflects the inputs the code feeds this table.,"Function not yet identified. Name reflects the inputs the code feeds this table.

HOW THE ECU USES IT: looked up by FUN_2b93e; X input = Engine speed (main) (RAM 0xFEF0258E); Y input = Throttle valve position (selected/fail-safe) (RAM 0xFEF025FE).

AXES: X axis: 14 points, 1000 to 14000 RPM; Y axis: 8 points, 4.32 to 57.6 deg (abs. TP angle).

VALUES (stock 5JCZSJ40): 64.0 to 113 raw.

REFERENCE: data @0x152360, X axis @0x151008, Y axis @0x150668, descriptor @0x151024, code FUN_2b93e."
Cluster A :: Map [TP x RPM] 23x39 FUN_2970a #046,Unidentified - Cluster A (IDs 0x005-0x0AB),0x152420,Function not yet identified. Name reflects the inputs the code feeds this table.,"Function not yet identified. Name reflects the inputs the code feeds this table.

HOW THE ECU USES IT: looked up by FUN_2970a; X input = Throttle valve position (selected/fail-safe) (RAM 0xFEF025FE); Y input = Engine speed (main) (RAM 0xFEF0258E).

AXES: X axis: 23 points, 0.19 to 124 deg (abs. TP angle); Y axis: 39 points, 0.00 to 19000 RPM.

VALUES (stock 5JCZSJ40): 27552 to 46852 raw.

REFERENCE: data @0x152420, X axis @0x151560, Y axis @0x1523D0, descriptor @0x151040, code FUN_2970a."
Cluster A :: Map [? x RAM_fef026d5] 13x11 FUN_29438 #048 (flat),Unidentified - Cluster A (IDs 0x005-0x0AB); Flat Maps (unused/disabled?),0x152B24,Function not yet identified. Name reflects the inputs the code feeds this table.,"Function not yet identified. Name reflects the inputs the code feeds this table.

HOW THE ECU USES IT: looked up by FUN_29438; X input = CALL(91a82); Y input = RAM 0xfef026d5.

AXES: X axis: 13 points, 32768 to 43690 raw; Y axis: 11 points, 0.00 to 10.0 raw.

VALUES (stock 5JCZSJ40): 64.0 to 64.0 raw - every cell is the same (64.0), so the function is probably disabled or unused in this calibration.

REFERENCE: data @0x152B24, X axis @0x151590, Y axis @0x1515AC, descriptor @0x15105C, code FUN_29438."
Cluster A :: Map [RAM_fef00af0 x RPM] 23x39 FUN_30160 #04A,Unidentified - Cluster A (IDs 0x005-0x0AB),0x152C04,Function not yet identified. Name reflects the inputs the code feeds this table.,"Function not yet identified. Name reflects the inputs the code feeds this table.

HOW THE ECU USES IT: looked up by FUN_30160; X input = RAM 0xfef00af0; Y input = Engine speed (main) (RAM 0xFEF0258E).

AXES: X axis: 23 points, 28768 to 47269 raw; Y axis: 39 points, 0.00 to 19000 RPM.

VALUES (stock 5JCZSJ40): 70.0 to 47186 raw.

REFERENCE: data @0x152C04, X axis @0x1515C4, Y axis @0x152BB4, descriptor @0x151078, code FUN_30160."
Cluster A :: Curve [RAM_fef02642] 16pt FUN_28a16 #04C (flat),Unidentified - Cluster A (IDs 0x005-0x0AB); Flat Maps (unused/disabled?),0x150698,Function not yet identified. Name reflects the inputs the code feeds this table.,"Function not yet identified. Name reflects the inputs the code feeds this table.

HOW THE ECU USES IT: looked up by FUN_28a16; X input = RAM 0xfef02642.

AXES: X axis: 16 points, 1000 to 16000 RPM.

VALUES (stock 5JCZSJ40): 1280 to 1280 raw - every cell is the same (1280), so the function is probably disabled or unused in this calibration.

REFERENCE: data @0x150698, X axis @0x150678, descriptor @0x151094, code FUN_28a16."
Cluster A :: Map [? x RAM_fef00716] 5x5 FUN_28ac4 #04D,Unidentified - Cluster A (IDs 0x005-0x0AB),0x15160C,Function not yet identified. Name reflects the inputs the code feeds this table.,"Function not yet identified. Name reflects the inputs the code feeds this table.

HOW THE ECU USES IT: looked up by FUN_28ac4; X input = CALL(919c2); Y input = RAM 0xfef00716.

AXES: X axis: 5 points, 2.00 to 10.0 raw; Y axis: 5 points, 2.00 to 21.0 raw.

VALUES (stock 5JCZSJ40): 0.00 to 1172 raw.

REFERENCE: data @0x15160C, X axis @0x1515F4, Y axis @0x151600, descriptor @0x1510A8, code FUN_28ac4."
Cluster A :: Map [RPM x RAM_fef026d6] 39x4 FUN_290ea #04F,Unidentified - Cluster A (IDs 0x005-0x0AB),0x153358,Function not yet identified. Name reflects the inputs the code feeds this table.,"Function not yet identified. Name reflects the inputs the code feeds this table.

HOW THE ECU USES IT: looked up by FUN_290ea; X input = Engine speed (main) (RAM 0xFEF0258E); Y input = RAM 0xfef026d6.

AXES: X axis: 39 points, 800 to 12000 RPM; Y axis: 4 points, 0.00 to 3.00 raw.

VALUES (stock 5JCZSJ40): 0.00 to 5485 raw.

REFERENCE: data @0x153358, X axis @0x153308, Y axis @0x150568, descriptor @0x1510C4, code FUN_290ea."
Gear :: Map [RPM x Gear] 39x7 FUN_290ea #051,Gear Dependent; Unidentified - Cluster A (IDs 0x005-0x0AB),0x1534E0,"Gear-dependent setting. The gear axis is a bitmask: 1 = Neutral, 2 = 1st, 4 = 2nd, 8 = 3rd, 16 = 4th, 32 = 5th, 64 = 6th. (Family-level description - specific use not individually confirmed.)","Gear-dependent setting. The gear axis is a bitmask: 1 = Neutral, 2 = 1st, 4 = 2nd, 8 = 3rd, 16 = 4th, 32 = 5th, 64 = 6th. (Family-level description - specific use not individually confirmed.)

HOW THE ECU USES IT: looked up by FUN_290ea; X input = Engine speed (copy) (RAM 0xFEF0264C); Y input = Gear position bitmask (1=N, 2=1st ... 0x40=6th) from GP sensor ADC ch2E (RAM 0xFEF026C2).

AXES: X axis: 39 points, 800 to 12000 RPM; Y axis: 7 points, 1.00 to 64.0 gear bit.

VALUES (stock 5JCZSJ40): 0.00 to 5485 raw.

REFERENCE: data @0x1534E0, X axis @0x153490, Y axis @0x151640, descriptor @0x1510E0, code FUN_290ea."
Gear :: Map [RPM x Gear] 39x7 FUN_290ea #053,Gear Dependent; Unidentified - Cluster A (IDs 0x005-0x0AB),0x153754,"Gear-dependent setting. The gear axis is a bitmask: 1 = Neutral, 2 = 1st, 4 = 2nd, 8 = 3rd, 16 = 4th, 32 = 5th, 64 = 6th. (Family-level description - specific use not individually confirmed.)","Gear-dependent setting. The gear axis is a bitmask: 1 = Neutral, 2 = 1st, 4 = 2nd, 8 = 3rd, 16 = 4th, 32 = 5th, 64 = 6th. (Family-level description - specific use not individually confirmed.)

HOW THE ECU USES IT: looked up by FUN_290ea; X input = Engine speed (copy) (RAM 0xFEF0264C); Y input = Gear position bitmask (1=N, 2=1st ... 0x40=6th) from GP sensor ADC ch2E (RAM 0xFEF026C2).

AXES: X axis: 39 points, 800 to 12000 RPM; Y axis: 7 points, 1.00 to 64.0 gear bit.

VALUES (stock 5JCZSJ40): 0.00 to 5485 raw.

REFERENCE: data @0x153754, X axis @0x153704, Y axis @0x151650, descriptor @0x1510FC, code FUN_290ea."
Gear :: Map [RPM x Gear] 39x7 FUN_290ea #055,Gear Dependent; Unidentified - Cluster A (IDs 0x005-0x0AB),0x1539C8,"Gear-dependent setting. The gear axis is a bitmask: 1 = Neutral, 2 = 1st, 4 = 2nd, 8 = 3rd, 16 = 4th, 32 = 5th, 64 = 6th. (Family-level description - specific use not individually confirmed.)","Gear-dependent setting. The gear axis is a bitmask: 1 = Neutral, 2 = 1st, 4 = 2nd, 8 = 3rd, 16 = 4th, 32 = 5th, 64 = 6th. (Family-level description - specific use not individually confirmed.)

HOW THE ECU USES IT: looked up by FUN_290ea; X input = Engine speed (copy) (RAM 0xFEF0264C); Y input = Gear position bitmask (1=N, 2=1st ... 0x40=6th) from GP sensor ADC ch2E (RAM 0xFEF026C2).

AXES: X axis: 39 points, 800 to 12000 RPM; Y axis: 7 points, 1.00 to 64.0 gear bit.

VALUES (stock 5JCZSJ40): 0.00 to 5485 raw.

REFERENCE: data @0x1539C8, X axis @0x153978, Y axis @0x151660, descriptor @0x151118, code FUN_290ea."
Gear :: Map [RPM x Gear] 39x7 FUN_290ea #057 (flat),Gear Dependent; Unidentified - Cluster A (IDs 0x005-0x0AB); Flat Maps (unused/disabled?),0x153C3C,"Gear-dependent setting. The gear axis is a bitmask: 1 = Neutral, 2 = 1st, 4 = 2nd, 8 = 3rd, 16 = 4th, 32 = 5th, 64 = 6th. (Family-level description - specific use not individually confirmed.)","Gear-dependent setting. The gear axis is a bitmask: 1 = Neutral, 2 = 1st, 4 = 2nd, 8 = 3rd, 16 = 4th, 32 = 5th, 64 = 6th. (Family-level description - specific use not individually confirmed.)

HOW THE ECU USES IT: looked up by FUN_290ea; X input = Engine speed (copy) (RAM 0xFEF0264C); Y input = Gear position bitmask (1=N, 2=1st ... 0x40=6th) from GP sensor ADC ch2E (RAM 0xFEF026C2).

AXES: X axis: 39 points, 800 to 16000 RPM; Y axis: 7 points, 1.00 to 64.0 gear bit.

VALUES (stock 5JCZSJ40): 64.0 to 64.0 raw - every cell is the same (64.0), so the function is probably disabled or unused in this calibration.

REFERENCE: data @0x153C3C, X axis @0x153BEC, Y axis @0x151670, descriptor @0x151134, code FUN_290ea."
Gear :: Map [RPM x Gear] 39x7 FUN_290ea #059 (flat),Gear Dependent; Unidentified - Cluster A (IDs 0x005-0x0AB); Flat Maps (unused/disabled?),0x153DA0,"Gear-dependent setting. The gear axis is a bitmask: 1 = Neutral, 2 = 1st, 4 = 2nd, 8 = 3rd, 16 = 4th, 32 = 5th, 64 = 6th. (Family-level description - specific use not individually confirmed.)","Gear-dependent setting. The gear axis is a bitmask: 1 = Neutral, 2 = 1st, 4 = 2nd, 8 = 3rd, 16 = 4th, 32 = 5th, 64 = 6th. (Family-level description - specific use not individually confirmed.)

HOW THE ECU USES IT: looked up by FUN_290ea; X input = Engine speed (copy) (RAM 0xFEF0264C); Y input = Gear position bitmask (1=N, 2=1st ... 0x40=6th) from GP sensor ADC ch2E (RAM 0xFEF026C2).

AXES: X axis: 39 points, 800 to 16000 RPM; Y axis: 7 points, 1.00 to 64.0 gear bit.

VALUES (stock 5JCZSJ40): 64.0 to 64.0 raw - every cell is the same (64.0), so the function is probably disabled or unused in this calibration.

REFERENCE: data @0x153DA0, X axis @0x153D50, Y axis @0x151680, descriptor @0x151150, code FUN_290ea."
Gear :: Map [RPM x Gear] 39x7 FUN_290ea #05B (flat),Gear Dependent; Unidentified - Cluster A (IDs 0x005-0x0AB); Flat Maps (unused/disabled?),0x153F04,"Gear-dependent setting. The gear axis is a bitmask: 1 = Neutral, 2 = 1st, 4 = 2nd, 8 = 3rd, 16 = 4th, 32 = 5th, 64 = 6th. (Family-level description - specific use not individually confirmed.)","Gear-dependent setting. The gear axis is a bitmask: 1 = Neutral, 2 = 1st, 4 = 2nd, 8 = 3rd, 16 = 4th, 32 = 5th, 64 = 6th. (Family-level description - specific use not individually confirmed.)

HOW THE ECU USES IT: looked up by FUN_290ea; X input = Engine speed (copy) (RAM 0xFEF0264C); Y input = Gear position bitmask (1=N, 2=1st ... 0x40=6th) from GP sensor ADC ch2E (RAM 0xFEF026C2).

AXES: X axis: 39 points, 800 to 16000 RPM; Y axis: 7 points, 1.00 to 64.0 gear bit.

VALUES (stock 5JCZSJ40): 64.0 to 64.0 raw - every cell is the same (64.0), so the function is probably disabled or unused in this calibration.

REFERENCE: data @0x153F04, X axis @0x153EB4, Y axis @0x151690, descriptor @0x15116C, code FUN_290ea."
Cluster A :: Curve [TP] 37pt FUN_2ce16 #05D,Unidentified - Cluster A (IDs 0x005-0x0AB),0x154064,Function not yet identified. Name reflects the inputs the code feeds this table.,"Function not yet identified. Name reflects the inputs the code feeds this table.

HOW THE ECU USES IT: looked up by FUN_2ce16; X input = Throttle position (copy) (RAM 0xFEF02636).

AXES: X axis: 37 points, 0.00 to 127 deg (abs. TP angle).

VALUES (stock 5JCZSJ40): 282 to 972 raw.

REFERENCE: data @0x154064, X axis @0x154018, descriptor @0x151188, code FUN_2ce16."
Cluster A :: Curve [TP] 37pt FUN_2ce16 #05E,Unidentified - Cluster A (IDs 0x005-0x0AB),0x1540FC,Function not yet identified. Name reflects the inputs the code feeds this table.,"Function not yet identified. Name reflects the inputs the code feeds this table.

HOW THE ECU USES IT: looked up by FUN_2ce16; X input = Throttle position (copy) (RAM 0xFEF02636).

AXES: X axis: 37 points, 0.00 to 127 deg (abs. TP angle).

VALUES (stock 5JCZSJ40): 671 to 2048 raw.

REFERENCE: data @0x1540FC, X axis @0x1540B0, descriptor @0x15119C, code FUN_2ce16."
Cluster A :: Curve [RAM_fef00a3e] 36pt FUN_2d0f0 #05F,Unidentified - Cluster A (IDs 0x005-0x0AB),0x154190,Function not yet identified. Name reflects the inputs the code feeds this table.,"Function not yet identified. Name reflects the inputs the code feeds this table.

HOW THE ECU USES IT: looked up by FUN_2d0f0; X input = RAM 0xfef00a3e.

AXES: X axis: 36 points, 0.00 to 123 deg (TP angle).

VALUES (stock 5JCZSJ40): 32848 to 42941 raw.

REFERENCE: data @0x154190, X axis @0x154148, descriptor @0x1511B0, code FUN_2d0f0."
Cluster A :: Curve [RAM_fef0263c] 10pt FUN_2cb40 #060,Unidentified - Cluster A (IDs 0x005-0x0AB),0x1511D8,Function not yet identified. Name reflects the inputs the code feeds this table.,"Function not yet identified. Name reflects the inputs the code feeds this table.

HOW THE ECU USES IT: looked up by FUN_2cb40; X input = RAM 0xfef0263c.

AXES: X axis: 10 points, 500 to 8000 RPM.

VALUES (stock 5JCZSJ40): 2712 to 6694 raw.

REFERENCE: data @0x1511D8, X axis @0x1511C4, descriptor @0x1511EC, code FUN_2cb40."
Cluster A :: Curve [?] 16pt FUN_2f330 #061,Unidentified - Cluster A (IDs 0x005-0x0AB),0x1506D8,Function not yet identified. Name reflects the inputs the code feeds this table.,"Function not yet identified. Name reflects the inputs the code feeds this table.

HOW THE ECU USES IT: looked up by FUN_2f330; X input = .

AXES: X axis: 16 points, 31488 to 34048 raw.

VALUES (stock 5JCZSJ40): 30147 to 33423 raw.

REFERENCE: data @0x1506D8, X axis @0x1506B8, descriptor @0x151200, code FUN_2f330."
Cluster A :: Curve [?] 16pt FUN_2f3ec #062,Unidentified - Cluster A (IDs 0x005-0x0AB),0x150718,Function not yet identified. Name reflects the inputs the code feeds this table.,"Function not yet identified. Name reflects the inputs the code feeds this table.

HOW THE ECU USES IT: looked up by FUN_2f3ec; X input = .

AXES: X axis: 16 points, 31488 to 34048 raw.

VALUES (stock 5JCZSJ40): 30933 to 33423 raw.

REFERENCE: data @0x150718, X axis @0x1506F8, descriptor @0x151214, code FUN_2f3ec."
Cluster A :: Curve [?] 16pt FUN_2f39c #063,Unidentified - Cluster A (IDs 0x005-0x0AB),0x150758,Function not yet identified. Name reflects the inputs the code feeds this table.,"Function not yet identified. Name reflects the inputs the code feeds this table.

HOW THE ECU USES IT: looked up by FUN_2f39c; X input = .

AXES: X axis: 16 points, 31488 to 34048 raw.

VALUES (stock 5JCZSJ40): 30147 to 33423 raw.

REFERENCE: data @0x150758, X axis @0x150738, descriptor @0x151228, code FUN_2f39c."
Cluster A :: Curve [?] 16pt FUN_2f47c #064,Unidentified - Cluster A (IDs 0x005-0x0AB),0x150798,Function not yet identified. Name reflects the inputs the code feeds this table.,"Function not yet identified. Name reflects the inputs the code feeds this table.

HOW THE ECU USES IT: looked up by FUN_2f47c; X input = .

AXES: X axis: 16 points, 31488 to 34048 raw.

VALUES (stock 5JCZSJ40): 30933 to 33423 raw.

REFERENCE: data @0x150798, X axis @0x150778, descriptor @0x15123C, code FUN_2f47c."
Cluster A :: Curve [?] 16pt FUN_2f52a #065,Unidentified - Cluster A (IDs 0x005-0x0AB),0x1507D8,Function not yet identified. Name reflects the inputs the code feeds this table.,"Function not yet identified. Name reflects the inputs the code feeds this table.

HOW THE ECU USES IT: looked up by FUN_2f52a; X input = .

AXES: X axis: 16 points, 31488 to 35328 raw.

VALUES (stock 5JCZSJ40): 26214 to 35389 raw.

REFERENCE: data @0x1507D8, X axis @0x1507B8, descriptor @0x151250, code FUN_2f52a."
Cluster A :: Curve [RAM_fef026d5] 11pt FUN_29582 #066 (flat),Unidentified - Cluster A (IDs 0x005-0x0AB); Flat Maps (unused/disabled?),0x1516F4,Function not yet identified. Name reflects the inputs the code feeds this table.,"Function not yet identified. Name reflects the inputs the code feeds this table.

HOW THE ECU USES IT: looked up by FUN_29582; X input = RAM 0xfef026d5.

AXES: X axis: 11 points, 0.00 to 10.0 raw.

VALUES (stock 5JCZSJ40): 0.00 to 0.00 raw - every cell is the same (0.00), so the function is probably disabled or unused in this calibration.

REFERENCE: data @0x1516F4, X axis @0x1516A0, descriptor @0x151264, code FUN_29582."
Cluster A :: Curve [RAM_fef0268c] 37pt FUN_28508 #067,Unidentified - Cluster A (IDs 0x005-0x0AB),0x154224,Function not yet identified. Name reflects the inputs the code feeds this table.,"Function not yet identified. Name reflects the inputs the code feeds this table.

HOW THE ECU USES IT: looked up by FUN_28508; X input = RAM 0xfef0268c.

AXES: X axis: 37 points, 16384 to 49152 raw.

VALUES (stock 5JCZSJ40): 0.00 to 65535 raw.

REFERENCE: data @0x154224, X axis @0x1541D8, descriptor @0x151278, code FUN_28508."
Cluster A :: Curve [RAM_fef009f2] 14pt FUN_2f2e0 #068,Unidentified - Cluster A (IDs 0x005-0x0AB),0x1512A8,Function not yet identified. Name reflects the inputs the code feeds this table.,"Function not yet identified. Name reflects the inputs the code feeds this table.

HOW THE ECU USES IT: looked up by FUN_2f2e0; X input = RAM 0xfef009f2.

AXES: X axis: 14 points, 1500 to 12000 RPM.

VALUES (stock 5JCZSJ40): 36.0 to 74.0 raw.

REFERENCE: data @0x1512A8, X axis @0x15128C, descriptor @0x1512C4, code FUN_2f2e0."
Cluster A :: Curve [RAM_fef009f2] 16pt FUN_2f508 #069 (flat),Unidentified - Cluster A (IDs 0x005-0x0AB); Flat Maps (unused/disabled?),0x150818,Function not yet identified. Name reflects the inputs the code feeds this table.,"Function not yet identified. Name reflects the inputs the code feeds this table.

HOW THE ECU USES IT: looked up by FUN_2f508; X input = RAM 0xfef009f2.

AXES: X axis: 16 points, 1500 to 9000 RPM.

VALUES (stock 5JCZSJ40): 0.00 to 0.00 raw - every cell is the same (0.00), so the function is probably disabled or unused in this calibration.

REFERENCE: data @0x150818, X axis @0x1507F8, descriptor @0x1512D8, code FUN_2f508."
Cluster A :: Curve [?] 16pt FUN_30064 #06A (flat),Unidentified - Cluster A (IDs 0x005-0x0AB); Flat Maps (unused/disabled?),0x150858,Function not yet identified. Name reflects the inputs the code feeds this table.,"Function not yet identified. Name reflects the inputs the code feeds this table.

HOW THE ECU USES IT: looked up by FUN_30064; X input = .

AXES: X axis: 16 points, 31488 to 34048 raw.

VALUES (stock 5JCZSJ40): 65535 to 65535 raw - every cell is the same (65535), so the function is probably disabled or unused in this calibration.

REFERENCE: data @0x150858, X axis @0x150838, descriptor @0x1512EC, code FUN_30064."
ECT Comp :: Curve [ECT] 6pt FUN_3dafa #06C (flat),ECT Compensation; Unidentified - Cluster A (IDs 0x005-0x0AB); Flat Maps (unused/disabled?),0x154500,Engine-coolant-temperature compensation (warm-up / cold-start / temperature-dependent correction). (Family-level description - specific use not individually confirmed.),"Engine-coolant-temperature compensation (warm-up / cold-start / temperature-dependent correction). (Family-level description - specific use not individually confirmed.)

HOW THE ECU USES IT: looked up by FUN_3dafa; X input = Engine coolant temperature (ADC ch2D), 8-bit (RAM 0xFEF026BD).

AXES: X axis: 6 points, 40.3 to 90.0 deg C.

VALUES (stock 5JCZSJ40): 47514 to 47514 raw - every cell is the same (47514), so the function is probably disabled or unused in this calibration.

REFERENCE: data @0x154500, X axis @0x1544F4, descriptor @0x15450C, code FUN_3dafa."
Pressure Comp :: Map [AP x RPM] 10x14 FUN_3bca6 #06D (flat),Pressure Compensation; Unidentified - Cluster A (IDs 0x005-0x0AB); Flat Maps (unused/disabled?),0x154604,Pressure-dependent correction indexed by manifold pressure (IAP) or barometric pressure (AP) - typically altitude / load compensation. (Family-level description - specific use not individually confirmed.),"Pressure-dependent correction indexed by manifold pressure (IAP) or barometric pressure (AP) - typically altitude / load compensation. (Family-level description - specific use not individually confirmed.)

HOW THE ECU USES IT: looked up by FUN_3bca6; X input = Barometric/atmospheric pressure (AP sensor, ADC ch30) - used as the reference in calculated load and vacuum (RAM 0xFEF025C0); Y input = Engine speed (main) (RAM 0xFEF0258E).

AXES: X axis: 10 points, 67.3 to 103 kPa; Y axis: 14 points, 2100 to 8500 RPM.

VALUES (stock 5JCZSJ40): 21229 to 21229 raw - every cell is the same (21229), so the function is probably disabled or unused in this calibration.

REFERENCE: data @0x154604, X axis @0x154520, Y axis @0x154534, descriptor @0x154550, code FUN_3bca6."
Pressure Comp :: Curve [AP] 8pt FUN_3efa0 #070,Pressure Compensation; Unidentified - Cluster A (IDs 0x005-0x0AB),0x1544B0,Pressure-dependent correction indexed by manifold pressure (IAP) or barometric pressure (AP) - typically altitude / load compensation. (Family-level description - specific use not individually confirmed.),"Pressure-dependent correction indexed by manifold pressure (IAP) or barometric pressure (AP) - typically altitude / load compensation. (Family-level description - specific use not individually confirmed.)

HOW THE ECU USES IT: looked up by FUN_3efa0; X input = Barometric/atmospheric pressure (AP sensor, ADC ch30) - used as the reference in calculated load and vacuum (RAM 0xFEF025C0).

AXES: X axis: 8 points, 50.0 to 110 kPa.

VALUES (stock 5JCZSJ40): 63.0 to 128 raw.

REFERENCE: data @0x1544B0, X axis @0x1544B8, descriptor @0x1545AC, code FUN_3efa0."
IAT Comp :: Curve [IAT] 10pt FUN_3efa0 #071,IAT Compensation; Unidentified - Cluster A (IDs 0x005-0x0AB),0x1545F8,Intake-air-temperature compensation (air-density / temperature correction). (Family-level description - specific use not individually confirmed.),"Intake-air-temperature compensation (air-density / temperature correction). (Family-level description - specific use not individually confirmed.)

HOW THE ECU USES IT: looked up by FUN_3efa0; X input = Intake air temperature (ADC ch02, 8-bit) - used in calculated-load density correction (RAM 0xFEF026C3).

AXES: X axis: 10 points, -15.0 to 105 deg C.

VALUES (stock 5JCZSJ40): 74.0 to 128 raw.

REFERENCE: data @0x1545F8, X axis @0x1545EC, descriptor @0x1545C0, code FUN_3efa0."
ECT Comp :: Curve [ECT] 22pt FUN_49456 #073,ECT Compensation; Unidentified - Cluster A (IDs 0x005-0x0AB),0x15739C,Engine-coolant-temperature compensation (warm-up / cold-start / temperature-dependent correction). (Family-level description - specific use not individually confirmed.),"Engine-coolant-temperature compensation (warm-up / cold-start / temperature-dependent correction). (Family-level description - specific use not individually confirmed.)

HOW THE ECU USES IT: looked up by FUN_49456; X input = Engine coolant temperature (ADC ch2D), 8-bit (RAM 0xFEF026BD).

AXES: X axis: 22 points, -19.7 to 190 deg C.

VALUES (stock 5JCZSJ40): 147 to 184 raw.

REFERENCE: data @0x15739C, X axis @0x154DCC, descriptor @0x154E48, code FUN_49456."
ECT Comp :: Curve [ECT] 22pt FUN_49456 #074,ECT Compensation; Unidentified - Cluster A (IDs 0x005-0x0AB),0x1573B4,Engine-coolant-temperature compensation (warm-up / cold-start / temperature-dependent correction). (Family-level description - specific use not individually confirmed.),"Engine-coolant-temperature compensation (warm-up / cold-start / temperature-dependent correction). (Family-level description - specific use not individually confirmed.)

HOW THE ECU USES IT: looked up by FUN_49456; X input = Engine coolant temperature (ADC ch2D), 8-bit (RAM 0xFEF026BD).

AXES: X axis: 22 points, -19.7 to 190 deg C.

VALUES (stock 5JCZSJ40): 147 to 184 raw.

REFERENCE: data @0x1573B4, X axis @0x154DCC, descriptor @0x154E5C, code FUN_49456."
ECT Comp :: Curve [ECT] 22pt FUN_49456 #075 (flat),ECT Compensation; Unidentified - Cluster A (IDs 0x005-0x0AB); Flat Maps (unused/disabled?),0x1573CC,Engine-coolant-temperature compensation (warm-up / cold-start / temperature-dependent correction). (Family-level description - specific use not individually confirmed.),"Engine-coolant-temperature compensation (warm-up / cold-start / temperature-dependent correction). (Family-level description - specific use not individually confirmed.)

HOW THE ECU USES IT: looked up by FUN_49456; X input = Engine coolant temperature (ADC ch2D), 8-bit (RAM 0xFEF026BD).

AXES: X axis: 22 points, -19.7 to 190 deg C.

VALUES (stock 5JCZSJ40): 128 to 128 raw - every cell is the same (128), so the function is probably disabled or unused in this calibration.

REFERENCE: data @0x1573CC, X axis @0x154DCC, descriptor @0x154E70, code FUN_49456."
Cluster A :: Curve [RAM_fef02604] 8pt FUN_46354 #076,Unidentified - Cluster A (IDs 0x005-0x0AB),0x1549FC,Function not yet identified. Name reflects the inputs the code feeds this table.,"Function not yet identified. Name reflects the inputs the code feeds this table.

HOW THE ECU USES IT: looked up by FUN_46354; X input = RAM 0xfef02604.

AXES: X axis: 8 points, 32768 to 48512 raw.

VALUES (stock 5JCZSJ40): 43.0 to 72.0 raw.

REFERENCE: data @0x1549FC, X axis @0x154B2C, descriptor @0x154E84, code FUN_46354."
Cluster A :: Curve [TP] 9pt FUN_46354 #077,Unidentified - Cluster A (IDs 0x005-0x0AB),0x157C84,Function not yet identified. Name reflects the inputs the code feeds this table.,"Function not yet identified. Name reflects the inputs the code feeds this table.

HOW THE ECU USES IT: looked up by FUN_46354; X input = Throttle valve position (selected/fail-safe) (RAM 0xFEF025FE).

AXES: X axis: 9 points, 0.00 to 90.0 deg (abs. TP angle).

VALUES (stock 5JCZSJ40): 0.00 to 13.0 raw.

REFERENCE: data @0x157C84, X axis @0x1573E4, descriptor @0x154E98, code FUN_46354."
ECT Comp :: Curve [ECT] 22pt FUN_46354 #078,ECT Compensation; Unidentified - Cluster A (IDs 0x005-0x0AB),0x1573F8,Engine-coolant-temperature compensation (warm-up / cold-start / temperature-dependent correction). (Family-level description - specific use not individually confirmed.),"Engine-coolant-temperature compensation (warm-up / cold-start / temperature-dependent correction). (Family-level description - specific use not individually confirmed.)

HOW THE ECU USES IT: looked up by FUN_46354; X input = Engine coolant temperature (ADC ch2D), 8-bit (RAM 0xFEF026BD).

AXES: X axis: 22 points, -19.7 to 190 deg C.

VALUES (stock 5JCZSJ40): 28.0 to 65.0 raw.

REFERENCE: data @0x1573F8, X axis @0x154DCC, descriptor @0x154EAC, code FUN_46354."
Pressure Comp :: Curve [AP] 21pt FUN_46354 #079,Pressure Compensation; Unidentified - Cluster A (IDs 0x005-0x0AB),0x157C90,Pressure-dependent correction indexed by manifold pressure (IAP) or barometric pressure (AP) - typically altitude / load compensation. (Family-level description - specific use not individually confirmed.),"Pressure-dependent correction indexed by manifold pressure (IAP) or barometric pressure (AP) - typically altitude / load compensation. (Family-level description - specific use not individually confirmed.)

HOW THE ECU USES IT: looked up by FUN_46354; X input = Barometric/atmospheric pressure (AP sensor, ADC ch30) - used as the reference in calculated load and vacuum (RAM 0xFEF025C0).

AXES: X axis: 21 points, 65.3 to 105 kPa.

VALUES (stock 5JCZSJ40): 102 to 132 raw.

REFERENCE: data @0x157C90, X axis @0x157410, descriptor @0x154EC0, code FUN_46354."
Cluster A :: Curve [RPM] 13pt FUN_46354 #07A,Unidentified - Cluster A (IDs 0x005-0x0AB),0x157CA8,Function not yet identified. Name reflects the inputs the code feeds this table.,"Function not yet identified. Name reflects the inputs the code feeds this table.

HOW THE ECU USES IT: looked up by FUN_46354; X input = Engine speed (main) (RAM 0xFEF0258E).

AXES: X axis: 13 points, 1200 to 6000 RPM.

VALUES (stock 5JCZSJ40): 0.00 to 77.0 raw.

REFERENCE: data @0x157CA8, X axis @0x15743C, descriptor @0x154ED4, code FUN_46354."
IAT Comp :: Curve [IAT] 25pt FUN_46354 #07B,IAT Compensation; Unidentified - Cluster A (IDs 0x005-0x0AB),0x157CD4,Intake-air-temperature compensation (air-density / temperature correction). (Family-level description - specific use not individually confirmed.),"Intake-air-temperature compensation (air-density / temperature correction). (Family-level description - specific use not individually confirmed.)

HOW THE ECU USES IT: looked up by FUN_46354; X input = Intake air temperature (ADC ch02, 8-bit) - used in calculated-load density correction (RAM 0xFEF026C3).

AXES: X axis: 25 points, -15.0 to 165 deg C.

VALUES (stock 5JCZSJ40): 118 to 142 raw.

REFERENCE: data @0x157CD4, X axis @0x157CB8, descriptor @0x154EE8, code FUN_46354."
ECT Comp :: Curve [ECT] 22pt FUN_45810 #07C,ECT Compensation; Unidentified - Cluster A (IDs 0x005-0x0AB),0x157470,Engine-coolant-temperature compensation (warm-up / cold-start / temperature-dependent correction). (Family-level description - specific use not individually confirmed.),"Engine-coolant-temperature compensation (warm-up / cold-start / temperature-dependent correction). (Family-level description - specific use not individually confirmed.)

HOW THE ECU USES IT: looked up by FUN_45810; X input = Engine coolant temperature (ADC ch2D), 8-bit (RAM 0xFEF026BD).

AXES: X axis: 22 points, -19.7 to 140 deg C.

VALUES (stock 5JCZSJ40): 8.00 to 246 raw.

REFERENCE: data @0x157470, X axis @0x157458, descriptor @0x154EFC, code FUN_45810."
ECT Comp :: Curve [ECT] 22pt FUN_457ee #07D,ECT Compensation; Unidentified - Cluster A (IDs 0x005-0x0AB),0x1574A0,Engine-coolant-temperature compensation (warm-up / cold-start / temperature-dependent correction). (Family-level description - specific use not individually confirmed.),"Engine-coolant-temperature compensation (warm-up / cold-start / temperature-dependent correction). (Family-level description - specific use not individually confirmed.)

HOW THE ECU USES IT: looked up by FUN_457ee; X input = Engine coolant temperature (ADC ch2D), 8-bit (RAM 0xFEF026BD).

AXES: X axis: 22 points, -19.7 to 140 deg C.

VALUES (stock 5JCZSJ40): 0.00 to 246 raw.

REFERENCE: data @0x1574A0, X axis @0x157488, descriptor @0x154F10, code FUN_457ee."
Cluster A :: Curve [RAM_fef0259c] 11pt FUN_45910 #07E,Unidentified - Cluster A (IDs 0x005-0x0AB),0x157CF0,Function not yet identified. Name reflects the inputs the code feeds this table.,"Function not yet identified. Name reflects the inputs the code feeds this table.

HOW THE ECU USES IT: looked up by FUN_45910; X input = RAM 0xfef0259c.

AXES: X axis: 11 points, 614 to 3174 raw.

VALUES (stock 5JCZSJ40): 79.0 to 96.0 raw.

REFERENCE: data @0x157CF0, X axis @0x1574B8, descriptor @0x154F24, code FUN_45910."
Cluster A :: Curve [TP] 6pt FUN_45832 #07F (flat),Unidentified - Cluster A (IDs 0x005-0x0AB); Flat Maps (unused/disabled?),0x154AAC,Function not yet identified. Name reflects the inputs the code feeds this table.,"Function not yet identified. Name reflects the inputs the code feeds this table.

HOW THE ECU USES IT: looked up by FUN_45832; X input = PHI[C:0, RAM 0xfef025fe].

AXES: X axis: 6 points, 0.00 to 113 deg (TP angle).

VALUES (stock 5JCZSJ40): 128 to 128 raw - every cell is the same (128), so the function is probably disabled or unused in this calibration.

REFERENCE: data @0x154AAC, X axis @0x154F38, descriptor @0x154F44, code FUN_45832."
Pressure Comp :: Curve [AP] 8pt FUN_45860 #080,Pressure Compensation; Unidentified - Cluster A (IDs 0x005-0x0AB),0x154A04,Pressure-dependent correction indexed by manifold pressure (IAP) or barometric pressure (AP) - typically altitude / load compensation. (Family-level description - specific use not individually confirmed.),"Pressure-dependent correction indexed by manifold pressure (IAP) or barometric pressure (AP) - typically altitude / load compensation. (Family-level description - specific use not individually confirmed.)

HOW THE ECU USES IT: looked up by FUN_45860; X input = Barometric/atmospheric pressure (AP sensor, ADC ch30) - used as the reference in calculated load and vacuum (RAM 0xFEF025C0).

AXES: X axis: 8 points, 52.9 to 126 kPa.

VALUES (stock 5JCZSJ40): 60.0 to 141 raw.

REFERENCE: data @0x154A04, X axis @0x154B3C, descriptor @0x154F58, code FUN_45860."
ECT Comp :: Curve [ECT] 22pt FUN_47a84 #081,ECT Compensation; Unidentified - Cluster A (IDs 0x005-0x0AB),0x1574D0,Engine-coolant-temperature compensation (warm-up / cold-start / temperature-dependent correction). (Family-level description - specific use not individually confirmed.),"Engine-coolant-temperature compensation (warm-up / cold-start / temperature-dependent correction). (Family-level description - specific use not individually confirmed.)

HOW THE ECU USES IT: looked up by FUN_47a84; X input = Engine coolant temperature (ADC ch2D), 8-bit (RAM 0xFEF026BD).

AXES: X axis: 22 points, -19.7 to 190 deg C.

VALUES (stock 5JCZSJ40): 124 to 156 raw.

REFERENCE: data @0x1574D0, X axis @0x154DCC, descriptor @0x154F6C, code FUN_47a84."
ECT Comp :: Curve [ECT] 22pt FUN_47a84 #082,ECT Compensation; Unidentified - Cluster A (IDs 0x005-0x0AB),0x1574E8,Engine-coolant-temperature compensation (warm-up / cold-start / temperature-dependent correction). (Family-level description - specific use not individually confirmed.),"Engine-coolant-temperature compensation (warm-up / cold-start / temperature-dependent correction). (Family-level description - specific use not individually confirmed.)

HOW THE ECU USES IT: looked up by FUN_47a84; X input = Engine coolant temperature (ADC ch2D), 8-bit (RAM 0xFEF026BD).

AXES: X axis: 22 points, -19.7 to 190 deg C.

VALUES (stock 5JCZSJ40): 124 to 156 raw.

REFERENCE: data @0x1574E8, X axis @0x154DCC, descriptor @0x154F80, code FUN_47a84."
Cluster A :: Curve [?] 21pt FUN_4934c #083,Unidentified - Cluster A (IDs 0x005-0x0AB),0x157CFC,Function not yet identified. Name reflects the inputs the code feeds this table.,"Function not yet identified. Name reflects the inputs the code feeds this table.

HOW THE ECU USES IT: looked up by FUN_4934c; X input = param0.

AXES: X axis: 21 points, 27520 to 57005 raw.

VALUES (stock 5JCZSJ40): 84.0 to 153 raw.

REFERENCE: data @0x157CFC, X axis @0x157500, descriptor @0x154F94, code FUN_4934c."
Cluster A :: Curve [?] 21pt FUN_4936c #084,Unidentified - Cluster A (IDs 0x005-0x0AB),0x157D14,Function not yet identified. Name reflects the inputs the code feeds this table.,"Function not yet identified. Name reflects the inputs the code feeds this table.

HOW THE ECU USES IT: looked up by FUN_4936c; X input = param0.

AXES: X axis: 21 points, 27520 to 57005 raw.

VALUES (stock 5JCZSJ40): 63.0 to 159 raw.

REFERENCE: data @0x157D14, X axis @0x15752C, descriptor @0x154FA8, code FUN_4936c."
IAT Comp :: Curve [IAT] 21pt FUN_47b6c #085,IAT Compensation; Unidentified - Cluster A (IDs 0x005-0x0AB),0x157D44,Intake-air-temperature compensation (air-density / temperature correction). (Family-level description - specific use not individually confirmed.),"Intake-air-temperature compensation (air-density / temperature correction). (Family-level description - specific use not individually confirmed.)

HOW THE ECU USES IT: looked up by FUN_47b6c; X input = Intake air temperature (ADC ch02, 8-bit) - used in calculated-load density correction (RAM 0xFEF026C3).

AXES: X axis: 21 points, -15.0 to 135 deg C.

VALUES (stock 5JCZSJ40): 109 to 166 raw.

REFERENCE: data @0x157D44, X axis @0x157D2C, descriptor @0x154FBC, code FUN_47b6c."
ECT Comp :: Curve [ECT] 22pt FUN_4c15e #089,ECT Compensation; Unidentified - Cluster A (IDs 0x005-0x0AB),0x157558,Engine-coolant-temperature compensation (warm-up / cold-start / temperature-dependent correction). (Family-level description - specific use not individually confirmed.),"Engine-coolant-temperature compensation (warm-up / cold-start / temperature-dependent correction). (Family-level description - specific use not individually confirmed.)

HOW THE ECU USES IT: looked up by FUN_4c15e; X input = Engine coolant temperature (ADC ch2D), 8-bit (RAM 0xFEF026BD).

AXES: X axis: 22 points, -19.7 to 190 deg C.

VALUES (stock 5JCZSJ40): 2.00 to 41.0 raw.

REFERENCE: data @0x157558, X axis @0x154DCC, descriptor @0x155090, code FUN_4c15e."
ECT Comp :: Curve [ECT] 22pt FUN_4c15e #08A (flat),ECT Compensation; Unidentified - Cluster A (IDs 0x005-0x0AB); Flat Maps (unused/disabled?),0x157570,Engine-coolant-temperature compensation (warm-up / cold-start / temperature-dependent correction). (Family-level description - specific use not individually confirmed.),"Engine-coolant-temperature compensation (warm-up / cold-start / temperature-dependent correction). (Family-level description - specific use not individually confirmed.)

HOW THE ECU USES IT: looked up by FUN_4c15e; X input = Engine coolant temperature (ADC ch2D), 8-bit (RAM 0xFEF026BD).

AXES: X axis: 22 points, -19.7 to 190 deg C.

VALUES (stock 5JCZSJ40): 1.00 to 1.00 raw - every cell is the same (1.00), so the function is probably disabled or unused in this calibration.

REFERENCE: data @0x157570, X axis @0x154DCC, descriptor @0x1550A4, code FUN_4c15e."
ECT Comp :: Curve [ECT] 22pt FUN_4c15e #08B (flat),ECT Compensation; Unidentified - Cluster A (IDs 0x005-0x0AB); Flat Maps (unused/disabled?),0x157588,Engine-coolant-temperature compensation (warm-up / cold-start / temperature-dependent correction). (Family-level description - specific use not individually confirmed.),"Engine-coolant-temperature compensation (warm-up / cold-start / temperature-dependent correction). (Family-level description - specific use not individually confirmed.)

HOW THE ECU USES IT: looked up by FUN_4c15e; X input = Engine coolant temperature (ADC ch2D), 8-bit (RAM 0xFEF026BD).

AXES: X axis: 22 points, -19.7 to 190 deg C.

VALUES (stock 5JCZSJ40): 1.00 to 1.00 raw - every cell is the same (1.00), so the function is probably disabled or unused in this calibration.

REFERENCE: data @0x157588, X axis @0x154DCC, descriptor @0x1550B8, code FUN_4c15e."
Cluster A :: Curve [RPM] 17pt FUN_4b346 #08C,Unidentified - Cluster A (IDs 0x005-0x0AB),0x1575C4,Function not yet identified. Name reflects the inputs the code feeds this table.,"Function not yet identified. Name reflects the inputs the code feeds this table.

HOW THE ECU USES IT: looked up by FUN_4b346; X input = param0.

AXES: X axis: 17 points, 1200 to 11600 RPM.

VALUES (stock 5JCZSJ40): 17062 to 33967 raw.

REFERENCE: data @0x1575C4, X axis @0x1575A0, descriptor @0x1550CC, code FUN_4b346."
ECT Comp :: Curve [ECT] 14pt FUN_4b528 #08D,ECT Compensation; Unidentified - Cluster A (IDs 0x005-0x0AB),0x1575F8,Engine-coolant-temperature compensation (warm-up / cold-start / temperature-dependent correction). (Family-level description - specific use not individually confirmed.),"Engine-coolant-temperature compensation (warm-up / cold-start / temperature-dependent correction). (Family-level description - specific use not individually confirmed.)

HOW THE ECU USES IT: looked up by FUN_4b528; X input = Engine coolant temperature (ADC ch2D), 8-bit (RAM 0xFEF026BD).

AXES: X axis: 14 points, -19.7 to 110 deg C.

VALUES (stock 5JCZSJ40): 11.0 to 90.0 raw.

REFERENCE: data @0x1575F8, X axis @0x1575E8, descriptor @0x1550E0, code FUN_4b528."
ECT Comp :: Curve [ECT] 14pt FUN_4b528 #08E,ECT Compensation; Unidentified - Cluster A (IDs 0x005-0x0AB),0x157618,Engine-coolant-temperature compensation (warm-up / cold-start / temperature-dependent correction). (Family-level description - specific use not individually confirmed.),"Engine-coolant-temperature compensation (warm-up / cold-start / temperature-dependent correction). (Family-level description - specific use not individually confirmed.)

HOW THE ECU USES IT: looked up by FUN_4b528; X input = Engine coolant temperature (ADC ch2D), 8-bit (RAM 0xFEF026BD).

AXES: X axis: 14 points, -19.7 to 110 deg C.

VALUES (stock 5JCZSJ40): 0.00 to 191 raw.

REFERENCE: data @0x157618, X axis @0x157608, descriptor @0x1550F4, code FUN_4b528."
Cluster A :: Curve [RPM] 17pt FUN_4b43a #08F,Unidentified - Cluster A (IDs 0x005-0x0AB),0x157D5C,Function not yet identified. Name reflects the inputs the code feeds this table.,"Function not yet identified. Name reflects the inputs the code feeds this table.

HOW THE ECU USES IT: looked up by FUN_4b43a; X input = param0.

AXES: X axis: 17 points, 1200 to 11600 RPM.

VALUES (stock 5JCZSJ40): 45.0 to 64.0 raw.

REFERENCE: data @0x157D5C, X axis @0x157628, descriptor @0x155108, code FUN_4b43a."
Cluster A :: Curve [RPM] 17pt FUN_4b43a #090,Unidentified - Cluster A (IDs 0x005-0x0AB),0x157D70,Function not yet identified. Name reflects the inputs the code feeds this table.,"Function not yet identified. Name reflects the inputs the code feeds this table.

HOW THE ECU USES IT: looked up by FUN_4b43a; X input = param0.

AXES: X axis: 17 points, 1200 to 11600 RPM.

VALUES (stock 5JCZSJ40): 45.0 to 64.0 raw.

REFERENCE: data @0x157D70, X axis @0x15764C, descriptor @0x15511C, code FUN_4b43a."
Cluster A :: Curve [RPM] 10pt FUN_4abfc #091,Unidentified - Cluster A (IDs 0x005-0x0AB),0x155144,Function not yet identified. Name reflects the inputs the code feeds this table.,"Function not yet identified. Name reflects the inputs the code feeds this table.

HOW THE ECU USES IT: looked up by FUN_4abfc; X input = Engine speed (main) (RAM 0xFEF0258E).

AXES: X axis: 10 points, 1600 to 8800 RPM.

VALUES (stock 5JCZSJ40): 0.00 to 256 raw.

REFERENCE: data @0x155144, X axis @0x155130, descriptor @0x155158, code FUN_4abfc."
Cluster A :: Curve [RPM] 39pt FUN_4abb6 #092 (flat),Unidentified - Cluster A (IDs 0x005-0x0AB); Flat Maps (unused/disabled?),0x157E48,Function not yet identified. Name reflects the inputs the code feeds this table.,"Function not yet identified. Name reflects the inputs the code feeds this table.

HOW THE ECU USES IT: looked up by FUN_4abb6; X input = Engine speed (main) (RAM 0xFEF0258E).

AXES: X axis: 39 points, 800 to 16000 RPM.

VALUES (stock 5JCZSJ40): 194 to 194 raw - every cell is the same (194), so the function is probably disabled or unused in this calibration.

REFERENCE: data @0x157E48, X axis @0x157DF8, descriptor @0x15516C, code FUN_4abb6."
Cluster A :: Curve [RPM] 39pt FUN_4abb6 #093 (flat),Unidentified - Cluster A (IDs 0x005-0x0AB); Flat Maps (unused/disabled?),0x157EE8,Function not yet identified. Name reflects the inputs the code feeds this table.,"Function not yet identified. Name reflects the inputs the code feeds this table.

HOW THE ECU USES IT: looked up by FUN_4abb6; X input = Engine speed (main) (RAM 0xFEF0258E).

AXES: X axis: 39 points, 800 to 16000 RPM.

VALUES (stock 5JCZSJ40): 126 to 126 raw - every cell is the same (126), so the function is probably disabled or unused in this calibration.

REFERENCE: data @0x157EE8, X axis @0x157E98, descriptor @0x155180, code FUN_4abb6."
Cluster A :: Curve [RPM] 7pt FUN_43eea #095,Unidentified - Cluster A (IDs 0x005-0x0AB),0x154AB4,Function not yet identified. Name reflects the inputs the code feeds this table.,"Function not yet identified. Name reflects the inputs the code feeds this table.

HOW THE ECU USES IT: looked up by FUN_43eea; X input = Engine speed (main) (RAM 0xFEF0258E).

AXES: X axis: 7 points, 2050 to 4350 RPM.

VALUES (stock 5JCZSJ40): 8.00 to 9.00 raw.

REFERENCE: data @0x154AB4, X axis @0x157670, descriptor @0x1551D4, code FUN_43eea."
Cluster A :: Curve [RPM] 7pt FUN_43eea #096,Unidentified - Cluster A (IDs 0x005-0x0AB),0x154ABC,Function not yet identified. Name reflects the inputs the code feeds this table.,"Function not yet identified. Name reflects the inputs the code feeds this table.

HOW THE ECU USES IT: looked up by FUN_43eea; X input = Engine speed (main) (RAM 0xFEF0258E).

AXES: X axis: 7 points, 2050 to 4350 RPM.

VALUES (stock 5JCZSJ40): 8.00 to 9.00 raw.

REFERENCE: data @0x154ABC, X axis @0x157680, descriptor @0x1551E8, code FUN_43eea."
Cluster A :: Curve [RPM] 7pt FUN_43f1c #097,Unidentified - Cluster A (IDs 0x005-0x0AB),0x154AC4,Function not yet identified. Name reflects the inputs the code feeds this table.,"Function not yet identified. Name reflects the inputs the code feeds this table.

HOW THE ECU USES IT: looked up by FUN_43f1c; X input = Engine speed (main) (RAM 0xFEF0258E).

AXES: X axis: 7 points, 2050 to 4350 RPM.

VALUES (stock 5JCZSJ40): 8.00 to 9.00 raw.

REFERENCE: data @0x154AC4, X axis @0x157690, descriptor @0x1551FC, code FUN_43f1c."
Cluster A :: Curve [RPM] 7pt FUN_43f1c #098,Unidentified - Cluster A (IDs 0x005-0x0AB),0x154ACC,Function not yet identified. Name reflects the inputs the code feeds this table.,"Function not yet identified. Name reflects the inputs the code feeds this table.

HOW THE ECU USES IT: looked up by FUN_43f1c; X input = Engine speed (main) (RAM 0xFEF0258E).

AXES: X axis: 7 points, 2050 to 4350 RPM.

VALUES (stock 5JCZSJ40): 8.00 to 9.00 raw.

REFERENCE: data @0x154ACC, X axis @0x1576A0, descriptor @0x155210, code FUN_43f1c."
Cluster A :: Curve [RPM] 7pt FUN_43ffa #099,Unidentified - Cluster A (IDs 0x005-0x0AB),0x154AD4,Function not yet identified. Name reflects the inputs the code feeds this table.,"Function not yet identified. Name reflects the inputs the code feeds this table.

HOW THE ECU USES IT: looked up by FUN_43ffa; X input = Engine speed (main) (RAM 0xFEF0258E).

AXES: X axis: 7 points, 2000 to 4350 RPM.

VALUES (stock 5JCZSJ40): 3.00 to 10.0 raw.

REFERENCE: data @0x154AD4, X axis @0x1576B0, descriptor @0x155224, code FUN_43ffa."
Cluster A :: Curve [RPM] 7pt FUN_43ffa #09A,Unidentified - Cluster A (IDs 0x005-0x0AB),0x154ADC,Function not yet identified. Name reflects the inputs the code feeds this table.,"Function not yet identified. Name reflects the inputs the code feeds this table.

HOW THE ECU USES IT: looked up by FUN_43ffa; X input = Engine speed (main) (RAM 0xFEF0258E).

AXES: X axis: 7 points, 2000 to 4350 RPM.

VALUES (stock 5JCZSJ40): 3.00 to 10.0 raw.

REFERENCE: data @0x154ADC, X axis @0x1576C0, descriptor @0x155238, code FUN_43ffa."
Cluster A :: Curve [RPM] 7pt FUN_4409a #09B,Unidentified - Cluster A (IDs 0x005-0x0AB),0x154AE4,Function not yet identified. Name reflects the inputs the code feeds this table.,"Function not yet identified. Name reflects the inputs the code feeds this table.

HOW THE ECU USES IT: looked up by FUN_4409a; X input = Engine speed (main) (RAM 0xFEF0258E).

AXES: X axis: 7 points, 2000 to 4350 RPM.

VALUES (stock 5JCZSJ40): 0.00 to 5.00 raw.

REFERENCE: data @0x154AE4, X axis @0x1576D0, descriptor @0x15524C, code FUN_4409a."
Cluster A :: Curve [RPM] 7pt FUN_4409a #09C,Unidentified - Cluster A (IDs 0x005-0x0AB),0x154AEC,Function not yet identified. Name reflects the inputs the code feeds this table.,"Function not yet identified. Name reflects the inputs the code feeds this table.

HOW THE ECU USES IT: looked up by FUN_4409a; X input = Engine speed (main) (RAM 0xFEF0258E).

AXES: X axis: 7 points, 2000 to 4350 RPM.

VALUES (stock 5JCZSJ40): 0.00 to 5.00 raw.

REFERENCE: data @0x154AEC, X axis @0x1576E0, descriptor @0x155260, code FUN_4409a."
Cluster A :: Curve [RPM] 7pt FUN_43f1c #09D (flat),Unidentified - Cluster A (IDs 0x005-0x0AB); Flat Maps (unused/disabled?),0x157700,Function not yet identified. Name reflects the inputs the code feeds this table.,"Function not yet identified. Name reflects the inputs the code feeds this table.

HOW THE ECU USES IT: looked up by FUN_43f1c; X input = Engine speed (main) (RAM 0xFEF0258E).

AXES: X axis: 7 points, 2050 to 4350 RPM.

VALUES (stock 5JCZSJ40): 15.0 to 15.0 raw - every cell is the same (15.0), so the function is probably disabled or unused in this calibration.

REFERENCE: data @0x157700, X axis @0x1576F0, descriptor @0x155274, code FUN_43f1c."
Cluster A :: Curve [RPM] 7pt FUN_43f1c #09E (flat),Unidentified - Cluster A (IDs 0x005-0x0AB); Flat Maps (unused/disabled?),0x157720,Function not yet identified. Name reflects the inputs the code feeds this table.,"Function not yet identified. Name reflects the inputs the code feeds this table.

HOW THE ECU USES IT: looked up by FUN_43f1c; X input = Engine speed (main) (RAM 0xFEF0258E).

AXES: X axis: 7 points, 2050 to 4350 RPM.

VALUES (stock 5JCZSJ40): 15.0 to 15.0 raw - every cell is the same (15.0), so the function is probably disabled or unused in this calibration.

REFERENCE: data @0x157720, X axis @0x157710, descriptor @0x155288, code FUN_43f1c."
Cluster A :: Curve [RPM] 7pt FUN_43f1c #09F (flat),Unidentified - Cluster A (IDs 0x005-0x0AB); Flat Maps (unused/disabled?),0x157740,Function not yet identified. Name reflects the inputs the code feeds this table.,"Function not yet identified. Name reflects the inputs the code feeds this table.

HOW THE ECU USES IT: looked up by FUN_43f1c; X input = Engine speed (main) (RAM 0xFEF0258E).

AXES: X axis: 7 points, 2050 to 4350 RPM.

VALUES (stock 5JCZSJ40): 15.0 to 15.0 raw - every cell is the same (15.0), so the function is probably disabled or unused in this calibration.

REFERENCE: data @0x157740, X axis @0x157730, descriptor @0x15529C, code FUN_43f1c."
Cluster A :: Curve [RPM] 7pt FUN_43f1c #0A0 (flat),Unidentified - Cluster A (IDs 0x005-0x0AB); Flat Maps (unused/disabled?),0x157760,Function not yet identified. Name reflects the inputs the code feeds this table.,"Function not yet identified. Name reflects the inputs the code feeds this table.

HOW THE ECU USES IT: looked up by FUN_43f1c; X input = Engine speed (main) (RAM 0xFEF0258E).

AXES: X axis: 7 points, 2050 to 4350 RPM.

VALUES (stock 5JCZSJ40): 15.0 to 15.0 raw - every cell is the same (15.0), so the function is probably disabled or unused in this calibration.

REFERENCE: data @0x157760, X axis @0x157750, descriptor @0x1552B0, code FUN_43f1c."
Cluster A :: Curve [RPM] 8pt FUN_46650 #0A1 (flat),Unidentified - Cluster A (IDs 0x005-0x0AB); Flat Maps (unused/disabled?),0x154A2C,Function not yet identified. Name reflects the inputs the code feeds this table.,"Function not yet identified. Name reflects the inputs the code feeds this table.

HOW THE ECU USES IT: looked up by FUN_46650; X input = param0.

AXES: X axis: 8 points, 1000 to 9000 RPM.

VALUES (stock 5JCZSJ40): 100 to 100 raw - every cell is the same (100), so the function is probably disabled or unused in this calibration.

REFERENCE: data @0x154A2C, X axis @0x154B4C, descriptor @0x1552C4, code FUN_46650."
Cluster A :: Curve [RPM] 8pt FUN_46650 #0A2 (flat),Unidentified - Cluster A (IDs 0x005-0x0AB); Flat Maps (unused/disabled?),0x154A34,Function not yet identified. Name reflects the inputs the code feeds this table.,"Function not yet identified. Name reflects the inputs the code feeds this table.

HOW THE ECU USES IT: looked up by FUN_46650; X input = param0.

AXES: X axis: 8 points, 2000 to 9000 RPM.

VALUES (stock 5JCZSJ40): 100 to 100 raw - every cell is the same (100), so the function is probably disabled or unused in this calibration.

REFERENCE: data @0x154A34, X axis @0x154B5C, descriptor @0x1552D8, code FUN_46650."
Cluster A :: Curve [RPM] 8pt FUN_46650 #0A3 (flat),Unidentified - Cluster A (IDs 0x005-0x0AB); Flat Maps (unused/disabled?),0x154A3C,Function not yet identified. Name reflects the inputs the code feeds this table.,"Function not yet identified. Name reflects the inputs the code feeds this table.

HOW THE ECU USES IT: looked up by FUN_46650; X input = param0.

AXES: X axis: 8 points, 2000 to 9000 RPM.

VALUES (stock 5JCZSJ40): 100 to 100 raw - every cell is the same (100), so the function is probably disabled or unused in this calibration.

REFERENCE: data @0x154A3C, X axis @0x154B6C, descriptor @0x1552EC, code FUN_46650."
Cluster A :: Curve [RPM] 8pt FUN_46650 #0A4 (flat),Unidentified - Cluster A (IDs 0x005-0x0AB); Flat Maps (unused/disabled?),0x154A44,Function not yet identified. Name reflects the inputs the code feeds this table.,"Function not yet identified. Name reflects the inputs the code feeds this table.

HOW THE ECU USES IT: looked up by FUN_46650; X input = param0.

AXES: X axis: 8 points, 2000 to 9000 RPM.

VALUES (stock 5JCZSJ40): 100 to 100 raw - every cell is the same (100), so the function is probably disabled or unused in this calibration.

REFERENCE: data @0x154A44, X axis @0x154B7C, descriptor @0x155300, code FUN_46650."
Cluster A :: Curve [RPM] 8pt FUN_46650 #0A5 (flat),Unidentified - Cluster A (IDs 0x005-0x0AB); Flat Maps (unused/disabled?),0x154A4C,Function not yet identified. Name reflects the inputs the code feeds this table.,"Function not yet identified. Name reflects the inputs the code feeds this table.

HOW THE ECU USES IT: looked up by FUN_46650; X input = param0.

AXES: X axis: 8 points, 2000 to 9000 RPM.

VALUES (stock 5JCZSJ40): 100 to 100 raw - every cell is the same (100), so the function is probably disabled or unused in this calibration.

REFERENCE: data @0x154A4C, X axis @0x154B8C, descriptor @0x155314, code FUN_46650."
Cluster A :: Curve [RPM] 8pt FUN_46650 #0A6 (flat),Unidentified - Cluster A (IDs 0x005-0x0AB); Flat Maps (unused/disabled?),0x154A54,Function not yet identified. Name reflects the inputs the code feeds this table.,"Function not yet identified. Name reflects the inputs the code feeds this table.

HOW THE ECU USES IT: looked up by FUN_46650; X input = param0.

AXES: X axis: 8 points, 2000 to 9000 RPM.

VALUES (stock 5JCZSJ40): 100 to 100 raw - every cell is the same (100), so the function is probably disabled or unused in this calibration.

REFERENCE: data @0x154A54, X axis @0x154B9C, descriptor @0x155328, code FUN_46650."
Cluster A :: Curve [RPM] 8pt FUN_46650 #0A7 (flat),Unidentified - Cluster A (IDs 0x005-0x0AB); Flat Maps (unused/disabled?),0x154A5C,Function not yet identified. Name reflects the inputs the code feeds this table.,"Function not yet identified. Name reflects the inputs the code feeds this table.

HOW THE ECU USES IT: looked up by FUN_46650; X input = param0.

AXES: X axis: 8 points, 2000 to 9000 RPM.

VALUES (stock 5JCZSJ40): 100 to 100 raw - every cell is the same (100), so the function is probably disabled or unused in this calibration.

REFERENCE: data @0x154A5C, X axis @0x154BAC, descriptor @0x15533C, code FUN_46650."
IAT Comp :: Map [IAT x RAM_fef0131d] 7x7 FUN_4c00c #0AE,"IAT Compensation; Unidentified - Cluster B (IDs 0x0AD-0x0F1, pre-fuel)",0x157D84,Intake-air-temperature compensation (air-density / temperature correction). (Family-level description - specific use not individually confirmed.),"Intake-air-temperature compensation (air-density / temperature correction). (Family-level description - specific use not individually confirmed.)

HOW THE ECU USES IT: looked up by FUN_4c00c; X input = Intake air temperature (ADC ch02, 8-bit) - used in calculated-load density correction (RAM 0xFEF026C3); Y input = RAM 0xfef0131d.

AXES: X axis: 7 points, 0.00 to 60.0 deg C; Y axis: 7 points, 0.00 to 80.0 raw.

VALUES (stock 5JCZSJ40): 58.0 to 128 raw.

REFERENCE: data @0x157D84, X axis @0x154AF4, Y axis @0x154AFC, descriptor @0x155404, code FUN_4c00c."
Fuel Mode Zone - TPS | Aux 1,Fuel; Fuel Trim; TPS,0x158398,Fuel-control zone map holding only 0/1/2; non-zero only at light load below ~5000 rpm. Most likely the HO2 closed-loop / fuel-control-mode zone (Set 1/2 = O2 bank 1/2). NOT the secondary-injector map (manual: secondaries run >= 4800 rpm and >= 38 % throttle). (Family-level description - specific use,"Fuel-control zone map holding only 0/1/2; non-zero only at light load below ~5000 rpm. Most likely the HO2 closed-loop / fuel-control-mode zone (Set 1/2 = O2 bank 1/2). NOT the secondary-injector map (manual: secondaries run >= 4800 rpm and >= 38 % throttle). (Family-level description - specific use not individually confirmed.)

AXES: X axis: 10 points, 1468 to 20972 raw; Y axis: 14 points, 1700 to 10000 RPM.

VALUES (stock 5JCZSJ40): 1.00 to 243 raw.

REFERENCE: data @0x158398, X axis @0x155420, Y axis @0x155434, descriptor @0x155450."
Fuel Mode Zone - TPS | Aux 2,Fuel; Fuel Trim; TPS,0x158424,Fuel-control zone map holding only 0/1/2; non-zero only at light load below ~5000 rpm. Most likely the HO2 closed-loop / fuel-control-mode zone (Set 1/2 = O2 bank 1/2). NOT the secondary-injector map (manual: secondaries run >= 4800 rpm and >= 38 % throttle). (Family-level description - specific use,"Fuel-control zone map holding only 0/1/2; non-zero only at light load below ~5000 rpm. Most likely the HO2 closed-loop / fuel-control-mode zone (Set 1/2 = O2 bank 1/2). NOT the secondary-injector map (manual: secondaries run >= 4800 rpm and >= 38 % throttle). (Family-level description - specific use not individually confirmed.)

AXES: X axis: 10 points, 1468 to 20972 raw; Y axis: 14 points, 1700 to 10000 RPM.

VALUES (stock 5JCZSJ40): 1.00 to 243 raw.

REFERENCE: data @0x158424, X axis @0x15546C, Y axis @0x155480, descriptor @0x15549C."
Cluster B :: Map [TP x RPM] 6x17 FUN_4b3fe #0B4,"Unidentified - Cluster B (IDs 0x0AD-0x0F1, pre-fuel)",0x1584B0,Function not yet identified. Name reflects the inputs the code feeds this table.,"Function not yet identified. Name reflects the inputs the code feeds this table.

HOW THE ECU USES IT: looked up by FUN_4b3fe; X input = Throttle valve position (from TP sensors, ADC ch0B/ch2C) (RAM 0xFEF02602); Y input = param0.

AXES: X axis: 6 points, 0.00 to 113 deg (abs. TP angle); Y axis: 17 points, 1200 to 11600 RPM.

VALUES (stock 5JCZSJ40): 0.00 to 45.0 raw.

REFERENCE: data @0x1584B0, X axis @0x1554B8, Y axis @0x157794, descriptor @0x1554C4, code FUN_4b3fe."
Cluster B :: Map [TP x RPM] 6x17 FUN_4b3fe #0B6,"Unidentified - Cluster B (IDs 0x0AD-0x0F1, pre-fuel)",0x158518,Function not yet identified. Name reflects the inputs the code feeds this table.,"Function not yet identified. Name reflects the inputs the code feeds this table.

HOW THE ECU USES IT: looked up by FUN_4b3fe; X input = Throttle valve position (from TP sensors, ADC ch0B/ch2C) (RAM 0xFEF02602); Y input = param0.

AXES: X axis: 6 points, 0.00 to 113 deg (abs. TP angle); Y axis: 17 points, 1200 to 11600 RPM.

VALUES (stock 5JCZSJ40): 0.00 to 47.0 raw.

REFERENCE: data @0x158518, X axis @0x1554E0, Y axis @0x1577B8, descriptor @0x1554EC, code FUN_4b3fe."
Fuel Trim - TPS | Main,Fuel; Fuel Trim; TPS,0x1585CC,"Fuel correction map stored before the main fuel maps (throttle angle x RPM). For ""Main"", 32768 = 1.000 (multiplier). (Family-level description - specific use not individually confirmed.)","Fuel correction map stored before the main fuel maps (throttle angle x RPM). For ""Main"", 32768 = 1.000 (multiplier). (Family-level description - specific use not individually confirmed.)

HOW THE ECU USES IT: looked up by FUN_4832e; X input = Throttle valve position (from TP sensors, ADC ch0B/ch2C) (RAM 0xFEF02602); Y input = Engine speed (main) (RAM 0xFEF0258E).

AXES: X axis: 26 points, 0.43 to 122 deg (abs. TP angle); Y axis: 38 points, 800 to 11200 RPM.

VALUES (stock 5JCZSJ40): 0.90 to 1.07 factor (1.000 = no change).

REFERENCE: data @0x1585CC, X axis @0x155508, Y axis @0x158580, descriptor @0x15553C, code FUN_4832e."
Cluster B :: Map [TP x RPM] 13x19 FUN_4832e #0BA (flat),"Unidentified - Cluster B (IDs 0x0AD-0x0F1, pre-fuel); Flat Maps (unused/disabled?)",0x158D84,Function not yet identified. Name reflects the inputs the code feeds this table.,"Function not yet identified. Name reflects the inputs the code feeds this table.

HOW THE ECU USES IT: looked up by FUN_4832e; X input = Throttle valve position (from TP sensors, ADC ch0B/ch2C) (RAM 0xFEF02602); Y input = Engine speed (main) (RAM 0xFEF0258E).

AXES: X axis: 13 points, 0.43 to 27.4 deg (abs. TP angle); Y axis: 19 points, 800 to 4400 RPM.

VALUES (stock 5JCZSJ40): 31457 to 31457 raw - every cell is the same (31457), so the function is probably disabled or unused in this calibration.

REFERENCE: data @0x158D84, X axis @0x1577DC, Y axis @0x1577F8, descriptor @0x155558, code FUN_4832e."
Fuel Mode Zone - TPS | Set 1 Map 1,Fuel; Fuel Trim; TPS,0x158F74,Fuel-control zone map holding only 0/1/2; non-zero only at light load below ~5000 rpm. Most likely the HO2 closed-loop / fuel-control-mode zone (Set 1/2 = O2 bank 1/2). NOT the secondary-injector map (manual: secondaries run >= 4800 rpm and >= 38 % throttle). (Family-level description - specific use,"Fuel-control zone map holding only 0/1/2; non-zero only at light load below ~5000 rpm. Most likely the HO2 closed-loop / fuel-control-mode zone (Set 1/2 = O2 bank 1/2). NOT the secondary-injector map (manual: secondaries run >= 4800 rpm and >= 38 % throttle). (Family-level description - specific use not individually confirmed.)

AXES: X axis: 10 points, 419 to 20972 raw; Y axis: 14 points, 1300 to 10000 RPM.

VALUES (stock 5JCZSJ40): 0.00 to 2.00 zone (0/1/2).

REFERENCE: data @0x158F74, X axis @0x155574, Y axis @0x155588, descriptor @0x1555A4."
Fuel Mode Zone - TPS | Set 1 Map 2,Fuel; Fuel Trim; TPS,0x159000,Fuel-control zone map holding only 0/1/2; non-zero only at light load below ~5000 rpm. Most likely the HO2 closed-loop / fuel-control-mode zone (Set 1/2 = O2 bank 1/2). NOT the secondary-injector map (manual: secondaries run >= 4800 rpm and >= 38 % throttle). (Family-level description - specific use,"Fuel-control zone map holding only 0/1/2; non-zero only at light load below ~5000 rpm. Most likely the HO2 closed-loop / fuel-control-mode zone (Set 1/2 = O2 bank 1/2). NOT the secondary-injector map (manual: secondaries run >= 4800 rpm and >= 38 % throttle). (Family-level description - specific use not individually confirmed.)

AXES: X axis: 10 points, 419 to 20972 raw; Y axis: 14 points, 1300 to 10000 RPM.

VALUES (stock 5JCZSJ40): 0.00 to 2.00 zone (0/1/2).

REFERENCE: data @0x159000, X axis @0x155574, Y axis @0x155588, descriptor @0x1555C0."
Fuel Mode Zone - TPS | Set 1 Map 3,Fuel; Fuel Trim; TPS,0x15908C,Fuel-control zone map holding only 0/1/2; non-zero only at light load below ~5000 rpm. Most likely the HO2 closed-loop / fuel-control-mode zone (Set 1/2 = O2 bank 1/2). NOT the secondary-injector map (manual: secondaries run >= 4800 rpm and >= 38 % throttle). (Family-level description - specific use,"Fuel-control zone map holding only 0/1/2; non-zero only at light load below ~5000 rpm. Most likely the HO2 closed-loop / fuel-control-mode zone (Set 1/2 = O2 bank 1/2). NOT the secondary-injector map (manual: secondaries run >= 4800 rpm and >= 38 % throttle). (Family-level description - specific use not individually confirmed.)

AXES: X axis: 10 points, 419 to 20972 raw; Y axis: 14 points, 1900 to 10000 RPM.

VALUES (stock 5JCZSJ40): 0.00 to 2.00 zone (0/1/2).

REFERENCE: data @0x15908C, X axis @0x1555DC, Y axis @0x1555F0, descriptor @0x15560C."
Fuel Mode Zone - TPS | Set 1 Map 4,Fuel; Fuel Trim; TPS,0x159118,Fuel-control zone map holding only 0/1/2; non-zero only at light load below ~5000 rpm. Most likely the HO2 closed-loop / fuel-control-mode zone (Set 1/2 = O2 bank 1/2). NOT the secondary-injector map (manual: secondaries run >= 4800 rpm and >= 38 % throttle). (Family-level description - specific use,"Fuel-control zone map holding only 0/1/2; non-zero only at light load below ~5000 rpm. Most likely the HO2 closed-loop / fuel-control-mode zone (Set 1/2 = O2 bank 1/2). NOT the secondary-injector map (manual: secondaries run >= 4800 rpm and >= 38 % throttle). (Family-level description - specific use not individually confirmed.)

AXES: X axis: 10 points, 419 to 20972 raw; Y axis: 14 points, 1900 to 10000 RPM.

VALUES (stock 5JCZSJ40): 0.00 to 2.00 zone (0/1/2).

REFERENCE: data @0x159118, X axis @0x1555DC, Y axis @0x1555F0, descriptor @0x155628."
Fuel Mode Zone - TPS | Set 1 Map 5,Fuel; Fuel Trim; TPS,0x1591A4,Fuel-control zone map holding only 0/1/2; non-zero only at light load below ~5000 rpm. Most likely the HO2 closed-loop / fuel-control-mode zone (Set 1/2 = O2 bank 1/2). NOT the secondary-injector map (manual: secondaries run >= 4800 rpm and >= 38 % throttle). (Family-level description - specific use,"Fuel-control zone map holding only 0/1/2; non-zero only at light load below ~5000 rpm. Most likely the HO2 closed-loop / fuel-control-mode zone (Set 1/2 = O2 bank 1/2). NOT the secondary-injector map (manual: secondaries run >= 4800 rpm and >= 38 % throttle). (Family-level description - specific use not individually confirmed.)

AXES: X axis: 10 points, 419 to 20972 raw; Y axis: 14 points, 1700 to 10000 RPM.

VALUES (stock 5JCZSJ40): 0.00 to 2.00 zone (0/1/2).

REFERENCE: data @0x1591A4, X axis @0x155644, Y axis @0x155658, descriptor @0x155674."
Fuel Mode Zone - TPS | Set 1 Map 6,Fuel; Fuel Trim; TPS,0x159230,Fuel-control zone map holding only 0/1/2; non-zero only at light load below ~5000 rpm. Most likely the HO2 closed-loop / fuel-control-mode zone (Set 1/2 = O2 bank 1/2). NOT the secondary-injector map (manual: secondaries run >= 4800 rpm and >= 38 % throttle). (Family-level description - specific use,"Fuel-control zone map holding only 0/1/2; non-zero only at light load below ~5000 rpm. Most likely the HO2 closed-loop / fuel-control-mode zone (Set 1/2 = O2 bank 1/2). NOT the secondary-injector map (manual: secondaries run >= 4800 rpm and >= 38 % throttle). (Family-level description - specific use not individually confirmed.)

AXES: X axis: 10 points, 419 to 20972 raw; Y axis: 14 points, 1700 to 10000 RPM.

VALUES (stock 5JCZSJ40): 0.00 to 2.00 zone (0/1/2).

REFERENCE: data @0x159230, X axis @0x155644, Y axis @0x155658, descriptor @0x155690."
Fuel Mode Zone - IAP | Set 1 Map 1,Fuel; Fuel Trim; IAP,0x1592BC,Fuel-control zone map holding only 0/1/2; non-zero only at light load below ~5000 rpm. Most likely the HO2 closed-loop / fuel-control-mode zone (Set 1/2 = O2 bank 1/2). NOT the secondary-injector map (manual: secondaries run >= 4800 rpm and >= 38 % throttle). (Family-level description - specific use,"Fuel-control zone map holding only 0/1/2; non-zero only at light load below ~5000 rpm. Most likely the HO2 closed-loop / fuel-control-mode zone (Set 1/2 = O2 bank 1/2). NOT the secondary-injector map (manual: secondaries run >= 4800 rpm and >= 38 % throttle). (Family-level description - specific use not individually confirmed.)

AXES: X axis: 10 points, 0.00 to 80.1 vacuum kPa; Y axis: 14 points, 1700 to 10000 RPM.

VALUES (stock 5JCZSJ40): 0.00 to 1.00 zone (0/1/2).

REFERENCE: data @0x1592BC, X axis @0x1556AC, Y axis @0x1556C0, descriptor @0x1556DC."
Fuel Mode Zone - IAP | Set 1 Map 2,Fuel; Fuel Trim; IAP,0x159348,Fuel-control zone map holding only 0/1/2; non-zero only at light load below ~5000 rpm. Most likely the HO2 closed-loop / fuel-control-mode zone (Set 1/2 = O2 bank 1/2). NOT the secondary-injector map (manual: secondaries run >= 4800 rpm and >= 38 % throttle). (Family-level description - specific use,"Fuel-control zone map holding only 0/1/2; non-zero only at light load below ~5000 rpm. Most likely the HO2 closed-loop / fuel-control-mode zone (Set 1/2 = O2 bank 1/2). NOT the secondary-injector map (manual: secondaries run >= 4800 rpm and >= 38 % throttle). (Family-level description - specific use not individually confirmed.)

AXES: X axis: 10 points, 0.00 to 80.1 vacuum kPa; Y axis: 14 points, 1700 to 10000 RPM.

VALUES (stock 5JCZSJ40): 0.00 to 1.00 zone (0/1/2).

REFERENCE: data @0x159348, X axis @0x1556AC, Y axis @0x1556C0, descriptor @0x1556F8."
Fuel Mode Zone - TPS | Set 2 Map 1,Fuel; Fuel Trim; TPS; Flat Maps (unused/disabled?),0x1593D4,Fuel-control zone map holding only 0/1/2; non-zero only at light load below ~5000 rpm. Most likely the HO2 closed-loop / fuel-control-mode zone (Set 1/2 = O2 bank 1/2). NOT the secondary-injector map (manual: secondaries run >= 4800 rpm and >= 38 % throttle). (Family-level description - specific use,"Fuel-control zone map holding only 0/1/2; non-zero only at light load below ~5000 rpm. Most likely the HO2 closed-loop / fuel-control-mode zone (Set 1/2 = O2 bank 1/2). NOT the secondary-injector map (manual: secondaries run >= 4800 rpm and >= 38 % throttle). (Family-level description - specific use not individually confirmed.)

AXES: X axis: 10 points, 419 to 20972 raw; Y axis: 14 points, 1300 to 10000 RPM.

VALUES (stock 5JCZSJ40): 2.00 to 2.00 zone (0/1/2) - every cell is the same (2.00), so the function is probably disabled or unused in this calibration.

REFERENCE: data @0x1593D4, X axis @0x155714, Y axis @0x155728, descriptor @0x155744."
Fuel Mode Zone - TPS | Set 2 Map 2,Fuel; Fuel Trim; TPS; Flat Maps (unused/disabled?),0x159460,Fuel-control zone map holding only 0/1/2; non-zero only at light load below ~5000 rpm. Most likely the HO2 closed-loop / fuel-control-mode zone (Set 1/2 = O2 bank 1/2). NOT the secondary-injector map (manual: secondaries run >= 4800 rpm and >= 38 % throttle). (Family-level description - specific use,"Fuel-control zone map holding only 0/1/2; non-zero only at light load below ~5000 rpm. Most likely the HO2 closed-loop / fuel-control-mode zone (Set 1/2 = O2 bank 1/2). NOT the secondary-injector map (manual: secondaries run >= 4800 rpm and >= 38 % throttle). (Family-level description - specific use not individually confirmed.)

AXES: X axis: 10 points, 419 to 20972 raw; Y axis: 14 points, 1300 to 10000 RPM.

VALUES (stock 5JCZSJ40): 2.00 to 2.00 zone (0/1/2) - every cell is the same (2.00), so the function is probably disabled or unused in this calibration.

REFERENCE: data @0x159460, X axis @0x155714, Y axis @0x155728, descriptor @0x155760."
Fuel Mode Zone - TPS | Set 2 Map 3,Fuel; Fuel Trim; TPS,0x1594EC,Fuel-control zone map holding only 0/1/2; non-zero only at light load below ~5000 rpm. Most likely the HO2 closed-loop / fuel-control-mode zone (Set 1/2 = O2 bank 1/2). NOT the secondary-injector map (manual: secondaries run >= 4800 rpm and >= 38 % throttle). (Family-level description - specific use,"Fuel-control zone map holding only 0/1/2; non-zero only at light load below ~5000 rpm. Most likely the HO2 closed-loop / fuel-control-mode zone (Set 1/2 = O2 bank 1/2). NOT the secondary-injector map (manual: secondaries run >= 4800 rpm and >= 38 % throttle). (Family-level description - specific use not individually confirmed.)

AXES: X axis: 10 points, 419 to 20972 raw; Y axis: 14 points, 1700 to 10000 RPM.

VALUES (stock 5JCZSJ40): 0.00 to 2.00 zone (0/1/2).

REFERENCE: data @0x1594EC, X axis @0x15577C, Y axis @0x155790, descriptor @0x1557AC."
Fuel Mode Zone - TPS | Set 2 Map 4,Fuel; Fuel Trim; TPS,0x159578,Fuel-control zone map holding only 0/1/2; non-zero only at light load below ~5000 rpm. Most likely the HO2 closed-loop / fuel-control-mode zone (Set 1/2 = O2 bank 1/2). NOT the secondary-injector map (manual: secondaries run >= 4800 rpm and >= 38 % throttle). (Family-level description - specific use,"Fuel-control zone map holding only 0/1/2; non-zero only at light load below ~5000 rpm. Most likely the HO2 closed-loop / fuel-control-mode zone (Set 1/2 = O2 bank 1/2). NOT the secondary-injector map (manual: secondaries run >= 4800 rpm and >= 38 % throttle). (Family-level description - specific use not individually confirmed.)

AXES: X axis: 10 points, 419 to 20972 raw; Y axis: 14 points, 1700 to 10000 RPM.

VALUES (stock 5JCZSJ40): 0.00 to 2.00 zone (0/1/2).

REFERENCE: data @0x159578, X axis @0x15577C, Y axis @0x155790, descriptor @0x1557C8."
Fuel Mode Zone - TPS | Set 2 Map 5,Fuel; Fuel Trim; TPS,0x159604,Fuel-control zone map holding only 0/1/2; non-zero only at light load below ~5000 rpm. Most likely the HO2 closed-loop / fuel-control-mode zone (Set 1/2 = O2 bank 1/2). NOT the secondary-injector map (manual: secondaries run >= 4800 rpm and >= 38 % throttle). (Family-level description - specific use,"Fuel-control zone map holding only 0/1/2; non-zero only at light load below ~5000 rpm. Most likely the HO2 closed-loop / fuel-control-mode zone (Set 1/2 = O2 bank 1/2). NOT the secondary-injector map (manual: secondaries run >= 4800 rpm and >= 38 % throttle). (Family-level description - specific use not individually confirmed.)

AXES: X axis: 10 points, 419 to 20972 raw; Y axis: 14 points, 1700 to 10000 RPM.

VALUES (stock 5JCZSJ40): 0.00 to 2.00 zone (0/1/2).

REFERENCE: data @0x159604, X axis @0x1557E4, Y axis @0x1557F8, descriptor @0x155814."
Fuel Mode Zone - TPS | Set 2 Map 6,Fuel; Fuel Trim; TPS,0x159690,Fuel-control zone map holding only 0/1/2; non-zero only at light load below ~5000 rpm. Most likely the HO2 closed-loop / fuel-control-mode zone (Set 1/2 = O2 bank 1/2). NOT the secondary-injector map (manual: secondaries run >= 4800 rpm and >= 38 % throttle). (Family-level description - specific use,"Fuel-control zone map holding only 0/1/2; non-zero only at light load below ~5000 rpm. Most likely the HO2 closed-loop / fuel-control-mode zone (Set 1/2 = O2 bank 1/2). NOT the secondary-injector map (manual: secondaries run >= 4800 rpm and >= 38 % throttle). (Family-level description - specific use not individually confirmed.)

AXES: X axis: 10 points, 419 to 20972 raw; Y axis: 14 points, 1700 to 10000 RPM.

VALUES (stock 5JCZSJ40): 0.00 to 2.00 zone (0/1/2).

REFERENCE: data @0x159690, X axis @0x1557E4, Y axis @0x1557F8, descriptor @0x155830."
Fuel Mode Zone - IAP | Set 2 Map 1,Fuel; Fuel Trim; IAP,0x15971C,Fuel-control zone map holding only 0/1/2; non-zero only at light load below ~5000 rpm. Most likely the HO2 closed-loop / fuel-control-mode zone (Set 1/2 = O2 bank 1/2). NOT the secondary-injector map (manual: secondaries run >= 4800 rpm and >= 38 % throttle). (Family-level description - specific use,"Fuel-control zone map holding only 0/1/2; non-zero only at light load below ~5000 rpm. Most likely the HO2 closed-loop / fuel-control-mode zone (Set 1/2 = O2 bank 1/2). NOT the secondary-injector map (manual: secondaries run >= 4800 rpm and >= 38 % throttle). (Family-level description - specific use not individually confirmed.)

AXES: X axis: 10 points, 0.00 to 80.1 vacuum kPa; Y axis: 14 points, 1700 to 10000 RPM.

VALUES (stock 5JCZSJ40): 0.00 to 1.00 zone (0/1/2).

REFERENCE: data @0x15971C, X axis @0x15584C, Y axis @0x155860, descriptor @0x15587C."
Fuel Mode Zone - IAP | Set 2 Map 2,Fuel; Fuel Trim; IAP,0x1597A8,Fuel-control zone map holding only 0/1/2; non-zero only at light load below ~5000 rpm. Most likely the HO2 closed-loop / fuel-control-mode zone (Set 1/2 = O2 bank 1/2). NOT the secondary-injector map (manual: secondaries run >= 4800 rpm and >= 38 % throttle). (Family-level description - specific use,"Fuel-control zone map holding only 0/1/2; non-zero only at light load below ~5000 rpm. Most likely the HO2 closed-loop / fuel-control-mode zone (Set 1/2 = O2 bank 1/2). NOT the secondary-injector map (manual: secondaries run >= 4800 rpm and >= 38 % throttle). (Family-level description - specific use not individually confirmed.)

AXES: X axis: 10 points, 0.00 to 80.1 vacuum kPa; Y axis: 14 points, 1700 to 10000 RPM.

VALUES (stock 5JCZSJ40): 0.00 to 1.00 zone (0/1/2).

REFERENCE: data @0x1597A8, X axis @0x15584C, Y axis @0x155860, descriptor @0x155898."
Cluster B :: Map [RAM_fef02edc x RPM] 7x7 FUN_42e80 #0DC,"Unidentified - Cluster B (IDs 0x0AD-0x0F1, pre-fuel)",0x154BBC,Function not yet identified. Name reflects the inputs the code feeds this table.,"Function not yet identified. Name reflects the inputs the code feeds this table.

HOW THE ECU USES IT: looked up by FUN_42e80; X input = RAM 0xfef02edc; Y input = Engine speed (main) (RAM 0xFEF0258E).

AXES: X axis: 7 points, 5.00 to 100 raw; Y axis: 7 points, 2000 to 6000 RPM.

VALUES (stock 5JCZSJ40): 118 to 128 raw.

REFERENCE: data @0x154BBC, X axis @0x157820, Y axis @0x157830, descriptor @0x1558B4, code FUN_42e80."
Cluster B :: Map [RAM_fef02ede x RPM] 7x7 FUN_42e80 #0DE,"Unidentified - Cluster B (IDs 0x0AD-0x0F1, pre-fuel)",0x154BF4,Function not yet identified. Name reflects the inputs the code feeds this table.,"Function not yet identified. Name reflects the inputs the code feeds this table.

HOW THE ECU USES IT: looked up by FUN_42e80; X input = RAM 0xfef02ede; Y input = Engine speed (main) (RAM 0xFEF0258E).

AXES: X axis: 7 points, 5.00 to 100 raw; Y axis: 7 points, 2000 to 6000 RPM.

VALUES (stock 5JCZSJ40): 118 to 128 raw.

REFERENCE: data @0x154BF4, X axis @0x157840, Y axis @0x157850, descriptor @0x1558D0, code FUN_42e80."
Cluster B :: Map [RAM_fef02ee0 x RPM] 7x7 FUN_42e80 #0E0,"Unidentified - Cluster B (IDs 0x0AD-0x0F1, pre-fuel)",0x154C2C,Function not yet identified. Name reflects the inputs the code feeds this table.,"Function not yet identified. Name reflects the inputs the code feeds this table.

HOW THE ECU USES IT: looked up by FUN_42e80; X input = RAM 0xfef02ee0; Y input = Engine speed (main) (RAM 0xFEF0258E).

AXES: X axis: 7 points, 5.00 to 100 raw; Y axis: 7 points, 2000 to 6000 RPM.

VALUES (stock 5JCZSJ40): 118 to 128 raw.

REFERENCE: data @0x154C2C, X axis @0x157860, Y axis @0x157870, descriptor @0x1558EC, code FUN_42e80."
Cluster B :: Map [RAM_fef02ee2 x RPM] 7x7 FUN_42e80 #0E2,"Unidentified - Cluster B (IDs 0x0AD-0x0F1, pre-fuel)",0x154C64,Function not yet identified. Name reflects the inputs the code feeds this table.,"Function not yet identified. Name reflects the inputs the code feeds this table.

HOW THE ECU USES IT: looked up by FUN_42e80; X input = RAM 0xfef02ee2; Y input = Engine speed (main) (RAM 0xFEF0258E).

AXES: X axis: 7 points, 5.00 to 100 raw; Y axis: 7 points, 2000 to 6000 RPM.

VALUES (stock 5JCZSJ40): 118 to 128 raw.

REFERENCE: data @0x154C64, X axis @0x157880, Y axis @0x157890, descriptor @0x155908, code FUN_42e80."
Cluster B :: Map [RAM_fef02edc x RPM] 7x7 FUN_42e80 #0E4,"Unidentified - Cluster B (IDs 0x0AD-0x0F1, pre-fuel)",0x154C9C,Function not yet identified. Name reflects the inputs the code feeds this table.,"Function not yet identified. Name reflects the inputs the code feeds this table.

HOW THE ECU USES IT: looked up by FUN_42e80; X input = RAM 0xfef02edc; Y input = Engine speed (main) (RAM 0xFEF0258E).

AXES: X axis: 7 points, 5.00 to 100 raw; Y axis: 7 points, 2000 to 6000 RPM.

VALUES (stock 5JCZSJ40): 128 to 254 raw.

REFERENCE: data @0x154C9C, X axis @0x1578A0, Y axis @0x1578B0, descriptor @0x155924, code FUN_42e80."
Cluster B :: Map [RAM_fef02ede x RPM] 7x7 FUN_42e80 #0E6,"Unidentified - Cluster B (IDs 0x0AD-0x0F1, pre-fuel)",0x154CD4,Function not yet identified. Name reflects the inputs the code feeds this table.,"Function not yet identified. Name reflects the inputs the code feeds this table.

HOW THE ECU USES IT: looked up by FUN_42e80; X input = RAM 0xfef02ede; Y input = Engine speed (main) (RAM 0xFEF0258E).

AXES: X axis: 7 points, 5.00 to 100 raw; Y axis: 7 points, 2000 to 6000 RPM.

VALUES (stock 5JCZSJ40): 128 to 254 raw.

REFERENCE: data @0x154CD4, X axis @0x1578C0, Y axis @0x1578D0, descriptor @0x155940, code FUN_42e80."
Cluster B :: Map [RAM_fef02ee0 x RPM] 7x7 FUN_42e80 #0E8,"Unidentified - Cluster B (IDs 0x0AD-0x0F1, pre-fuel)",0x154D0C,Function not yet identified. Name reflects the inputs the code feeds this table.,"Function not yet identified. Name reflects the inputs the code feeds this table.

HOW THE ECU USES IT: looked up by FUN_42e80; X input = RAM 0xfef02ee0; Y input = Engine speed (main) (RAM 0xFEF0258E).

AXES: X axis: 7 points, 5.00 to 100 raw; Y axis: 7 points, 2000 to 6000 RPM.

VALUES (stock 5JCZSJ40): 128 to 254 raw.

REFERENCE: data @0x154D0C, X axis @0x1578E0, Y axis @0x1578F0, descriptor @0x15595C, code FUN_42e80."
Cluster B :: Map [RAM_fef02ee2 x RPM] 7x7 FUN_42e80 #0EA,"Unidentified - Cluster B (IDs 0x0AD-0x0F1, pre-fuel)",0x154D44,Function not yet identified. Name reflects the inputs the code feeds this table.,"Function not yet identified. Name reflects the inputs the code feeds this table.

HOW THE ECU USES IT: looked up by FUN_42e80; X input = RAM 0xfef02ee2; Y input = Engine speed (main) (RAM 0xFEF0258E).

AXES: X axis: 7 points, 5.00 to 100 raw; Y axis: 7 points, 2000 to 6000 RPM.

VALUES (stock 5JCZSJ40): 128 to 254 raw.

REFERENCE: data @0x154D44, X axis @0x157900, Y axis @0x157910, descriptor @0x155978, code FUN_42e80."
Fuel Trim - TPS | 1,Fuel; Fuel Trim; TPS,0x159834,"Fuel correction map stored before the main fuel maps (throttle angle x RPM). For ""Main"", 32768 = 1.000 (multiplier). (Family-level description - specific use not individually confirmed.)","Fuel correction map stored before the main fuel maps (throttle angle x RPM). For ""Main"", 32768 = 1.000 (multiplier). (Family-level description - specific use not individually confirmed.)

HOW THE ECU USES IT: looked up by FUN_46d84; X input = Throttle valve position (from TP sensors, ADC ch0B/ch2C) (RAM 0xFEF02602); Y input = Engine speed (main) (RAM 0xFEF0258E).

AXES: X axis: 10 points, 2.02 to 100 deg (abs. TP angle); Y axis: 20 points, 800 to 16000 RPM.

VALUES (stock 5JCZSJ40): 43.0 to 177 raw.

REFERENCE: data @0x159834, X axis @0x154DF8, Y axis @0x154B04, descriptor @0x155994, code FUN_46d84."
Fuel Trim - TPS | 2,Fuel; Fuel Trim; TPS,0x1598FC,"Fuel correction map stored before the main fuel maps (throttle angle x RPM). For ""Main"", 32768 = 1.000 (multiplier). (Family-level description - specific use not individually confirmed.)","Fuel correction map stored before the main fuel maps (throttle angle x RPM). For ""Main"", 32768 = 1.000 (multiplier). (Family-level description - specific use not individually confirmed.)

HOW THE ECU USES IT: looked up by FUN_46e26; X input = Throttle valve position (from TP sensors, ADC ch0B/ch2C) (RAM 0xFEF02602); Y input = Engine speed (main) (RAM 0xFEF0258E).

AXES: X axis: 10 points, 2.02 to 100 deg (abs. TP angle); Y axis: 20 points, 800 to 16000 RPM.

VALUES (stock 5JCZSJ40): 43.0 to 177 raw.

REFERENCE: data @0x1598FC, X axis @0x154DF8, Y axis @0x154B04, descriptor @0x1559B0, code FUN_46e26."
Fuel Trim - TPS | 3,Fuel; Fuel Trim; TPS,0x1599C4,"Fuel correction map stored before the main fuel maps (throttle angle x RPM). For ""Main"", 32768 = 1.000 (multiplier). (Family-level description - specific use not individually confirmed.)","Fuel correction map stored before the main fuel maps (throttle angle x RPM). For ""Main"", 32768 = 1.000 (multiplier). (Family-level description - specific use not individually confirmed.)

HOW THE ECU USES IT: looked up by FUN_46ea0; X input = Throttle valve position (from TP sensors, ADC ch0B/ch2C) (RAM 0xFEF02602); Y input = Engine speed (main) (RAM 0xFEF0258E).

AXES: X axis: 10 points, 2.02 to 100 deg (abs. TP angle); Y axis: 20 points, 800 to 16000 RPM.

VALUES (stock 5JCZSJ40): 86.0 to 167 raw.

REFERENCE: data @0x1599C4, X axis @0x154DF8, Y axis @0x154B04, descriptor @0x1559CC, code FUN_46ea0."
Fuel Trim - TPS | 4,Fuel; Fuel Trim; TPS,0x159A8C,"Fuel correction map stored before the main fuel maps (throttle angle x RPM). For ""Main"", 32768 = 1.000 (multiplier). (Family-level description - specific use not individually confirmed.)","Fuel correction map stored before the main fuel maps (throttle angle x RPM). For ""Main"", 32768 = 1.000 (multiplier). (Family-level description - specific use not individually confirmed.)

HOW THE ECU USES IT: looked up by FUN_46f1e; X input = Throttle valve position (from TP sensors, ADC ch0B/ch2C) (RAM 0xFEF02602); Y input = Engine speed (main) (RAM 0xFEF0258E).

AXES: X axis: 10 points, 2.02 to 100 deg (abs. TP angle); Y axis: 20 points, 800 to 16000 RPM.

VALUES (stock 5JCZSJ40): 124 to 178 raw.

REFERENCE: data @0x159A8C, X axis @0x154DF8, Y axis @0x154B04, descriptor @0x1559E8, code FUN_46f1e."
IAP - In Gear | Cyl 1,Fuel; IAP,0x159BB8,Main speed-density (vacuum based) base fuel map for cylinder 1 while in gear with the clutch released. Output is a raw fuel quantity (injection time units) indexed by manifold vacuum and RPM.,"Main speed-density (vacuum based) base fuel map for cylinder 1 while in gear with the clutch released. Output is a raw fuel quantity (injection time units) indexed by manifold vacuum and RPM.

HOW THE ECU USES IT: Code: FUN_45320 looks up all six maps of the cylinder 1 set (pointer table 0x16BDF4, index cyl*6+n); FUN_453B8 then uses map 1 as the result, blended with map 2 by a weight that is hard-coded to 0, so this map is the one that actually fuels cylinder 1. In neutral / clutch-in the ""IAP - Neutral/Clutch-In | Cyl 1"" map is used instead. Was ""IAP - Mode A | Gear 1"" in the DanCycles naming.

AXES: X axis: 30 points, 0.00 to 78.1 vacuum kPa; Y axis: 50 points, 800 to 16000 RPM.

VALUES (stock 5JCZSJ40): 532 to 4872 raw (inj. time?).

TUNING NOTES: This is the cylinder 1 IAP fuel map you would normally tune. Changes here affect cylinder 1 only, so keep the four cylinder maps consistent unless you are correcting a cylinder-to-cylinder imbalance. How the TPS and IAP results are combined downstream has not been traced yet - change one family at a time and log.

CONFIDENCE: Cylinder assignment confirmed from code (cyl*6 indexing) and from data (stock cylinder-to-cylinder offsets match the Neutral/Clutch-In Cyl 1-4 maps exactly in the same order).

REFERENCE: data @0x159BB8, X axis @0x155A04, Y axis @0x159B54, descriptor @0x155A40, code FUN_45320."
IAP - In Gear | Cyl 1 | Blend Map (inactive),Fuel; IAP; Unused / Inactive (stock),0x15A7D4,Secondary IAP fuel map for cylinder 1.,"Secondary IAP fuel map for cylinder 1.

HOW THE ECU USES IT: FUN_453B8 blends this map into the main map with a weight computed as clamp(0, 0..1024) = 0 (enable word 0x18262A is non-zero but the weight source is a constant 0), so in the stock code this map has no effect. Was ""IAP - Mode A | Gear 2"" in the DanCycles naming.

AXES: X axis: 30 points, 0.00 to 78.1 vacuum kPa; Y axis: 50 points, 800 to 16000 RPM.

VALUES (stock 5JCZSJ40): 532 to 4872 raw (inj. time?).

TUNING NOTES: Editing this map does nothing on the stock code path.

CONFIDENCE: Confirmed from disassembly of FUN_453B8.

REFERENCE: data @0x15A7D4, X axis @0x155A5C, Y axis @0x15A770, descriptor @0x155A98, code FUN_45320."
IAP - In Gear | Cyl 1 | Spare 1 (unused),Fuel; IAP; Unused / Inactive (stock),0x15B3F0,Spare IAP fuel map slot 3 for cylinder 1.,"Spare IAP fuel map slot 3 for cylinder 1.

HOW THE ECU USES IT: Computed every cycle by FUN_4536c/45320 but the result (RAM 0xFEF01012/0xFEF01042 array slot 3-6) is never read by any other code. Was ""IAP - Mode A | Gear 3"" in the DanCycles naming.

AXES: X axis: 30 points, 0.00 to 78.1 vacuum kPa; Y axis: 50 points, 800 to 16000 RPM.

VALUES (stock 5JCZSJ40): 532 to 4872 raw (inj. time?).

TUNING NOTES: No effect on the stock code path.

CONFIDENCE: Confirmed: no code reads the result.

REFERENCE: data @0x15B3F0, X axis @0x155AB4, Y axis @0x15B38C, descriptor @0x155AF0, code FUN_45320."
IAP - In Gear | Cyl 1 | Spare 2 (unused),Fuel; IAP; Unused / Inactive (stock),0x15C00C,Spare IAP fuel map slot 4 for cylinder 1.,"Spare IAP fuel map slot 4 for cylinder 1.

HOW THE ECU USES IT: Computed every cycle by FUN_4536c/45320 but the result (RAM 0xFEF01012/0xFEF01042 array slot 3-6) is never read by any other code. Was ""IAP - Mode A | Gear 4"" in the DanCycles naming.

AXES: X axis: 30 points, 0.00 to 78.1 vacuum kPa; Y axis: 50 points, 800 to 16000 RPM.

VALUES (stock 5JCZSJ40): 532 to 4872 raw (inj. time?).

TUNING NOTES: No effect on the stock code path.

CONFIDENCE: Confirmed: no code reads the result.

REFERENCE: data @0x15C00C, X axis @0x155B0C, Y axis @0x15BFA8, descriptor @0x155B48, code FUN_45320."
IAP - In Gear | Cyl 1 | Spare 3 (unused),Fuel; IAP; Unused / Inactive (stock),0x15CC28,Spare IAP fuel map slot 5 for cylinder 1.,"Spare IAP fuel map slot 5 for cylinder 1.

HOW THE ECU USES IT: Computed every cycle by FUN_4536c/45320 but the result (RAM 0xFEF01012/0xFEF01042 array slot 3-6) is never read by any other code. Was ""IAP - Mode A | Gear 5"" in the DanCycles naming.

AXES: X axis: 30 points, 0.00 to 78.1 vacuum kPa; Y axis: 50 points, 800 to 16000 RPM.

VALUES (stock 5JCZSJ40): 532 to 4872 raw (inj. time?).

TUNING NOTES: No effect on the stock code path.

CONFIDENCE: Confirmed: no code reads the result.

REFERENCE: data @0x15CC28, X axis @0x155B64, Y axis @0x15CBC4, descriptor @0x155BA0, code FUN_45320."
IAP - In Gear | Cyl 1 | Spare 4 (unused),Fuel; IAP; Unused / Inactive (stock),0x15D844,Spare IAP fuel map slot 6 for cylinder 1.,"Spare IAP fuel map slot 6 for cylinder 1.

HOW THE ECU USES IT: Computed every cycle by FUN_4536c/45320 but the result (RAM 0xFEF01012/0xFEF01042 array slot 3-6) is never read by any other code. Was ""IAP - Mode A | Gear 6"" in the DanCycles naming.

AXES: X axis: 30 points, 0.00 to 78.1 vacuum kPa; Y axis: 50 points, 800 to 16000 RPM.

VALUES (stock 5JCZSJ40): 532 to 4872 raw (inj. time?).

TUNING NOTES: No effect on the stock code path.

CONFIDENCE: Confirmed: no code reads the result.

REFERENCE: data @0x15D844, X axis @0x155BBC, Y axis @0x15D7E0, descriptor @0x155BF8, code FUN_45320."
IAP - In Gear | Cyl 2,Fuel; IAP,0x15E460,Main speed-density (vacuum based) base fuel map for cylinder 2 while in gear with the clutch released. Output is a raw fuel quantity (injection time units) indexed by manifold vacuum and RPM.,"Main speed-density (vacuum based) base fuel map for cylinder 2 while in gear with the clutch released. Output is a raw fuel quantity (injection time units) indexed by manifold vacuum and RPM.

HOW THE ECU USES IT: Code: FUN_45320 looks up all six maps of the cylinder 2 set (pointer table 0x16BDF4, index cyl*6+n); FUN_453B8 then uses map 1 as the result, blended with map 2 by a weight that is hard-coded to 0, so this map is the one that actually fuels cylinder 2. In neutral / clutch-in the ""IAP - Neutral/Clutch-In | Cyl 2"" map is used instead. Was ""IAP - Mode B | Gear 1"" in the DanCycles naming.

AXES: X axis: 30 points, 0.00 to 78.1 vacuum kPa; Y axis: 50 points, 800 to 16000 RPM.

VALUES (stock 5JCZSJ40): 504 to 4760 raw (inj. time?).

TUNING NOTES: This is the cylinder 2 IAP fuel map you would normally tune. Changes here affect cylinder 2 only, so keep the four cylinder maps consistent unless you are correcting a cylinder-to-cylinder imbalance. How the TPS and IAP results are combined downstream has not been traced yet - change one family at a time and log.

CONFIDENCE: Cylinder assignment confirmed from code (cyl*6 indexing) and from data (stock cylinder-to-cylinder offsets match the Neutral/Clutch-In Cyl 1-4 maps exactly in the same order).

REFERENCE: data @0x15E460, X axis @0x155C14, Y axis @0x15E3FC, descriptor @0x155C50, code FUN_45320."
IAP - In Gear | Cyl 2 | Blend Map (inactive),Fuel; IAP; Unused / Inactive (stock),0x15F07C,Secondary IAP fuel map for cylinder 2.,"Secondary IAP fuel map for cylinder 2.

HOW THE ECU USES IT: FUN_453B8 blends this map into the main map with a weight computed as clamp(0, 0..1024) = 0 (enable word 0x18262A is non-zero but the weight source is a constant 0), so in the stock code this map has no effect. Was ""IAP - Mode B | Gear 2"" in the DanCycles naming.

AXES: X axis: 30 points, 0.00 to 78.1 vacuum kPa; Y axis: 50 points, 800 to 16000 RPM.

VALUES (stock 5JCZSJ40): 504 to 4760 raw (inj. time?).

TUNING NOTES: Editing this map does nothing on the stock code path.

CONFIDENCE: Confirmed from disassembly of FUN_453B8.

REFERENCE: data @0x15F07C, X axis @0x155C6C, Y axis @0x15F018, descriptor @0x155CA8, code FUN_45320."
IAP - In Gear | Cyl 2 | Spare 1 (unused),Fuel; IAP; Unused / Inactive (stock),0x15FC98,Spare IAP fuel map slot 3 for cylinder 2.,"Spare IAP fuel map slot 3 for cylinder 2.

HOW THE ECU USES IT: Computed every cycle by FUN_4536c/45320 but the result (RAM 0xFEF01012/0xFEF01042 array slot 3-6) is never read by any other code. Was ""IAP - Mode B | Gear 3"" in the DanCycles naming.

AXES: X axis: 30 points, 0.00 to 78.1 vacuum kPa; Y axis: 50 points, 800 to 16000 RPM.

VALUES (stock 5JCZSJ40): 504 to 4760 raw (inj. time?).

TUNING NOTES: No effect on the stock code path.

CONFIDENCE: Confirmed: no code reads the result.

REFERENCE: data @0x15FC98, X axis @0x155CC4, Y axis @0x15FC34, descriptor @0x155D00, code FUN_45320."
IAP - In Gear | Cyl 2 | Spare 2 (unused),Fuel; IAP; Unused / Inactive (stock),0x1608B4,Spare IAP fuel map slot 4 for cylinder 2.,"Spare IAP fuel map slot 4 for cylinder 2.

HOW THE ECU USES IT: Computed every cycle by FUN_4536c/45320 but the result (RAM 0xFEF01012/0xFEF01042 array slot 3-6) is never read by any other code. Was ""IAP - Mode B | Gear 4"" in the DanCycles naming.

AXES: X axis: 30 points, 0.00 to 78.1 vacuum kPa; Y axis: 50 points, 800 to 16000 RPM.

VALUES (stock 5JCZSJ40): 504 to 4760 raw (inj. time?).

TUNING NOTES: No effect on the stock code path.

CONFIDENCE: Confirmed: no code reads the result.

REFERENCE: data @0x1608B4, X axis @0x155D1C, Y axis @0x160850, descriptor @0x155D58, code FUN_45320."
IAP - In Gear | Cyl 2 | Spare 3 (unused),Fuel; IAP; Unused / Inactive (stock),0x1614D0,Spare IAP fuel map slot 5 for cylinder 2.,"Spare IAP fuel map slot 5 for cylinder 2.

HOW THE ECU USES IT: Computed every cycle by FUN_4536c/45320 but the result (RAM 0xFEF01012/0xFEF01042 array slot 3-6) is never read by any other code. Was ""IAP - Mode B | Gear 5"" in the DanCycles naming.

AXES: X axis: 30 points, 0.00 to 78.1 vacuum kPa; Y axis: 50 points, 800 to 16000 RPM.

VALUES (stock 5JCZSJ40): 504 to 4760 raw (inj. time?).

TUNING NOTES: No effect on the stock code path.

CONFIDENCE: Confirmed: no code reads the result.

REFERENCE: data @0x1614D0, X axis @0x155D74, Y axis @0x16146C, descriptor @0x155DB0, code FUN_45320."
IAP - In Gear | Cyl 2 | Spare 4 (unused),Fuel; IAP; Unused / Inactive (stock),0x1620EC,Spare IAP fuel map slot 6 for cylinder 2.,"Spare IAP fuel map slot 6 for cylinder 2.

HOW THE ECU USES IT: Computed every cycle by FUN_4536c/45320 but the result (RAM 0xFEF01012/0xFEF01042 array slot 3-6) is never read by any other code. Was ""IAP - Mode B | Gear 6"" in the DanCycles naming.

AXES: X axis: 30 points, 0.00 to 78.1 vacuum kPa; Y axis: 50 points, 800 to 16000 RPM.

VALUES (stock 5JCZSJ40): 504 to 4760 raw (inj. time?).

TUNING NOTES: No effect on the stock code path.

CONFIDENCE: Confirmed: no code reads the result.

REFERENCE: data @0x1620EC, X axis @0x155DCC, Y axis @0x162088, descriptor @0x155E08, code FUN_45320."
IAP - In Gear | Cyl 3,Fuel; IAP,0x162D08,Main speed-density (vacuum based) base fuel map for cylinder 3 while in gear with the clutch released. Output is a raw fuel quantity (injection time units) indexed by manifold vacuum and RPM.,"Main speed-density (vacuum based) base fuel map for cylinder 3 while in gear with the clutch released. Output is a raw fuel quantity (injection time units) indexed by manifold vacuum and RPM.

HOW THE ECU USES IT: Code: FUN_45320 looks up all six maps of the cylinder 3 set (pointer table 0x16BDF4, index cyl*6+n); FUN_453B8 then uses map 1 as the result, blended with map 2 by a weight that is hard-coded to 0, so this map is the one that actually fuels cylinder 3. In neutral / clutch-in the ""IAP - Neutral/Clutch-In | Cyl 3"" map is used instead. Was ""IAP - Mode C | Gear 1"" in the DanCycles naming.

AXES: X axis: 30 points, 0.00 to 78.1 vacuum kPa; Y axis: 50 points, 800 to 16000 RPM.

VALUES (stock 5JCZSJ40): 512 to 4745 raw (inj. time?).

TUNING NOTES: This is the cylinder 3 IAP fuel map you would normally tune. Changes here affect cylinder 3 only, so keep the four cylinder maps consistent unless you are correcting a cylinder-to-cylinder imbalance. How the TPS and IAP results are combined downstream has not been traced yet - change one family at a time and log.

CONFIDENCE: Cylinder assignment confirmed from code (cyl*6 indexing) and from data (stock cylinder-to-cylinder offsets match the Neutral/Clutch-In Cyl 1-4 maps exactly in the same order).

REFERENCE: data @0x162D08, X axis @0x155E24, Y axis @0x162CA4, descriptor @0x155E60, code FUN_45320."
IAP - In Gear | Cyl 3 | Blend Map (inactive),Fuel; IAP; Unused / Inactive (stock),0x163924,Secondary IAP fuel map for cylinder 3.,"Secondary IAP fuel map for cylinder 3.

HOW THE ECU USES IT: FUN_453B8 blends this map into the main map with a weight computed as clamp(0, 0..1024) = 0 (enable word 0x18262A is non-zero but the weight source is a constant 0), so in the stock code this map has no effect. Was ""IAP - Mode C | Gear 2"" in the DanCycles naming.

AXES: X axis: 30 points, 0.00 to 78.1 vacuum kPa; Y axis: 50 points, 800 to 16000 RPM.

VALUES (stock 5JCZSJ40): 512 to 4745 raw (inj. time?).

TUNING NOTES: Editing this map does nothing on the stock code path.

CONFIDENCE: Confirmed from disassembly of FUN_453B8.

REFERENCE: data @0x163924, X axis @0x155E7C, Y axis @0x1638C0, descriptor @0x155EB8, code FUN_45320."
IAP - In Gear | Cyl 3 | Spare 1 (unused),Fuel; IAP; Unused / Inactive (stock),0x164540,Spare IAP fuel map slot 3 for cylinder 3.,"Spare IAP fuel map slot 3 for cylinder 3.

HOW THE ECU USES IT: Computed every cycle by FUN_4536c/45320 but the result (RAM 0xFEF01012/0xFEF01042 array slot 3-6) is never read by any other code. Was ""IAP - Mode C | Gear 3"" in the DanCycles naming.

AXES: X axis: 30 points, 0.00 to 78.1 vacuum kPa; Y axis: 50 points, 800 to 16000 RPM.

VALUES (stock 5JCZSJ40): 512 to 4745 raw (inj. time?).

TUNING NOTES: No effect on the stock code path.

CONFIDENCE: Confirmed: no code reads the result.

REFERENCE: data @0x164540, X axis @0x155ED4, Y axis @0x1644DC, descriptor @0x155F10, code FUN_45320."
IAP - In Gear | Cyl 3 | Spare 2 (unused),Fuel; IAP; Unused / Inactive (stock),0x16515C,Spare IAP fuel map slot 4 for cylinder 3.,"Spare IAP fuel map slot 4 for cylinder 3.

HOW THE ECU USES IT: Computed every cycle by FUN_4536c/45320 but the result (RAM 0xFEF01012/0xFEF01042 array slot 3-6) is never read by any other code. Was ""IAP - Mode C | Gear 4"" in the DanCycles naming.

AXES: X axis: 30 points, 0.00 to 78.1 vacuum kPa; Y axis: 50 points, 800 to 16000 RPM.

VALUES (stock 5JCZSJ40): 512 to 4745 raw (inj. time?).

TUNING NOTES: No effect on the stock code path.

CONFIDENCE: Confirmed: no code reads the result.

REFERENCE: data @0x16515C, X axis @0x155F2C, Y axis @0x1650F8, descriptor @0x155F68, code FUN_45320."
IAP - In Gear | Cyl 3 | Spare 3 (unused),Fuel; IAP; Unused / Inactive (stock),0x165D78,Spare IAP fuel map slot 5 for cylinder 3.,"Spare IAP fuel map slot 5 for cylinder 3.

HOW THE ECU USES IT: Computed every cycle by FUN_4536c/45320 but the result (RAM 0xFEF01012/0xFEF01042 array slot 3-6) is never read by any other code. Was ""IAP - Mode C | Gear 5"" in the DanCycles naming.

AXES: X axis: 30 points, 0.00 to 78.1 vacuum kPa; Y axis: 50 points, 800 to 16000 RPM.

VALUES (stock 5JCZSJ40): 512 to 4745 raw (inj. time?).

TUNING NOTES: No effect on the stock code path.

CONFIDENCE: Confirmed: no code reads the result.

REFERENCE: data @0x165D78, X axis @0x155F84, Y axis @0x165D14, descriptor @0x155FC0, code FUN_45320."
IAP - In Gear | Cyl 3 | Spare 4 (unused),Fuel; IAP; Unused / Inactive (stock),0x166994,Spare IAP fuel map slot 6 for cylinder 3.,"Spare IAP fuel map slot 6 for cylinder 3.

HOW THE ECU USES IT: Computed every cycle by FUN_4536c/45320 but the result (RAM 0xFEF01012/0xFEF01042 array slot 3-6) is never read by any other code. Was ""IAP - Mode C | Gear 6"" in the DanCycles naming.

AXES: X axis: 30 points, 0.00 to 78.1 vacuum kPa; Y axis: 50 points, 800 to 16000 RPM.

VALUES (stock 5JCZSJ40): 512 to 4745 raw (inj. time?).

TUNING NOTES: No effect on the stock code path.

CONFIDENCE: Confirmed: no code reads the result.

REFERENCE: data @0x166994, X axis @0x155FDC, Y axis @0x166930, descriptor @0x156018, code FUN_45320."
IAP - In Gear | Cyl 4,Fuel; IAP,0x1675B0,Main speed-density (vacuum based) base fuel map for cylinder 4 while in gear with the clutch released. Output is a raw fuel quantity (injection time units) indexed by manifold vacuum and RPM.,"Main speed-density (vacuum based) base fuel map for cylinder 4 while in gear with the clutch released. Output is a raw fuel quantity (injection time units) indexed by manifold vacuum and RPM.

HOW THE ECU USES IT: Code: FUN_45320 looks up all six maps of the cylinder 4 set (pointer table 0x16BDF4, index cyl*6+n); FUN_453B8 then uses map 1 as the result, blended with map 2 by a weight that is hard-coded to 0, so this map is the one that actually fuels cylinder 4. In neutral / clutch-in the ""IAP - Neutral/Clutch-In | Cyl 4"" map is used instead. Was ""IAP - User Mode | Gear 1"" in the DanCycles naming.

AXES: X axis: 30 points, 0.00 to 78.1 vacuum kPa; Y axis: 50 points, 800 to 16000 RPM.

VALUES (stock 5JCZSJ40): 498 to 4782 raw (inj. time?).

TUNING NOTES: This is the cylinder 4 IAP fuel map you would normally tune. Changes here affect cylinder 4 only, so keep the four cylinder maps consistent unless you are correcting a cylinder-to-cylinder imbalance. How the TPS and IAP results are combined downstream has not been traced yet - change one family at a time and log.

CONFIDENCE: Cylinder assignment confirmed from code (cyl*6 indexing) and from data (stock cylinder-to-cylinder offsets match the Neutral/Clutch-In Cyl 1-4 maps exactly in the same order).

REFERENCE: data @0x1675B0, X axis @0x156034, Y axis @0x16754C, descriptor @0x156070, code FUN_45320."
IAP - In Gear | Cyl 4 | Blend Map (inactive),Fuel; IAP; Unused / Inactive (stock),0x1681CC,Secondary IAP fuel map for cylinder 4.,"Secondary IAP fuel map for cylinder 4.

HOW THE ECU USES IT: FUN_453B8 blends this map into the main map with a weight computed as clamp(0, 0..1024) = 0 (enable word 0x18262A is non-zero but the weight source is a constant 0), so in the stock code this map has no effect. Was ""IAP - User Mode | Gear 2"" in the DanCycles naming.

AXES: X axis: 30 points, 0.00 to 78.1 vacuum kPa; Y axis: 50 points, 800 to 16000 RPM.

VALUES (stock 5JCZSJ40): 498 to 4782 raw (inj. time?).

TUNING NOTES: Editing this map does nothing on the stock code path.

CONFIDENCE: Confirmed from disassembly of FUN_453B8.

REFERENCE: data @0x1681CC, X axis @0x15608C, Y axis @0x168168, descriptor @0x1560C8, code FUN_45320."
IAP - In Gear | Cyl 4 | Spare 1 (unused),Fuel; IAP; Unused / Inactive (stock),0x168DE8,Spare IAP fuel map slot 3 for cylinder 4.,"Spare IAP fuel map slot 3 for cylinder 4.

HOW THE ECU USES IT: Computed every cycle by FUN_4536c/45320 but the result (RAM 0xFEF01012/0xFEF01042 array slot 3-6) is never read by any other code. Was ""IAP - User Mode | Gear 3"" in the DanCycles naming.

AXES: X axis: 30 points, 0.00 to 78.1 vacuum kPa; Y axis: 50 points, 800 to 16000 RPM.

VALUES (stock 5JCZSJ40): 498 to 4782 raw (inj. time?).

TUNING NOTES: No effect on the stock code path.

CONFIDENCE: Confirmed: no code reads the result.

REFERENCE: data @0x168DE8, X axis @0x1560E4, Y axis @0x168D84, descriptor @0x156120, code FUN_45320."
IAP - In Gear | Cyl 4 | Spare 2 (unused),Fuel; IAP; Unused / Inactive (stock),0x169A04,Spare IAP fuel map slot 4 for cylinder 4.,"Spare IAP fuel map slot 4 for cylinder 4.

HOW THE ECU USES IT: Computed every cycle by FUN_4536c/45320 but the result (RAM 0xFEF01012/0xFEF01042 array slot 3-6) is never read by any other code. Was ""IAP - User Mode | Gear 4"" in the DanCycles naming.

AXES: X axis: 30 points, 0.00 to 78.1 vacuum kPa; Y axis: 50 points, 800 to 16000 RPM.

VALUES (stock 5JCZSJ40): 498 to 4782 raw (inj. time?).

TUNING NOTES: No effect on the stock code path.

CONFIDENCE: Confirmed: no code reads the result.

REFERENCE: data @0x169A04, X axis @0x15613C, Y axis @0x1699A0, descriptor @0x156178, code FUN_45320."
IAP - In Gear | Cyl 4 | Spare 3 (unused),Fuel; IAP; Unused / Inactive (stock),0x16A620,Spare IAP fuel map slot 5 for cylinder 4.,"Spare IAP fuel map slot 5 for cylinder 4.

HOW THE ECU USES IT: Computed every cycle by FUN_4536c/45320 but the result (RAM 0xFEF01012/0xFEF01042 array slot 3-6) is never read by any other code. Was ""IAP - User Mode | Gear 5"" in the DanCycles naming.

AXES: X axis: 30 points, 0.00 to 78.1 vacuum kPa; Y axis: 50 points, 800 to 16000 RPM.

VALUES (stock 5JCZSJ40): 498 to 4782 raw (inj. time?).

TUNING NOTES: No effect on the stock code path.

CONFIDENCE: Confirmed: no code reads the result.

REFERENCE: data @0x16A620, X axis @0x156194, Y axis @0x16A5BC, descriptor @0x1561D0, code FUN_45320."
IAP - In Gear | Cyl 4 | Spare 4 (unused),Fuel; IAP; Unused / Inactive (stock),0x16B23C,Spare IAP fuel map slot 6 for cylinder 4.,"Spare IAP fuel map slot 6 for cylinder 4.

HOW THE ECU USES IT: Computed every cycle by FUN_4536c/45320 but the result (RAM 0xFEF01012/0xFEF01042 array slot 3-6) is never read by any other code. Was ""IAP - User Mode | Gear 6"" in the DanCycles naming.

AXES: X axis: 30 points, 0.00 to 78.1 vacuum kPa; Y axis: 50 points, 800 to 16000 RPM.

VALUES (stock 5JCZSJ40): 498 to 4782 raw (inj. time?).

TUNING NOTES: No effect on the stock code path.

CONFIDENCE: Confirmed: no code reads the result.

REFERENCE: data @0x16B23C, X axis @0x1561EC, Y axis @0x16B1D8, descriptor @0x156228, code FUN_45320."
IAP - Neutral/Clutch-In | Cyl 1,Fuel; IAP; Neutral/Clutch-In,0x16BEB8,"IAP base fuel map for cylinder 1 used while in NEUTRAL or with the CLUTCH PULLED (free-revving, blips, warm-up idle).","IAP base fuel map for cylinder 1 used while in NEUTRAL or with the CLUTCH PULLED (free-revving, blips, warm-up idle).

HOW THE ECU USES IT: FUN_4543E uses this map when flag 0xFEF0271D bit0 (gear = neutral OR clutch switch on) has been set for at least 3 cycles (counter >= 0x182703 = 3) and option 0x1826E8 != 3; otherwise it passes the in-gear result through.

AXES: X axis: 30 points, 0.00 to 78.1 vacuum kPa; Y axis: 50 points, 800 to 16000 RPM.

VALUES (stock 5JCZSJ40): 535 to 4872 raw (inj. time?).

TUNING NOTES: Tune for idle quality and free-rev response. Has no effect when riding in gear with the clutch out.

CONFIDENCE: Confirmed from code.

REFERENCE: data @0x16BEB8, X axis @0x156244, Y axis @0x16BE54, descriptor @0x156280, code FUN_4543e."
IAP - Neutral/Clutch-In | Cyl 2,Fuel; IAP; Neutral/Clutch-In,0x16CAD4,"IAP base fuel map for cylinder 2 used while in NEUTRAL or with the CLUTCH PULLED (free-revving, blips, warm-up idle).","IAP base fuel map for cylinder 2 used while in NEUTRAL or with the CLUTCH PULLED (free-revving, blips, warm-up idle).

HOW THE ECU USES IT: FUN_4543E uses this map when flag 0xFEF0271D bit0 (gear = neutral OR clutch switch on) has been set for at least 3 cycles (counter >= 0x182703 = 3) and option 0x1826E8 != 3; otherwise it passes the in-gear result through.

AXES: X axis: 30 points, 0.00 to 78.1 vacuum kPa; Y axis: 50 points, 800 to 16000 RPM.

VALUES (stock 5JCZSJ40): 504 to 4760 raw (inj. time?).

TUNING NOTES: Tune for idle quality and free-rev response. Has no effect when riding in gear with the clutch out.

CONFIDENCE: Confirmed from code.

REFERENCE: data @0x16CAD4, X axis @0x15629C, Y axis @0x16CA70, descriptor @0x1562D8, code FUN_4543e."
IAP - Neutral/Clutch-In | Cyl 3,Fuel; IAP; Neutral/Clutch-In,0x16D6F0,"IAP base fuel map for cylinder 3 used while in NEUTRAL or with the CLUTCH PULLED (free-revving, blips, warm-up idle).","IAP base fuel map for cylinder 3 used while in NEUTRAL or with the CLUTCH PULLED (free-revving, blips, warm-up idle).

HOW THE ECU USES IT: FUN_4543E uses this map when flag 0xFEF0271D bit0 (gear = neutral OR clutch switch on) has been set for at least 3 cycles (counter >= 0x182703 = 3) and option 0x1826E8 != 3; otherwise it passes the in-gear result through.

AXES: X axis: 30 points, 0.00 to 78.1 vacuum kPa; Y axis: 50 points, 800 to 16000 RPM.

VALUES (stock 5JCZSJ40): 517 to 4745 raw (inj. time?).

TUNING NOTES: Tune for idle quality and free-rev response. Has no effect when riding in gear with the clutch out.

CONFIDENCE: Confirmed from code.

REFERENCE: data @0x16D6F0, X axis @0x1562F4, Y axis @0x16D68C, descriptor @0x156330, code FUN_4543e."
IAP - Neutral/Clutch-In | Cyl 4,Fuel; IAP; Neutral/Clutch-In,0x16E30C,"IAP base fuel map for cylinder 4 used while in NEUTRAL or with the CLUTCH PULLED (free-revving, blips, warm-up idle).","IAP base fuel map for cylinder 4 used while in NEUTRAL or with the CLUTCH PULLED (free-revving, blips, warm-up idle).

HOW THE ECU USES IT: FUN_4543E uses this map when flag 0xFEF0271D bit0 (gear = neutral OR clutch switch on) has been set for at least 3 cycles (counter >= 0x182703 = 3) and option 0x1826E8 != 3; otherwise it passes the in-gear result through.

AXES: X axis: 30 points, 0.00 to 78.1 vacuum kPa; Y axis: 50 points, 800 to 16000 RPM.

VALUES (stock 5JCZSJ40): 512 to 4782 raw (inj. time?).

TUNING NOTES: Tune for idle quality and free-rev response. Has no effect when riding in gear with the clutch out.

CONFIDENCE: Confirmed from code.

REFERENCE: data @0x16E30C, X axis @0x15634C, Y axis @0x16E2A8, descriptor @0x156388, code FUN_4543e."
TPS - In Gear | Cyl 1,Fuel; TPS,0x16EF28,Main alpha-N (throttle based) base fuel map for cylinder 1 while in gear with the clutch released. Output is a raw fuel quantity (injection time units) indexed by throttle angle and RPM.,"Main alpha-N (throttle based) base fuel map for cylinder 1 while in gear with the clutch released. Output is a raw fuel quantity (injection time units) indexed by throttle angle and RPM.

HOW THE ECU USES IT: Code: FUN_4536c looks up all six maps of the cylinder 1 set (pointer table 0x17EBE4, index cyl*6+n); FUN_453B8 then uses map 1 as the result, blended with map 2 by a weight that is hard-coded to 0, so this map is the one that actually fuels cylinder 1. In neutral / clutch-in the ""TPS - Neutral/Clutch-In | Cyl 1"" map is used instead. Was ""TPS - Mode A | Gear 1"" in the DanCycles naming.

AXES: X axis: 26 points, 0.46 to 118 deg (abs. TP angle); Y axis: 50 points, 800 to 16000 RPM.

VALUES (stock 5JCZSJ40): 467 to 5351 raw (inj. time?).

TUNING NOTES: This is the cylinder 1 TPS fuel map you would normally tune. Changes here affect cylinder 1 only, so keep the four cylinder maps consistent unless you are correcting a cylinder-to-cylinder imbalance. How the TPS and IAP results are combined downstream has not been traced yet - change one family at a time and log.

CONFIDENCE: Cylinder assignment confirmed from code (cyl*6 indexing) and from data (stock cylinder-to-cylinder offsets match the Neutral/Clutch-In Cyl 1-4 maps exactly in the same order).

REFERENCE: data @0x16EF28, X axis @0x1563A4, Y axis @0x16EEC4, descriptor @0x1563D8, code FUN_4536c."
TPS - In Gear | Cyl 1 | Blend Map (inactive),Fuel; TPS; Unused / Inactive (stock),0x16F9B4,Secondary TPS fuel map for cylinder 1.,"Secondary TPS fuel map for cylinder 1.

HOW THE ECU USES IT: FUN_453B8 blends this map into the main map with a weight computed as clamp(0, 0..1024) = 0 (enable word 0x18262A is non-zero but the weight source is a constant 0), so in the stock code this map has no effect. Was ""TPS - Mode A | Gear 2"" in the DanCycles naming.

AXES: X axis: 26 points, 0.46 to 118 deg (abs. TP angle); Y axis: 50 points, 800 to 16000 RPM.

VALUES (stock 5JCZSJ40): 467 to 5351 raw (inj. time?).

TUNING NOTES: Editing this map does nothing on the stock code path.

CONFIDENCE: Confirmed from disassembly of FUN_453B8.

REFERENCE: data @0x16F9B4, X axis @0x1563F4, Y axis @0x16F950, descriptor @0x156428, code FUN_4536c."
TPS - In Gear | Cyl 1 | Spare 1 (unused),Fuel; TPS; Unused / Inactive (stock),0x170440,Spare TPS fuel map slot 3 for cylinder 1.,"Spare TPS fuel map slot 3 for cylinder 1.

HOW THE ECU USES IT: Computed every cycle by FUN_4536c/45320 but the result (RAM 0xFEF01012/0xFEF01042 array slot 3-6) is never read by any other code. Was ""TPS - Mode A | Gear 3"" in the DanCycles naming.

AXES: X axis: 26 points, 0.46 to 118 deg (abs. TP angle); Y axis: 50 points, 800 to 16000 RPM.

VALUES (stock 5JCZSJ40): 467 to 5351 raw (inj. time?).

TUNING NOTES: No effect on the stock code path.

CONFIDENCE: Confirmed: no code reads the result.

REFERENCE: data @0x170440, X axis @0x156444, Y axis @0x1703DC, descriptor @0x156478, code FUN_4536c."
TPS - In Gear | Cyl 1 | Spare 2 (unused),Fuel; TPS; Unused / Inactive (stock),0x170ECC,Spare TPS fuel map slot 4 for cylinder 1.,"Spare TPS fuel map slot 4 for cylinder 1.

HOW THE ECU USES IT: Computed every cycle by FUN_4536c/45320 but the result (RAM 0xFEF01012/0xFEF01042 array slot 3-6) is never read by any other code. Was ""TPS - Mode A | Gear 4"" in the DanCycles naming.

AXES: X axis: 26 points, 0.46 to 118 deg (abs. TP angle); Y axis: 50 points, 800 to 16000 RPM.

VALUES (stock 5JCZSJ40): 467 to 5351 raw (inj. time?).

TUNING NOTES: No effect on the stock code path.

CONFIDENCE: Confirmed: no code reads the result.

REFERENCE: data @0x170ECC, X axis @0x156494, Y axis @0x170E68, descriptor @0x1564C8, code FUN_4536c."
TPS - In Gear | Cyl 1 | Spare 3 (unused),Fuel; TPS; Unused / Inactive (stock),0x171958,Spare TPS fuel map slot 5 for cylinder 1.,"Spare TPS fuel map slot 5 for cylinder 1.

HOW THE ECU USES IT: Computed every cycle by FUN_4536c/45320 but the result (RAM 0xFEF01012/0xFEF01042 array slot 3-6) is never read by any other code. Was ""TPS - Mode A | Gear 5"" in the DanCycles naming.

AXES: X axis: 26 points, 0.46 to 118 deg (abs. TP angle); Y axis: 50 points, 800 to 16000 RPM.

VALUES (stock 5JCZSJ40): 467 to 5351 raw (inj. time?).

TUNING NOTES: No effect on the stock code path.

CONFIDENCE: Confirmed: no code reads the result.

REFERENCE: data @0x171958, X axis @0x1564E4, Y axis @0x1718F4, descriptor @0x156518, code FUN_4536c."
TPS - In Gear | Cyl 1 | Spare 4 (unused),Fuel; TPS; Unused / Inactive (stock),0x1723E4,Spare TPS fuel map slot 6 for cylinder 1.,"Spare TPS fuel map slot 6 for cylinder 1.

HOW THE ECU USES IT: Computed every cycle by FUN_4536c/45320 but the result (RAM 0xFEF01012/0xFEF01042 array slot 3-6) is never read by any other code. Was ""TPS - Mode A | Gear 6"" in the DanCycles naming.

AXES: X axis: 26 points, 0.46 to 118 deg (abs. TP angle); Y axis: 50 points, 800 to 16000 RPM.

VALUES (stock 5JCZSJ40): 467 to 5351 raw (inj. time?).

TUNING NOTES: No effect on the stock code path.

CONFIDENCE: Confirmed: no code reads the result.

REFERENCE: data @0x1723E4, X axis @0x156534, Y axis @0x172380, descriptor @0x156568, code FUN_4536c."
TPS - In Gear | Cyl 2,Fuel; TPS,0x172E70,Main alpha-N (throttle based) base fuel map for cylinder 2 while in gear with the clutch released. Output is a raw fuel quantity (injection time units) indexed by throttle angle and RPM.,"Main alpha-N (throttle based) base fuel map for cylinder 2 while in gear with the clutch released. Output is a raw fuel quantity (injection time units) indexed by throttle angle and RPM.

HOW THE ECU USES IT: Code: FUN_4536c looks up all six maps of the cylinder 2 set (pointer table 0x17EBE4, index cyl*6+n); FUN_453B8 then uses map 1 as the result, blended with map 2 by a weight that is hard-coded to 0, so this map is the one that actually fuels cylinder 2. In neutral / clutch-in the ""TPS - Neutral/Clutch-In | Cyl 2"" map is used instead. Was ""TPS - Mode B | Gear 1"" in the DanCycles naming.

AXES: X axis: 26 points, 0.46 to 118 deg (abs. TP angle); Y axis: 50 points, 800 to 16000 RPM.

VALUES (stock 5JCZSJ40): 454 to 5132 raw (inj. time?).

TUNING NOTES: This is the cylinder 2 TPS fuel map you would normally tune. Changes here affect cylinder 2 only, so keep the four cylinder maps consistent unless you are correcting a cylinder-to-cylinder imbalance. How the TPS and IAP results are combined downstream has not been traced yet - change one family at a time and log.

CONFIDENCE: Cylinder assignment confirmed from code (cyl*6 indexing) and from data (stock cylinder-to-cylinder offsets match the Neutral/Clutch-In Cyl 1-4 maps exactly in the same order).

REFERENCE: data @0x172E70, X axis @0x156584, Y axis @0x172E0C, descriptor @0x1565B8, code FUN_4536c."
TPS - In Gear | Cyl 2 | Blend Map (inactive),Fuel; TPS; Unused / Inactive (stock),0x1738FC,Secondary TPS fuel map for cylinder 2.,"Secondary TPS fuel map for cylinder 2.

HOW THE ECU USES IT: FUN_453B8 blends this map into the main map with a weight computed as clamp(0, 0..1024) = 0 (enable word 0x18262A is non-zero but the weight source is a constant 0), so in the stock code this map has no effect. Was ""TPS - Mode B | Gear 2"" in the DanCycles naming.

AXES: X axis: 26 points, 0.46 to 118 deg (abs. TP angle); Y axis: 50 points, 800 to 16000 RPM.

VALUES (stock 5JCZSJ40): 454 to 5132 raw (inj. time?).

TUNING NOTES: Editing this map does nothing on the stock code path.

CONFIDENCE: Confirmed from disassembly of FUN_453B8.

REFERENCE: data @0x1738FC, X axis @0x1565D4, Y axis @0x173898, descriptor @0x156608, code FUN_4536c."
TPS - In Gear | Cyl 2 | Spare 1 (unused),Fuel; TPS; Unused / Inactive (stock),0x174388,Spare TPS fuel map slot 3 for cylinder 2.,"Spare TPS fuel map slot 3 for cylinder 2.

HOW THE ECU USES IT: Computed every cycle by FUN_4536c/45320 but the result (RAM 0xFEF01012/0xFEF01042 array slot 3-6) is never read by any other code. Was ""TPS - Mode B | Gear 3"" in the DanCycles naming.

AXES: X axis: 26 points, 0.46 to 118 deg (abs. TP angle); Y axis: 50 points, 800 to 16000 RPM.

VALUES (stock 5JCZSJ40): 454 to 5132 raw (inj. time?).

TUNING NOTES: No effect on the stock code path.

CONFIDENCE: Confirmed: no code reads the result.

REFERENCE: data @0x174388, X axis @0x156624, Y axis @0x174324, descriptor @0x156658, code FUN_4536c."
TPS - In Gear | Cyl 2 | Spare 2 (unused),Fuel; TPS; Unused / Inactive (stock),0x174E14,Spare TPS fuel map slot 4 for cylinder 2.,"Spare TPS fuel map slot 4 for cylinder 2.

HOW THE ECU USES IT: Computed every cycle by FUN_4536c/45320 but the result (RAM 0xFEF01012/0xFEF01042 array slot 3-6) is never read by any other code. Was ""TPS - Mode B | Gear 4"" in the DanCycles naming.

AXES: X axis: 26 points, 0.46 to 118 deg (abs. TP angle); Y axis: 50 points, 800 to 16000 RPM.

VALUES (stock 5JCZSJ40): 454 to 5132 raw (inj. time?).

TUNING NOTES: No effect on the stock code path.

CONFIDENCE: Confirmed: no code reads the result.

REFERENCE: data @0x174E14, X axis @0x156674, Y axis @0x174DB0, descriptor @0x1566A8, code FUN_4536c."
TPS - In Gear | Cyl 2 | Spare 3 (unused),Fuel; TPS; Unused / Inactive (stock),0x1758A0,Spare TPS fuel map slot 5 for cylinder 2.,"Spare TPS fuel map slot 5 for cylinder 2.

HOW THE ECU USES IT: Computed every cycle by FUN_4536c/45320 but the result (RAM 0xFEF01012/0xFEF01042 array slot 3-6) is never read by any other code. Was ""TPS - Mode B | Gear 5"" in the DanCycles naming.

AXES: X axis: 26 points, 0.46 to 118 deg (abs. TP angle); Y axis: 50 points, 800 to 16000 RPM.

VALUES (stock 5JCZSJ40): 454 to 5132 raw (inj. time?).

TUNING NOTES: No effect on the stock code path.

CONFIDENCE: Confirmed: no code reads the result.

REFERENCE: data @0x1758A0, X axis @0x1566C4, Y axis @0x17583C, descriptor @0x1566F8, code FUN_4536c."
TPS - In Gear | Cyl 2 | Spare 4 (unused),Fuel; TPS; Unused / Inactive (stock),0x17632C,Spare TPS fuel map slot 6 for cylinder 2.,"Spare TPS fuel map slot 6 for cylinder 2.

HOW THE ECU USES IT: Computed every cycle by FUN_4536c/45320 but the result (RAM 0xFEF01012/0xFEF01042 array slot 3-6) is never read by any other code. Was ""TPS - Mode B | Gear 6"" in the DanCycles naming.

AXES: X axis: 26 points, 0.46 to 118 deg (abs. TP angle); Y axis: 50 points, 800 to 16000 RPM.

VALUES (stock 5JCZSJ40): 454 to 5132 raw (inj. time?).

TUNING NOTES: No effect on the stock code path.

CONFIDENCE: Confirmed: no code reads the result.

REFERENCE: data @0x17632C, X axis @0x156714, Y axis @0x1762C8, descriptor @0x156748, code FUN_4536c."
TPS - In Gear | Cyl 3,Fuel; TPS,0x176DB8,Main alpha-N (throttle based) base fuel map for cylinder 3 while in gear with the clutch released. Output is a raw fuel quantity (injection time units) indexed by throttle angle and RPM.,"Main alpha-N (throttle based) base fuel map for cylinder 3 while in gear with the clutch released. Output is a raw fuel quantity (injection time units) indexed by throttle angle and RPM.

HOW THE ECU USES IT: Code: FUN_4536c looks up all six maps of the cylinder 3 set (pointer table 0x17EBE4, index cyl*6+n); FUN_453B8 then uses map 1 as the result, blended with map 2 by a weight that is hard-coded to 0, so this map is the one that actually fuels cylinder 3. In neutral / clutch-in the ""TPS - Neutral/Clutch-In | Cyl 3"" map is used instead. Was ""TPS - Mode C | Gear 1"" in the DanCycles naming.

AXES: X axis: 26 points, 0.46 to 118 deg (abs. TP angle); Y axis: 50 points, 800 to 16000 RPM.

VALUES (stock 5JCZSJ40): 449 to 5162 raw (inj. time?).

TUNING NOTES: This is the cylinder 3 TPS fuel map you would normally tune. Changes here affect cylinder 3 only, so keep the four cylinder maps consistent unless you are correcting a cylinder-to-cylinder imbalance. How the TPS and IAP results are combined downstream has not been traced yet - change one family at a time and log.

CONFIDENCE: Cylinder assignment confirmed from code (cyl*6 indexing) and from data (stock cylinder-to-cylinder offsets match the Neutral/Clutch-In Cyl 1-4 maps exactly in the same order).

REFERENCE: data @0x176DB8, X axis @0x156764, Y axis @0x176D54, descriptor @0x156798, code FUN_4536c."
TPS - In Gear | Cyl 3 | Blend Map (inactive),Fuel; TPS; Unused / Inactive (stock),0x177844,Secondary TPS fuel map for cylinder 3.,"Secondary TPS fuel map for cylinder 3.

HOW THE ECU USES IT: FUN_453B8 blends this map into the main map with a weight computed as clamp(0, 0..1024) = 0 (enable word 0x18262A is non-zero but the weight source is a constant 0), so in the stock code this map has no effect. Was ""TPS - Mode C | Gear 2"" in the DanCycles naming.

AXES: X axis: 26 points, 0.46 to 118 deg (abs. TP angle); Y axis: 50 points, 800 to 16000 RPM.

VALUES (stock 5JCZSJ40): 449 to 5162 raw (inj. time?).

TUNING NOTES: Editing this map does nothing on the stock code path.

CONFIDENCE: Confirmed from disassembly of FUN_453B8.

REFERENCE: data @0x177844, X axis @0x1567B4, Y axis @0x1777E0, descriptor @0x1567E8, code FUN_4536c."
TPS - In Gear | Cyl 3 | Spare 1 (unused),Fuel; TPS; Unused / Inactive (stock),0x1782D0,Spare TPS fuel map slot 3 for cylinder 3.,"Spare TPS fuel map slot 3 for cylinder 3.

HOW THE ECU USES IT: Computed every cycle by FUN_4536c/45320 but the result (RAM 0xFEF01012/0xFEF01042 array slot 3-6) is never read by any other code. Was ""TPS - Mode C | Gear 3"" in the DanCycles naming.

AXES: X axis: 26 points, 0.46 to 118 deg (abs. TP angle); Y axis: 50 points, 800 to 16000 RPM.

VALUES (stock 5JCZSJ40): 449 to 5162 raw (inj. time?).

TUNING NOTES: No effect on the stock code path.

CONFIDENCE: Confirmed: no code reads the result.

REFERENCE: data @0x1782D0, X axis @0x156804, Y axis @0x17826C, descriptor @0x156838, code FUN_4536c."
TPS - In Gear | Cyl 3 | Spare 2 (unused),Fuel; TPS; Unused / Inactive (stock),0x178D5C,Spare TPS fuel map slot 4 for cylinder 3.,"Spare TPS fuel map slot 4 for cylinder 3.

HOW THE ECU USES IT: Computed every cycle by FUN_4536c/45320 but the result (RAM 0xFEF01012/0xFEF01042 array slot 3-6) is never read by any other code. Was ""TPS - Mode C | Gear 4"" in the DanCycles naming.

AXES: X axis: 26 points, 0.46 to 118 deg (abs. TP angle); Y axis: 50 points, 800 to 16000 RPM.

VALUES (stock 5JCZSJ40): 449 to 5162 raw (inj. time?).

TUNING NOTES: No effect on the stock code path.

CONFIDENCE: Confirmed: no code reads the result.

REFERENCE: data @0x178D5C, X axis @0x156854, Y axis @0x178CF8, descriptor @0x156888, code FUN_4536c."
TPS - In Gear | Cyl 3 | Spare 3 (unused),Fuel; TPS; Unused / Inactive (stock),0x1797E8,Spare TPS fuel map slot 5 for cylinder 3.,"Spare TPS fuel map slot 5 for cylinder 3.

HOW THE ECU USES IT: Computed every cycle by FUN_4536c/45320 but the result (RAM 0xFEF01012/0xFEF01042 array slot 3-6) is never read by any other code. Was ""TPS - Mode C | Gear 5"" in the DanCycles naming.

AXES: X axis: 26 points, 0.46 to 118 deg (abs. TP angle); Y axis: 50 points, 800 to 16000 RPM.

VALUES (stock 5JCZSJ40): 449 to 5162 raw (inj. time?).

TUNING NOTES: No effect on the stock code path.

CONFIDENCE: Confirmed: no code reads the result.

REFERENCE: data @0x1797E8, X axis @0x1568A4, Y axis @0x179784, descriptor @0x1568D8, code FUN_4536c."
TPS - In Gear | Cyl 3 | Spare 4 (unused),Fuel; TPS; Unused / Inactive (stock),0x17A274,Spare TPS fuel map slot 6 for cylinder 3.,"Spare TPS fuel map slot 6 for cylinder 3.

HOW THE ECU USES IT: Computed every cycle by FUN_4536c/45320 but the result (RAM 0xFEF01012/0xFEF01042 array slot 3-6) is never read by any other code. Was ""TPS - Mode C | Gear 6"" in the DanCycles naming.

AXES: X axis: 26 points, 0.46 to 118 deg (abs. TP angle); Y axis: 50 points, 800 to 16000 RPM.

VALUES (stock 5JCZSJ40): 449 to 5162 raw (inj. time?).

TUNING NOTES: No effect on the stock code path.

CONFIDENCE: Confirmed: no code reads the result.

REFERENCE: data @0x17A274, X axis @0x1568F4, Y axis @0x17A210, descriptor @0x156928, code FUN_4536c."
TPS - In Gear | Cyl 4,Fuel; TPS,0x17AD00,Main alpha-N (throttle based) base fuel map for cylinder 4 while in gear with the clutch released. Output is a raw fuel quantity (injection time units) indexed by throttle angle and RPM.,"Main alpha-N (throttle based) base fuel map for cylinder 4 while in gear with the clutch released. Output is a raw fuel quantity (injection time units) indexed by throttle angle and RPM.

HOW THE ECU USES IT: Code: FUN_4536c looks up all six maps of the cylinder 4 set (pointer table 0x17EBE4, index cyl*6+n); FUN_453B8 then uses map 1 as the result, blended with map 2 by a weight that is hard-coded to 0, so this map is the one that actually fuels cylinder 4. In neutral / clutch-in the ""TPS - Neutral/Clutch-In | Cyl 4"" map is used instead. Was ""TPS - User Mode | Gear 1"" in the DanCycles naming.

AXES: X axis: 26 points, 0.46 to 118 deg (abs. TP angle); Y axis: 50 points, 800 to 16000 RPM.

VALUES (stock 5JCZSJ40): 454 to 5257 raw (inj. time?).

TUNING NOTES: This is the cylinder 4 TPS fuel map you would normally tune. Changes here affect cylinder 4 only, so keep the four cylinder maps consistent unless you are correcting a cylinder-to-cylinder imbalance. How the TPS and IAP results are combined downstream has not been traced yet - change one family at a time and log.

CONFIDENCE: Cylinder assignment confirmed from code (cyl*6 indexing) and from data (stock cylinder-to-cylinder offsets match the Neutral/Clutch-In Cyl 1-4 maps exactly in the same order).

REFERENCE: data @0x17AD00, X axis @0x156944, Y axis @0x17AC9C, descriptor @0x156978, code FUN_4536c."
TPS - In Gear | Cyl 4 | Blend Map (inactive),Fuel; TPS; Unused / Inactive (stock),0x17B78C,Secondary TPS fuel map for cylinder 4.,"Secondary TPS fuel map for cylinder 4.

HOW THE ECU USES IT: FUN_453B8 blends this map into the main map with a weight computed as clamp(0, 0..1024) = 0 (enable word 0x18262A is non-zero but the weight source is a constant 0), so in the stock code this map has no effect. Was ""TPS - User Mode | Gear 2"" in the DanCycles naming.

AXES: X axis: 26 points, 0.46 to 118 deg (abs. TP angle); Y axis: 50 points, 800 to 16000 RPM.

VALUES (stock 5JCZSJ40): 454 to 5257 raw (inj. time?).

TUNING NOTES: Editing this map does nothing on the stock code path.

CONFIDENCE: Confirmed from disassembly of FUN_453B8.

REFERENCE: data @0x17B78C, X axis @0x156994, Y axis @0x17B728, descriptor @0x1569C8, code FUN_4536c."
TPS - In Gear | Cyl 4 | Spare 1 (unused),Fuel; TPS; Unused / Inactive (stock),0x17C218,Spare TPS fuel map slot 3 for cylinder 4.,"Spare TPS fuel map slot 3 for cylinder 4.

HOW THE ECU USES IT: Computed every cycle by FUN_4536c/45320 but the result (RAM 0xFEF01012/0xFEF01042 array slot 3-6) is never read by any other code. Was ""TPS - User Mode | Gear 3"" in the DanCycles naming.

AXES: X axis: 26 points, 0.46 to 118 deg (abs. TP angle); Y axis: 50 points, 800 to 16000 RPM.

VALUES (stock 5JCZSJ40): 454 to 5257 raw (inj. time?).

TUNING NOTES: No effect on the stock code path.

CONFIDENCE: Confirmed: no code reads the result.

REFERENCE: data @0x17C218, X axis @0x1569E4, Y axis @0x17C1B4, descriptor @0x156A18, code FUN_4536c."
TPS - In Gear | Cyl 4 | Spare 2 (unused),Fuel; TPS; Unused / Inactive (stock),0x17CCA4,Spare TPS fuel map slot 4 for cylinder 4.,"Spare TPS fuel map slot 4 for cylinder 4.

HOW THE ECU USES IT: Computed every cycle by FUN_4536c/45320 but the result (RAM 0xFEF01012/0xFEF01042 array slot 3-6) is never read by any other code. Was ""TPS - User Mode | Gear 4"" in the DanCycles naming.

AXES: X axis: 26 points, 0.46 to 118 deg (abs. TP angle); Y axis: 50 points, 800 to 16000 RPM.

VALUES (stock 5JCZSJ40): 454 to 5257 raw (inj. time?).

TUNING NOTES: No effect on the stock code path.

CONFIDENCE: Confirmed: no code reads the result.

REFERENCE: data @0x17CCA4, X axis @0x156A34, Y axis @0x17CC40, descriptor @0x156A68, code FUN_4536c."
TPS - In Gear | Cyl 4 | Spare 3 (unused),Fuel; TPS; Unused / Inactive (stock),0x17D730,Spare TPS fuel map slot 5 for cylinder 4.,"Spare TPS fuel map slot 5 for cylinder 4.

HOW THE ECU USES IT: Computed every cycle by FUN_4536c/45320 but the result (RAM 0xFEF01012/0xFEF01042 array slot 3-6) is never read by any other code. Was ""TPS - User Mode | Gear 5"" in the DanCycles naming.

AXES: X axis: 26 points, 0.46 to 118 deg (abs. TP angle); Y axis: 50 points, 800 to 16000 RPM.

VALUES (stock 5JCZSJ40): 454 to 5257 raw (inj. time?).

TUNING NOTES: No effect on the stock code path.

CONFIDENCE: Confirmed: no code reads the result.

REFERENCE: data @0x17D730, X axis @0x156A84, Y axis @0x17D6CC, descriptor @0x156AB8, code FUN_4536c."
TPS - In Gear | Cyl 4 | Spare 4 (unused),Fuel; TPS; Unused / Inactive (stock),0x17E1BC,Spare TPS fuel map slot 6 for cylinder 4.,"Spare TPS fuel map slot 6 for cylinder 4.

HOW THE ECU USES IT: Computed every cycle by FUN_4536c/45320 but the result (RAM 0xFEF01012/0xFEF01042 array slot 3-6) is never read by any other code. Was ""TPS - User Mode | Gear 6"" in the DanCycles naming.

AXES: X axis: 26 points, 0.46 to 118 deg (abs. TP angle); Y axis: 50 points, 800 to 16000 RPM.

VALUES (stock 5JCZSJ40): 454 to 5257 raw (inj. time?).

TUNING NOTES: No effect on the stock code path.

CONFIDENCE: Confirmed: no code reads the result.

REFERENCE: data @0x17E1BC, X axis @0x156AD4, Y axis @0x17E158, descriptor @0x156B08, code FUN_4536c."
TPS - Neutral/Clutch-In | Cyl 1,Fuel; TPS; Neutral/Clutch-In,0x17ECA8,"TPS base fuel map for cylinder 1 used while in NEUTRAL or with the CLUTCH PULLED (free-revving, blips, warm-up idle).","TPS base fuel map for cylinder 1 used while in NEUTRAL or with the CLUTCH PULLED (free-revving, blips, warm-up idle).

HOW THE ECU USES IT: FUN_454DA uses this map when flag 0xFEF0271D bit0 (gear = neutral OR clutch switch on) has been set for at least 3 cycles (counter >= 0x182703 = 3) and option 0x1826E8 != 3; otherwise it passes the in-gear result through.

AXES: X axis: 26 points, 0.46 to 118 deg (abs. TP angle); Y axis: 50 points, 800 to 16000 RPM.

VALUES (stock 5JCZSJ40): 467 to 5351 raw (inj. time?).

TUNING NOTES: Tune for idle quality and free-rev response. Has no effect when riding in gear with the clutch out.

CONFIDENCE: Confirmed from code.

REFERENCE: data @0x17ECA8, X axis @0x156B24, Y axis @0x17EC44, descriptor @0x156B58, code FUN_454da."
TPS - Neutral/Clutch-In | Cyl 2,Fuel; TPS; Neutral/Clutch-In,0x17F734,"TPS base fuel map for cylinder 2 used while in NEUTRAL or with the CLUTCH PULLED (free-revving, blips, warm-up idle).","TPS base fuel map for cylinder 2 used while in NEUTRAL or with the CLUTCH PULLED (free-revving, blips, warm-up idle).

HOW THE ECU USES IT: FUN_454DA uses this map when flag 0xFEF0271D bit0 (gear = neutral OR clutch switch on) has been set for at least 3 cycles (counter >= 0x182703 = 3) and option 0x1826E8 != 3; otherwise it passes the in-gear result through.

AXES: X axis: 26 points, 0.46 to 118 deg (abs. TP angle); Y axis: 50 points, 800 to 16000 RPM.

VALUES (stock 5JCZSJ40): 454 to 5132 raw (inj. time?).

TUNING NOTES: Tune for idle quality and free-rev response. Has no effect when riding in gear with the clutch out.

CONFIDENCE: Confirmed from code.

REFERENCE: data @0x17F734, X axis @0x156B74, Y axis @0x17F6D0, descriptor @0x156BA8, code FUN_454da."
TPS - Neutral/Clutch-In | Cyl 3,Fuel; TPS; Neutral/Clutch-In,0x1801C0,"TPS base fuel map for cylinder 3 used while in NEUTRAL or with the CLUTCH PULLED (free-revving, blips, warm-up idle).","TPS base fuel map for cylinder 3 used while in NEUTRAL or with the CLUTCH PULLED (free-revving, blips, warm-up idle).

HOW THE ECU USES IT: FUN_454DA uses this map when flag 0xFEF0271D bit0 (gear = neutral OR clutch switch on) has been set for at least 3 cycles (counter >= 0x182703 = 3) and option 0x1826E8 != 3; otherwise it passes the in-gear result through.

AXES: X axis: 26 points, 0.46 to 118 deg (abs. TP angle); Y axis: 50 points, 800 to 16000 RPM.

VALUES (stock 5JCZSJ40): 449 to 5162 raw (inj. time?).

TUNING NOTES: Tune for idle quality and free-rev response. Has no effect when riding in gear with the clutch out.

CONFIDENCE: Confirmed from code.

REFERENCE: data @0x1801C0, X axis @0x156BC4, Y axis @0x18015C, descriptor @0x156BF8, code FUN_454da."
TPS - Neutral/Clutch-In | Cyl 4,Fuel; TPS; Neutral/Clutch-In,0x180C4C,"TPS base fuel map for cylinder 4 used while in NEUTRAL or with the CLUTCH PULLED (free-revving, blips, warm-up idle).","TPS base fuel map for cylinder 4 used while in NEUTRAL or with the CLUTCH PULLED (free-revving, blips, warm-up idle).

HOW THE ECU USES IT: FUN_454DA uses this map when flag 0xFEF0271D bit0 (gear = neutral OR clutch switch on) has been set for at least 3 cycles (counter >= 0x182703 = 3) and option 0x1826E8 != 3; otherwise it passes the in-gear result through.

AXES: X axis: 26 points, 0.46 to 118 deg (abs. TP angle); Y axis: 50 points, 800 to 16000 RPM.

VALUES (stock 5JCZSJ40): 454 to 5257 raw (inj. time?).

TUNING NOTES: Tune for idle quality and free-rev response. Has no effect when riding in gear with the clutch out.

CONFIDENCE: Confirmed from code.

REFERENCE: data @0x180C4C, X axis @0x156C14, Y axis @0x180BE8, descriptor @0x156C48, code FUN_454da."
Cluster C :: Map [RPM x ?] 39x7 #164 (flat),Unidentified - Cluster C (IDs 0x163-0x181); Flat Maps (unused/disabled?),0x1816C4,Function not yet identified. ,"Function not yet identified. 

AXES: X axis: 39 points, 800 to 16000 RPM; Y axis: 7 points, 1.00 to 64.0 raw.

VALUES (stock 5JCZSJ40): 28.0 to 28.0 raw - every cell is the same (28.0), so the function is probably disabled or unused in this calibration.

REFERENCE: data @0x1816C4, X axis @0x181674, Y axis @0x157920, descriptor @0x156C64."
Cluster C :: Map [RPM x ?] 39x7 #166 (flat),Unidentified - Cluster C (IDs 0x163-0x181); Flat Maps (unused/disabled?),0x181828,Function not yet identified. ,"Function not yet identified. 

AXES: X axis: 39 points, 800 to 16000 RPM; Y axis: 7 points, 1.00 to 64.0 raw.

VALUES (stock 5JCZSJ40): 12.0 to 12.0 raw - every cell is the same (12.0), so the function is probably disabled or unused in this calibration.

REFERENCE: data @0x181828, X axis @0x1817D8, Y axis @0x157930, descriptor @0x156C80."
Cluster C :: Map [RPM x ?] 39x7 #168 (flat),Unidentified - Cluster C (IDs 0x163-0x181); Flat Maps (unused/disabled?),0x18198C,Function not yet identified. ,"Function not yet identified. 

AXES: X axis: 39 points, 800 to 16000 RPM; Y axis: 7 points, 1.00 to 64.0 raw.

VALUES (stock 5JCZSJ40): 8.00 to 8.00 raw - every cell is the same (8.00), so the function is probably disabled or unused in this calibration.

REFERENCE: data @0x18198C, X axis @0x18193C, Y axis @0x157940, descriptor @0x156C9C."
Cluster C :: Curve [RPM] 15pt FUN_44f4a #16A,Unidentified - Cluster C (IDs 0x163-0x181),0x157DB8,Function not yet identified. Name reflects the inputs the code feeds this table.,"Function not yet identified. Name reflects the inputs the code feeds this table.

HOW THE ECU USES IT: looked up by FUN_44f4a; X input = Engine speed (main) (RAM 0xFEF0258E).

AXES: X axis: 15 points, 4800 to 16000 RPM.

VALUES (stock 5JCZSJ40): 128 to 153 raw.

REFERENCE: data @0x157DB8, X axis @0x157950, descriptor @0x156CB8, code FUN_44f4a."
Cluster C :: Curve [RPM] 15pt FUN_44f4a #16B,Unidentified - Cluster C (IDs 0x163-0x181),0x157DC8,Function not yet identified. Name reflects the inputs the code feeds this table.,"Function not yet identified. Name reflects the inputs the code feeds this table.

HOW THE ECU USES IT: looked up by FUN_44f4a; X input = Engine speed (main) (RAM 0xFEF0258E).

AXES: X axis: 15 points, 4800 to 16000 RPM.

VALUES (stock 5JCZSJ40): 128 to 160 raw.

REFERENCE: data @0x157DC8, X axis @0x157970, descriptor @0x156CCC, code FUN_44f4a."
Cluster C :: Curve [RPM] 15pt FUN_44f4a #16C,Unidentified - Cluster C (IDs 0x163-0x181),0x157DD8,Function not yet identified. Name reflects the inputs the code feeds this table.,"Function not yet identified. Name reflects the inputs the code feeds this table.

HOW THE ECU USES IT: looked up by FUN_44f4a; X input = Engine speed (main) (RAM 0xFEF0258E).

AXES: X axis: 15 points, 4800 to 16000 RPM.

VALUES (stock 5JCZSJ40): 128 to 168 raw.

REFERENCE: data @0x157DD8, X axis @0x157990, descriptor @0x156CE0, code FUN_44f4a."
Cluster C :: Curve [RPM] 15pt FUN_44f4a #16D,Unidentified - Cluster C (IDs 0x163-0x181),0x157DE8,Function not yet identified. Name reflects the inputs the code feeds this table.,"Function not yet identified. Name reflects the inputs the code feeds this table.

HOW THE ECU USES IT: looked up by FUN_44f4a; X input = Engine speed (main) (RAM 0xFEF0258E).

AXES: X axis: 15 points, 4800 to 16000 RPM.

VALUES (stock 5JCZSJ40): 128 to 176 raw.

REFERENCE: data @0x157DE8, X axis @0x1579B0, descriptor @0x156CF4, code FUN_44f4a."
Battery Comp :: Curve [Vbatt] 7pt FUN_452d0 #16E,Battery Voltage Compensation; Unidentified - Cluster C (IDs 0x163-0x181),0x1579E0,Battery-voltage compensation (e.g. injector dead-time or dwell vs supply voltage). (Family-level description - specific use not individually confirmed.),"Battery-voltage compensation (e.g. injector dead-time or dwell vs supply voltage). (Family-level description - specific use not individually confirmed.)

HOW THE ECU USES IT: looked up by FUN_452d0; X input = Battery voltage, raw 10-bit ADC ch29 (RAM 0xFEF025A0).

AXES: X axis: 7 points, 7.03 to 16.4 V.

VALUES (stock 5JCZSJ40): 255 to 1355 raw.

REFERENCE: data @0x1579E0, X axis @0x1579D0, descriptor @0x156D08, code FUN_452d0."
Battery Comp :: Curve [Vbatt] 7pt FUN_452d0 #16F,Battery Voltage Compensation; Unidentified - Cluster C (IDs 0x163-0x181),0x157A00,Battery-voltage compensation (e.g. injector dead-time or dwell vs supply voltage). (Family-level description - specific use not individually confirmed.),"Battery-voltage compensation (e.g. injector dead-time or dwell vs supply voltage). (Family-level description - specific use not individually confirmed.)

HOW THE ECU USES IT: looked up by FUN_452d0; X input = Battery voltage, raw 10-bit ADC ch29 (RAM 0xFEF025A0).

AXES: X axis: 7 points, 7.03 to 18.8 V.

VALUES (stock 5JCZSJ40): 177 to 1375 raw.

REFERENCE: data @0x157A00, X axis @0x1579F0, descriptor @0x156D1C, code FUN_452d0."
Cluster C :: Map [? x RAM_fef020b9] 23x9 FUN_4511c #170 (flat),Unidentified - Cluster C (IDs 0x163-0x181); Flat Maps (unused/disabled?),0x181AA0,Function not yet identified. Name reflects the inputs the code feeds this table.,"Function not yet identified. Name reflects the inputs the code feeds this table.

HOW THE ECU USES IT: looked up by FUN_4511c; X input = param0; Y input = RAM 0xfef020b9.

AXES: X axis: 23 points, 14680 to 59963 raw; Y axis: 9 points, 0.00 to 255 raw.

VALUES (stock 5JCZSJ40): 128 to 128 raw - every cell is the same (128), so the function is probably disabled or unused in this calibration.

REFERENCE: data @0x181AA0, X axis @0x157A10, Y axis @0x157A40, descriptor @0x156D30, code FUN_4511c."
Cluster C :: Map [? x RAM_fef020b9] 23x9 FUN_4511c #172 (flat),Unidentified - Cluster C (IDs 0x163-0x181); Flat Maps (unused/disabled?),0x181B70,Function not yet identified. Name reflects the inputs the code feeds this table.,"Function not yet identified. Name reflects the inputs the code feeds this table.

HOW THE ECU USES IT: looked up by FUN_4511c; X input = param0; Y input = RAM 0xfef020b9.

AXES: X axis: 23 points, 14680 to 59963 raw; Y axis: 9 points, 0.00 to 255 raw.

VALUES (stock 5JCZSJ40): 128 to 128 raw - every cell is the same (128), so the function is probably disabled or unused in this calibration.

REFERENCE: data @0x181B70, X axis @0x157A54, Y axis @0x157A84, descriptor @0x156D4C, code FUN_4511c."
IGN :: Correction - 1,Ignition,0x157C28,Ignition-block curve located just ahead of the dwell and advance maps (correction vs. its input). Function unconfirmed. (Family-level description - specific use not individually confirmed.),"Ignition-block curve located just ahead of the dwell and advance maps (correction vs. its input). Function unconfirmed. (Family-level description - specific use not individually confirmed.)

HOW THE ECU USES IT: looked up by FUN_4c5ac; X input = RAM 0xfef01340.

AXES: X axis: 9 points, 4000 to 10400 RPM.

VALUES (stock 5JCZSJ40): 15565 to 31130 raw.

REFERENCE: data @0x157C28, X axis @0x157C14, descriptor @0x156EE8, code FUN_4c5ac."
IGN :: Correction - 2,Ignition; Flat Maps (unused/disabled?),0x154DBC,Ignition-block curve located just ahead of the dwell and advance maps (correction vs. its input). Function unconfirmed. (Family-level description - specific use not individually confirmed.),"Ignition-block curve located just ahead of the dwell and advance maps (correction vs. its input). Function unconfirmed. (Family-level description - specific use not individually confirmed.)

HOW THE ECU USES IT: looked up by FUN_4c67a; X input = Engine speed (main) (RAM 0xFEF0258E).

AXES: X axis: 16 points, 800 to 14400 RPM.

VALUES (stock 5JCZSJ40): 20.0 to 20.0 raw - every cell is the same (20.0), so the function is probably disabled or unused in this calibration.

REFERENCE: data @0x154DBC, X axis @0x154D9C, descriptor @0x156F2C, code FUN_4c67a."
IGN :: Correction - 3,Ignition,0x156F64,Ignition-block curve located just ahead of the dwell and advance maps (correction vs. its input). Function unconfirmed. (Family-level description - specific use not individually confirmed.),"Ignition-block curve located just ahead of the dwell and advance maps (correction vs. its input). Function unconfirmed. (Family-level description - specific use not individually confirmed.)

HOW THE ECU USES IT: looked up by FUN_4c51a; X input = Engine speed (main) (RAM 0xFEF0258E).

AXES: X axis: 18 points, 800 to 14400 RPM.

VALUES (stock 5JCZSJ40): 1.00 to 12.0 raw.

REFERENCE: data @0x156F64, X axis @0x156F40, descriptor @0x156F88, code FUN_4c51a."
IGN :: Correction - 4,Ignition,0x156FC0,Ignition-block curve located just ahead of the dwell and advance maps (correction vs. its input). Function unconfirmed. (Family-level description - specific use not individually confirmed.),"Ignition-block curve located just ahead of the dwell and advance maps (correction vs. its input). Function unconfirmed. (Family-level description - specific use not individually confirmed.)

HOW THE ECU USES IT: looked up by FUN_4c67a; X input = Engine speed (main) (RAM 0xFEF0258E).

AXES: X axis: 18 points, 800 to 14400 RPM.

VALUES (stock 5JCZSJ40): 2065 to 4770 raw.

REFERENCE: data @0x156FC0, X axis @0x156F9C, descriptor @0x156FE4, code FUN_4c67a."
IGN :: Correction - 5,Ignition,0x15701C,Ignition-block curve located just ahead of the dwell and advance maps (correction vs. its input). Function unconfirmed. (Family-level description - specific use not individually confirmed.),"Ignition-block curve located just ahead of the dwell and advance maps (correction vs. its input). Function unconfirmed. (Family-level description - specific use not individually confirmed.)

HOW THE ECU USES IT: looked up by FUN_4c67a; X input = Engine speed (main) (RAM 0xFEF0258E).

AXES: X axis: 18 points, 800 to 14400 RPM.

VALUES (stock 5JCZSJ40): 54.0 to 83.0 raw.

REFERENCE: data @0x15701C, X axis @0x156FF8, descriptor @0x157040, code FUN_4c67a."
IGN :: Correction - 6,Ignition,0x157078,Ignition-block curve located just ahead of the dwell and advance maps (correction vs. its input). Function unconfirmed. (Family-level description - specific use not individually confirmed.),"Ignition-block curve located just ahead of the dwell and advance maps (correction vs. its input). Function unconfirmed. (Family-level description - specific use not individually confirmed.)

HOW THE ECU USES IT: looked up by FUN_4c67a; X input = Engine speed (main) (RAM 0xFEF0258E).

AXES: X axis: 18 points, 800 to 14400 RPM.

VALUES (stock 5JCZSJ40): 3277 to 5243 raw.

REFERENCE: data @0x157078, X axis @0x157054, descriptor @0x15709C, code FUN_4c67a."
IGN :: Correction - 7,Ignition,0x1570D4,Ignition-block curve located just ahead of the dwell and advance maps (correction vs. its input). Function unconfirmed. (Family-level description - specific use not individually confirmed.),"Ignition-block curve located just ahead of the dwell and advance maps (correction vs. its input). Function unconfirmed. (Family-level description - specific use not individually confirmed.)

HOW THE ECU USES IT: looked up by FUN_4c67a; X input = Engine speed (main) (RAM 0xFEF0258E).

AXES: X axis: 18 points, 800 to 14400 RPM.

VALUES (stock 5JCZSJ40): 2065 to 4770 raw.

REFERENCE: data @0x1570D4, X axis @0x1570B0, descriptor @0x1570F8, code FUN_4c67a."
IGN :: Correction - 8,Ignition,0x157130,Ignition-block curve located just ahead of the dwell and advance maps (correction vs. its input). Function unconfirmed. (Family-level description - specific use not individually confirmed.),"Ignition-block curve located just ahead of the dwell and advance maps (correction vs. its input). Function unconfirmed. (Family-level description - specific use not individually confirmed.)

HOW THE ECU USES IT: looked up by FUN_4c67a; X input = Engine speed (main) (RAM 0xFEF0258E).

AXES: X axis: 18 points, 800 to 14400 RPM.

VALUES (stock 5JCZSJ40): 107 to 165 raw.

REFERENCE: data @0x157130, X axis @0x15710C, descriptor @0x157154, code FUN_4c67a."
IGN :: Correction - 9,Ignition; Flat Maps (unused/disabled?),0x15718C,Ignition-block curve located just ahead of the dwell and advance maps (correction vs. its input). Function unconfirmed. (Family-level description - specific use not individually confirmed.),"Ignition-block curve located just ahead of the dwell and advance maps (correction vs. its input). Function unconfirmed. (Family-level description - specific use not individually confirmed.)

HOW THE ECU USES IT: looked up by FUN_4c67a; X input = Engine speed (main) (RAM 0xFEF0258E).

AXES: X axis: 18 points, 800 to 14400 RPM.

VALUES (stock 5JCZSJ40): 4260 to 4260 raw - every cell is the same (4260), so the function is probably disabled or unused in this calibration.

REFERENCE: data @0x15718C, X axis @0x157168, descriptor @0x1571B0, code FUN_4c67a."
IGN :: Correction - 10,Ignition,0x1571E8,Ignition-block curve located just ahead of the dwell and advance maps (correction vs. its input). Function unconfirmed. (Family-level description - specific use not individually confirmed.),"Ignition-block curve located just ahead of the dwell and advance maps (correction vs. its input). Function unconfirmed. (Family-level description - specific use not individually confirmed.)

HOW THE ECU USES IT: looked up by FUN_4c67a; X input = Engine speed (main) (RAM 0xFEF0258E).

AXES: X axis: 18 points, 800 to 14400 RPM.

VALUES (stock 5JCZSJ40): 655 to 1022 raw.

REFERENCE: data @0x1571E8, X axis @0x1571C4, descriptor @0x15720C, code FUN_4c67a."
IGN :: Correction - 11,Ignition,0x157244,Ignition-block curve located just ahead of the dwell and advance maps (correction vs. its input). Function unconfirmed. (Family-level description - specific use not individually confirmed.),"Ignition-block curve located just ahead of the dwell and advance maps (correction vs. its input). Function unconfirmed. (Family-level description - specific use not individually confirmed.)

HOW THE ECU USES IT: looked up by FUN_4c67a; X input = Engine speed (main) (RAM 0xFEF0258E).

AXES: X axis: 18 points, 800 to 14400 RPM.

VALUES (stock 5JCZSJ40): 819 to 1277 raw.

REFERENCE: data @0x157244, X axis @0x157220, descriptor @0x157268, code FUN_4c67a."
IGN :: Correction - 12,Ignition; Flat Maps (unused/disabled?),0x1572A0,Ignition-block curve located just ahead of the dwell and advance maps (correction vs. its input). Function unconfirmed. (Family-level description - specific use not individually confirmed.),"Ignition-block curve located just ahead of the dwell and advance maps (correction vs. its input). Function unconfirmed. (Family-level description - specific use not individually confirmed.)

HOW THE ECU USES IT: looked up by FUN_4c67a; X input = Engine speed (main) (RAM 0xFEF0258E).

AXES: X axis: 18 points, 800 to 14400 RPM.

VALUES (stock 5JCZSJ40): 32768 to 32768 raw - every cell is the same (32768), so the function is probably disabled or unused in this calibration.

REFERENCE: data @0x1572A0, X axis @0x15727C, descriptor @0x1572C4, code FUN_4c67a."
IGN :: Correction - 13,Ignition; Flat Maps (unused/disabled?),0x1572FC,Ignition-block curve located just ahead of the dwell and advance maps (correction vs. its input). Function unconfirmed. (Family-level description - specific use not individually confirmed.),"Ignition-block curve located just ahead of the dwell and advance maps (correction vs. its input). Function unconfirmed. (Family-level description - specific use not individually confirmed.)

HOW THE ECU USES IT: looked up by FUN_4c67a; X input = Engine speed (main) (RAM 0xFEF0258E).

AXES: X axis: 18 points, 800 to 14400 RPM.

VALUES (stock 5JCZSJ40): 4096 to 4096 raw - every cell is the same (4096), so the function is probably disabled or unused in this calibration.

REFERENCE: data @0x1572FC, X axis @0x1572D8, descriptor @0x157320, code FUN_4c67a."
IGN :: Correction Map - 1,Ignition,0x182324,Ignition-block curve located just ahead of the dwell and advance maps (correction vs. its input). Function unconfirmed. (Family-level description - specific use not individually confirmed.),"Ignition-block curve located just ahead of the dwell and advance maps (correction vs. its input). Function unconfirmed. (Family-level description - specific use not individually confirmed.)

HOW THE ECU USES IT: looked up by FUN_4c67a; X input = Throttle valve position (from TP sensors, ADC ch0B/ch2C) (RAM 0xFEF02602); Y input = Engine speed (main) (RAM 0xFEF0258E).

AXES: X axis: 10 points, 0.00 to 123 deg (abs. TP angle); Y axis: 18 points, 1600 to 15200 RPM.

VALUES (stock 5JCZSJ40): 6554 to 32768 raw.

REFERENCE: data @0x182324, X axis @0x157334, Y axis @0x157348, descriptor @0x15736C, code FUN_4c67a."
IGN :: Correction - 14,Ignition,0x157C68,Ignition-block curve located just ahead of the dwell and advance maps (correction vs. its input). Function unconfirmed. (Family-level description - specific use not individually confirmed.),"Ignition-block curve located just ahead of the dwell and advance maps (correction vs. its input). Function unconfirmed. (Family-level description - specific use not individually confirmed.)

HOW THE ECU USES IT: looked up by FUN_4b76a; X input = Engine speed (main) (RAM 0xFEF0258E).

AXES: X axis: 13 points, 100 to 1200 RPM.

VALUES (stock 5JCZSJ40): 3042 to 14500 raw.

REFERENCE: data @0x157C68, X axis @0x157C4C, descriptor @0x157388, code FUN_4b76a."
IGN :: Correction - 15,Ignition; Flat Maps (unused/disabled?),0x184A84,Ignition-block curve located just ahead of the dwell and advance maps (correction vs. its input). Function unconfirmed. (Family-level description - specific use not individually confirmed.),"Ignition-block curve located just ahead of the dwell and advance maps (correction vs. its input). Function unconfirmed. (Family-level description - specific use not individually confirmed.)

HOW THE ECU USES IT: looked up by FUN_5145c; X input = Engine coolant temperature (ADC ch2D), 8-bit (RAM 0xFEF026BD).

AXES: X axis: 22 points, -19.7 to 190 deg C.

VALUES (stock 5JCZSJ40): 0.00 to 0.00 raw - every cell is the same (0.00), so the function is probably disabled or unused in this calibration.

REFERENCE: data @0x184A84, X axis @0x182D68, descriptor @0x182DA8, code FUN_5145c."
IGN :: Correction - 16,Ignition; Flat Maps (unused/disabled?),0x184A9C,Ignition-block curve located just ahead of the dwell and advance maps (correction vs. its input). Function unconfirmed. (Family-level description - specific use not individually confirmed.),"Ignition-block curve located just ahead of the dwell and advance maps (correction vs. its input). Function unconfirmed. (Family-level description - specific use not individually confirmed.)

HOW THE ECU USES IT: looked up by FUN_5145c; X input = Engine coolant temperature (ADC ch2D), 8-bit (RAM 0xFEF026BD).

AXES: X axis: 22 points, -19.7 to 190 deg C.

VALUES (stock 5JCZSJ40): 0.00 to 0.00 raw - every cell is the same (0.00), so the function is probably disabled or unused in this calibration.

REFERENCE: data @0x184A9C, X axis @0x182D68, descriptor @0x182DBC, code FUN_5145c."
IGN :: Correction - 17,Ignition; Flat Maps (unused/disabled?),0x184AB4,Ignition-block curve located just ahead of the dwell and advance maps (correction vs. its input). Function unconfirmed. (Family-level description - specific use not individually confirmed.),"Ignition-block curve located just ahead of the dwell and advance maps (correction vs. its input). Function unconfirmed. (Family-level description - specific use not individually confirmed.)

HOW THE ECU USES IT: looked up by FUN_5145c; X input = Engine coolant temperature (ADC ch2D), 8-bit (RAM 0xFEF026BD).

AXES: X axis: 22 points, -19.7 to 190 deg C.

VALUES (stock 5JCZSJ40): 0.00 to 0.00 raw - every cell is the same (0.00), so the function is probably disabled or unused in this calibration.

REFERENCE: data @0x184AB4, X axis @0x182D68, descriptor @0x182DD0, code FUN_5145c."
IGN :: Correction - 18,Ignition; Flat Maps (unused/disabled?),0x184ACC,Ignition-block curve located just ahead of the dwell and advance maps (correction vs. its input). Function unconfirmed. (Family-level description - specific use not individually confirmed.),"Ignition-block curve located just ahead of the dwell and advance maps (correction vs. its input). Function unconfirmed. (Family-level description - specific use not individually confirmed.)

HOW THE ECU USES IT: looked up by FUN_5145c; X input = Engine coolant temperature (ADC ch2D), 8-bit (RAM 0xFEF026BD).

AXES: X axis: 22 points, -19.7 to 190 deg C.

VALUES (stock 5JCZSJ40): 0.00 to 0.00 raw - every cell is the same (0.00), so the function is probably disabled or unused in this calibration.

REFERENCE: data @0x184ACC, X axis @0x182D68, descriptor @0x182DE4, code FUN_5145c."
IGN :: Correction - 19,Ignition; Flat Maps (unused/disabled?),0x184AE4,Ignition-block curve located just ahead of the dwell and advance maps (correction vs. its input). Function unconfirmed. (Family-level description - specific use not individually confirmed.),"Ignition-block curve located just ahead of the dwell and advance maps (correction vs. its input). Function unconfirmed. (Family-level description - specific use not individually confirmed.)

HOW THE ECU USES IT: looked up by FUN_5145c; X input = Engine coolant temperature (ADC ch2D), 8-bit (RAM 0xFEF026BD).

AXES: X axis: 22 points, -19.7 to 190 deg C.

VALUES (stock 5JCZSJ40): 0.00 to 0.00 raw - every cell is the same (0.00), so the function is probably disabled or unused in this calibration.

REFERENCE: data @0x184AE4, X axis @0x182D68, descriptor @0x182DF8, code FUN_5145c."
IGN :: Correction - 20,Ignition; Flat Maps (unused/disabled?),0x184AFC,Ignition-block curve located just ahead of the dwell and advance maps (correction vs. its input). Function unconfirmed. (Family-level description - specific use not individually confirmed.),"Ignition-block curve located just ahead of the dwell and advance maps (correction vs. its input). Function unconfirmed. (Family-level description - specific use not individually confirmed.)

HOW THE ECU USES IT: looked up by FUN_5145c; X input = Engine speed (main) (RAM 0xFEF0258E).

AXES: X axis: 10 points, 1000 to 7000 RPM.

VALUES (stock 5JCZSJ40): 0.00 to 0.00 raw - every cell is the same (0.00), so the function is probably disabled or unused in this calibration.

REFERENCE: data @0x184AFC, X axis @0x182E0C, descriptor @0x182E20, code FUN_5145c."
IGN :: Correction - 21,Ignition; Flat Maps (unused/disabled?),0x186BE8,Ignition-block curve located just ahead of the dwell and advance maps (correction vs. its input). Function unconfirmed. (Family-level description - specific use not individually confirmed.),"Ignition-block curve located just ahead of the dwell and advance maps (correction vs. its input). Function unconfirmed. (Family-level description - specific use not individually confirmed.)

HOW THE ECU USES IT: looked up by FUN_4fd0e; X input = Intake air temperature (ADC ch02, 8-bit) - used in calculated-load density correction (RAM 0xFEF026C3).

AXES: X axis: 21 points, -15.0 to 135 deg C.

VALUES (stock 5JCZSJ40): 64.0 to 64.0 raw - every cell is the same (64.0), so the function is probably disabled or unused in this calibration.

REFERENCE: data @0x186BE8, X axis @0x186BD0, descriptor @0x182E34, code FUN_4fd0e."
IGN :: Correction - 22,Ignition,0x1828B0,Ignition-block curve located just ahead of the dwell and advance maps (correction vs. its input). Function unconfirmed. (Family-level description - specific use not individually confirmed.),"Ignition-block curve located just ahead of the dwell and advance maps (correction vs. its input). Function unconfirmed. (Family-level description - specific use not individually confirmed.)

HOW THE ECU USES IT: looked up by FUN_4fe00; X input = .

AXES: X axis: 5 points, 13300 to 14900 RPM.

VALUES (stock 5JCZSJ40): 21.0 to 47.0 raw.

REFERENCE: data @0x1828B0, X axis @0x184B08, descriptor @0x182E48, code FUN_4fe00."
IGN :: Correction - 23,Ignition,0x186C00,Ignition-block curve located just ahead of the dwell and advance maps (correction vs. its input). Function unconfirmed. (Family-level description - specific use not individually confirmed.),"Ignition-block curve located just ahead of the dwell and advance maps (correction vs. its input). Function unconfirmed. (Family-level description - specific use not individually confirmed.)

HOW THE ECU USES IT: looked up by FUN_5006a; X input = Barometric/atmospheric pressure (AP sensor, ADC ch30) - used as the reference in calculated load and vacuum (RAM 0xFEF025C0).

AXES: X axis: 27 points, 50.0 to 125 kPa.

VALUES (stock 5JCZSJ40): 0.00 to 99.0 raw.

REFERENCE: data @0x186C00, X axis @0x184B14, descriptor @0x182E5C, code FUN_5006a."
IGN :: Correction - 24,Ignition,0x184B4C,Ignition-block curve located just ahead of the dwell and advance maps (correction vs. its input). Function unconfirmed. (Family-level description - specific use not individually confirmed.),"Ignition-block curve located just ahead of the dwell and advance maps (correction vs. its input). Function unconfirmed. (Family-level description - specific use not individually confirmed.)

HOW THE ECU USES IT: looked up by FUN_4ffa2; X input = Engine coolant temperature (ADC ch2D), 8-bit (RAM 0xFEF026BD).

AXES: X axis: 22 points, -19.7 to 190 deg C.

VALUES (stock 5JCZSJ40): 2.00 to 24.0 raw.

REFERENCE: data @0x184B4C, X axis @0x182D68, descriptor @0x182E70, code FUN_4ffa2."
IGN :: Correction - 25,Ignition; Flat Maps (unused/disabled?),0x1828C0,Ignition-block curve located just ahead of the dwell and advance maps (correction vs. its input). Function unconfirmed. (Family-level description - specific use not individually confirmed.),"Ignition-block curve located just ahead of the dwell and advance maps (correction vs. its input). Function unconfirmed. (Family-level description - specific use not individually confirmed.)

HOW THE ECU USES IT: looked up by FUN_520e0; X input = Engine coolant temperature (ADC ch2D), 8-bit (RAM 0xFEF026BD).

AXES: X axis: 5 points, 69.4 to 110 deg C.

VALUES (stock 5JCZSJ40): 0.00 to 0.00 raw - every cell is the same (0.00), so the function is probably disabled or unused in this calibration.

REFERENCE: data @0x1828C0, X axis @0x1828B8, descriptor @0x182E84, code FUN_520e0."
IGN :: Correction - 26,Ignition; Flat Maps (unused/disabled?),0x1828E8,Ignition-block curve located just ahead of the dwell and advance maps (correction vs. its input). Function unconfirmed. (Family-level description - specific use not individually confirmed.),"Ignition-block curve located just ahead of the dwell and advance maps (correction vs. its input). Function unconfirmed. (Family-level description - specific use not individually confirmed.)

HOW THE ECU USES IT: looked up by FUN_51d28; X input = Engine speed (ignition copy) (RAM 0xFEF0155C).

AXES: X axis: 8 points, 1000 to 9000 RPM.

VALUES (stock 5JCZSJ40): 765 to 765 raw - every cell is the same (765), so the function is probably disabled or unused in this calibration.

REFERENCE: data @0x1828E8, X axis @0x1828D8, descriptor @0x182E98, code FUN_51d28."
IGN :: Correction - 27,Ignition,0x182908,Ignition-block curve located just ahead of the dwell and advance maps (correction vs. its input). Function unconfirmed. (Family-level description - specific use not individually confirmed.),"Ignition-block curve located just ahead of the dwell and advance maps (correction vs. its input). Function unconfirmed. (Family-level description - specific use not individually confirmed.)

HOW THE ECU USES IT: looked up by FUN_51d92; X input = Engine speed (ignition copy) (RAM 0xFEF0155C).

AXES: X axis: 8 points, 1000 to 9000 RPM.

VALUES (stock 5JCZSJ40): 1091 to 3392 raw.

REFERENCE: data @0x182908, X axis @0x1828F8, descriptor @0x182EAC, code FUN_51d92."
IGN :: Correction - 28,Ignition; Flat Maps (unused/disabled?),0x182928,Ignition-block curve located just ahead of the dwell and advance maps (correction vs. its input). Function unconfirmed. (Family-level description - specific use not individually confirmed.),"Ignition-block curve located just ahead of the dwell and advance maps (correction vs. its input). Function unconfirmed. (Family-level description - specific use not individually confirmed.)

HOW THE ECU USES IT: looked up by FUN_51d28; X input = Engine speed (ignition copy) (RAM 0xFEF0155C).

AXES: X axis: 8 points, 1000 to 9000 RPM.

VALUES (stock 5JCZSJ40): 765 to 765 raw - every cell is the same (765), so the function is probably disabled or unused in this calibration.

REFERENCE: data @0x182928, X axis @0x182918, descriptor @0x182EC0, code FUN_51d28."
IGN :: Correction - 29,Ignition,0x182948,Ignition-block curve located just ahead of the dwell and advance maps (correction vs. its input). Function unconfirmed. (Family-level description - specific use not individually confirmed.),"Ignition-block curve located just ahead of the dwell and advance maps (correction vs. its input). Function unconfirmed. (Family-level description - specific use not individually confirmed.)

HOW THE ECU USES IT: looked up by FUN_51d92; X input = Engine speed (ignition copy) (RAM 0xFEF0155C).

AXES: X axis: 8 points, 1000 to 9000 RPM.

VALUES (stock 5JCZSJ40): 1091 to 3392 raw.

REFERENCE: data @0x182948, X axis @0x182938, descriptor @0x182ED4, code FUN_51d92."
IGN :: Correction - 30,Ignition; Flat Maps (unused/disabled?),0x182968,Ignition-block curve located just ahead of the dwell and advance maps (correction vs. its input). Function unconfirmed. (Family-level description - specific use not individually confirmed.),"Ignition-block curve located just ahead of the dwell and advance maps (correction vs. its input). Function unconfirmed. (Family-level description - specific use not individually confirmed.)

HOW THE ECU USES IT: looked up by FUN_51d28; X input = Engine speed (ignition copy) (RAM 0xFEF0155C).

AXES: X axis: 8 points, 1000 to 9000 RPM.

VALUES (stock 5JCZSJ40): 765 to 765 raw - every cell is the same (765), so the function is probably disabled or unused in this calibration.

REFERENCE: data @0x182968, X axis @0x182958, descriptor @0x182EE8, code FUN_51d28."
IGN :: Correction - 31,Ignition,0x182988,Ignition-block curve located just ahead of the dwell and advance maps (correction vs. its input). Function unconfirmed. (Family-level description - specific use not individually confirmed.),"Ignition-block curve located just ahead of the dwell and advance maps (correction vs. its input). Function unconfirmed. (Family-level description - specific use not individually confirmed.)

HOW THE ECU USES IT: looked up by FUN_51d92; X input = Engine speed (ignition copy) (RAM 0xFEF0155C).

AXES: X axis: 8 points, 1000 to 9000 RPM.

VALUES (stock 5JCZSJ40): 1091 to 3392 raw.

REFERENCE: data @0x182988, X axis @0x182978, descriptor @0x182EFC, code FUN_51d92."
IGN :: Correction - 32,Ignition; Flat Maps (unused/disabled?),0x1829A8,Ignition-block curve located just ahead of the dwell and advance maps (correction vs. its input). Function unconfirmed. (Family-level description - specific use not individually confirmed.),"Ignition-block curve located just ahead of the dwell and advance maps (correction vs. its input). Function unconfirmed. (Family-level description - specific use not individually confirmed.)

HOW THE ECU USES IT: looked up by FUN_51d28; X input = Engine speed (ignition copy) (RAM 0xFEF0155C).

AXES: X axis: 8 points, 1000 to 9000 RPM.

VALUES (stock 5JCZSJ40): 765 to 765 raw - every cell is the same (765), so the function is probably disabled or unused in this calibration.

REFERENCE: data @0x1829A8, X axis @0x182998, descriptor @0x182F10, code FUN_51d28."
IGN :: Correction - 33,Ignition,0x1829C8,Ignition-block curve located just ahead of the dwell and advance maps (correction vs. its input). Function unconfirmed. (Family-level description - specific use not individually confirmed.),"Ignition-block curve located just ahead of the dwell and advance maps (correction vs. its input). Function unconfirmed. (Family-level description - specific use not individually confirmed.)

HOW THE ECU USES IT: looked up by FUN_51d92; X input = Engine speed (ignition copy) (RAM 0xFEF0155C).

AXES: X axis: 8 points, 1000 to 9000 RPM.

VALUES (stock 5JCZSJ40): 1091 to 3392 raw.

REFERENCE: data @0x1829C8, X axis @0x1829B8, descriptor @0x182F24, code FUN_51d92."
IGN :: Correction - 34,Ignition; Flat Maps (unused/disabled?),0x1829E8,Ignition-block curve located just ahead of the dwell and advance maps (correction vs. its input). Function unconfirmed. (Family-level description - specific use not individually confirmed.),"Ignition-block curve located just ahead of the dwell and advance maps (correction vs. its input). Function unconfirmed. (Family-level description - specific use not individually confirmed.)

HOW THE ECU USES IT: looked up by FUN_51d28; X input = Engine speed (ignition copy) (RAM 0xFEF0155C).

AXES: X axis: 8 points, 1000 to 9000 RPM.

VALUES (stock 5JCZSJ40): 765 to 765 raw - every cell is the same (765), so the function is probably disabled or unused in this calibration.

REFERENCE: data @0x1829E8, X axis @0x1829D8, descriptor @0x182F38, code FUN_51d28."
IGN :: Correction - 35,Ignition,0x182A08,Ignition-block curve located just ahead of the dwell and advance maps (correction vs. its input). Function unconfirmed. (Family-level description - specific use not individually confirmed.),"Ignition-block curve located just ahead of the dwell and advance maps (correction vs. its input). Function unconfirmed. (Family-level description - specific use not individually confirmed.)

HOW THE ECU USES IT: looked up by FUN_51d92; X input = Engine speed (ignition copy) (RAM 0xFEF0155C).

AXES: X axis: 8 points, 1000 to 9000 RPM.

VALUES (stock 5JCZSJ40): 1091 to 3392 raw.

REFERENCE: data @0x182A08, X axis @0x1829F8, descriptor @0x182F4C, code FUN_51d92."
IGN :: Correction - 36,Ignition; Flat Maps (unused/disabled?),0x182A28,Ignition-block curve located just ahead of the dwell and advance maps (correction vs. its input). Function unconfirmed. (Family-level description - specific use not individually confirmed.),"Ignition-block curve located just ahead of the dwell and advance maps (correction vs. its input). Function unconfirmed. (Family-level description - specific use not individually confirmed.)

HOW THE ECU USES IT: looked up by FUN_51d28; X input = Engine speed (ignition copy) (RAM 0xFEF0155C).

AXES: X axis: 8 points, 1000 to 9000 RPM.

VALUES (stock 5JCZSJ40): 765 to 765 raw - every cell is the same (765), so the function is probably disabled or unused in this calibration.

REFERENCE: data @0x182A28, X axis @0x182A18, descriptor @0x182F60, code FUN_51d28."
IGN :: Correction - 37,Ignition,0x182A48,Ignition-block curve located just ahead of the dwell and advance maps (correction vs. its input). Function unconfirmed. (Family-level description - specific use not individually confirmed.),"Ignition-block curve located just ahead of the dwell and advance maps (correction vs. its input). Function unconfirmed. (Family-level description - specific use not individually confirmed.)

HOW THE ECU USES IT: looked up by FUN_51d92; X input = Engine speed (ignition copy) (RAM 0xFEF0155C).

AXES: X axis: 8 points, 1000 to 9000 RPM.

VALUES (stock 5JCZSJ40): 1091 to 3392 raw.

REFERENCE: data @0x182A48, X axis @0x182A38, descriptor @0x182F74, code FUN_51d92."
IGN :: Correction - 38,Ignition; Flat Maps (unused/disabled?),0x1828D0,Ignition-block curve located just ahead of the dwell and advance maps (correction vs. its input). Function unconfirmed. (Family-level description - specific use not individually confirmed.),"Ignition-block curve located just ahead of the dwell and advance maps (correction vs. its input). Function unconfirmed. (Family-level description - specific use not individually confirmed.)

HOW THE ECU USES IT: looked up by FUN_51f14; X input = Engine coolant temperature (ADC ch2D), 8-bit (RAM 0xFEF026BD).

AXES: X axis: 5 points, 69.4 to 110 deg C.

VALUES (stock 5JCZSJ40): 128 to 128 raw - every cell is the same (128), so the function is probably disabled or unused in this calibration.

REFERENCE: data @0x1828D0, X axis @0x1828C8, descriptor @0x182F88, code FUN_51f14."
IGN :: Correction - 39,Ignition,0x184B84,Ignition-block curve located just ahead of the dwell and advance maps (correction vs. its input). Function unconfirmed. (Family-level description - specific use not individually confirmed.),"Ignition-block curve located just ahead of the dwell and advance maps (correction vs. its input). Function unconfirmed. (Family-level description - specific use not individually confirmed.)

HOW THE ECU USES IT: looked up by FUN_52266; X input = Engine coolant temperature (ADC ch2D), 8-bit (RAM 0xFEF026BD).

AXES: X axis: 14 points, -20.6 to 110 deg C.

VALUES (stock 5JCZSJ40): 0.00 to 128 raw.

REFERENCE: data @0x184B84, X axis @0x184B74, descriptor @0x182FCC, code FUN_52266."
IGN :: Correction - 40,Ignition,0x186C1C,Ignition-block curve located just ahead of the dwell and advance maps (correction vs. its input). Function unconfirmed. (Family-level description - specific use not individually confirmed.),"Ignition-block curve located just ahead of the dwell and advance maps (correction vs. its input). Function unconfirmed. (Family-level description - specific use not individually confirmed.)

HOW THE ECU USES IT: looked up by FUN_50f52; X input = Engine speed (copy) (RAM 0xFEF0258C).

AXES: X axis: 29 points, 800 to 12000 RPM.

VALUES (stock 5JCZSJ40): 105 to 166 raw.

REFERENCE: data @0x186C1C, X axis @0x184B94, descriptor @0x182FE0, code FUN_50f52."
IGN :: Correction - 41,Ignition,0x186C3C,Ignition-block curve located just ahead of the dwell and advance maps (correction vs. its input). Function unconfirmed. (Family-level description - specific use not individually confirmed.),"Ignition-block curve located just ahead of the dwell and advance maps (correction vs. its input). Function unconfirmed. (Family-level description - specific use not individually confirmed.)

HOW THE ECU USES IT: looked up by FUN_50f52; X input = Engine speed (copy) (RAM 0xFEF0258C).

AXES: X axis: 29 points, 800 to 12000 RPM.

VALUES (stock 5JCZSJ40): 146 to 168 raw.

REFERENCE: data @0x186C3C, X axis @0x184BD0, descriptor @0x182FF4, code FUN_50f52."
IGN :: Correction - 42,Ignition,0x186C5C,Ignition-block curve located just ahead of the dwell and advance maps (correction vs. its input). Function unconfirmed. (Family-level description - specific use not individually confirmed.),"Ignition-block curve located just ahead of the dwell and advance maps (correction vs. its input). Function unconfirmed. (Family-level description - specific use not individually confirmed.)

HOW THE ECU USES IT: looked up by FUN_50f52; X input = Engine speed (copy) (RAM 0xFEF0258C).

AXES: X axis: 29 points, 800 to 12000 RPM.

VALUES (stock 5JCZSJ40): 146 to 168 raw.

REFERENCE: data @0x186C5C, X axis @0x184C0C, descriptor @0x183008, code FUN_50f52."
IGN :: Correction - 43,Ignition,0x186C7C,Ignition-block curve located just ahead of the dwell and advance maps (correction vs. its input). Function unconfirmed. (Family-level description - specific use not individually confirmed.),"Ignition-block curve located just ahead of the dwell and advance maps (correction vs. its input). Function unconfirmed. (Family-level description - specific use not individually confirmed.)

HOW THE ECU USES IT: looked up by FUN_50f52; X input = Engine speed (copy) (RAM 0xFEF0258C).

AXES: X axis: 29 points, 800 to 12000 RPM.

VALUES (stock 5JCZSJ40): 105 to 166 raw.

REFERENCE: data @0x186C7C, X axis @0x184C48, descriptor @0x18301C, code FUN_50f52."
IGN :: Correction - 44,Ignition,0x184C90,Ignition-block curve located just ahead of the dwell and advance maps (correction vs. its input). Function unconfirmed. (Family-level description - specific use not individually confirmed.),"Ignition-block curve located just ahead of the dwell and advance maps (correction vs. its input). Function unconfirmed. (Family-level description - specific use not individually confirmed.)

HOW THE ECU USES IT: looked up by FUN_505da; X input = Intake air temperature (ADC ch02, 8-bit) - used in calculated-load density correction (RAM 0xFEF026C3).

AXES: X axis: 10 points, 15.0 to 82.5 deg C.

VALUES (stock 5JCZSJ40): 96.0 to 153 raw.

REFERENCE: data @0x184C90, X axis @0x184C84, descriptor @0x183030, code FUN_505da."
IGN :: Volt-Dwell - 1,Ignition; Ignition Volt-Dwell,0x187134,Function not yet identified. Name reflects the inputs the code feeds this table.,"Function not yet identified. Name reflects the inputs the code feeds this table.

HOW THE ECU USES IT: looked up by FUN_4f3a0; X input = Battery voltage, raw 10-bit ADC ch29 (RAM 0xFEF025A0); Y input = Engine speed (main) (RAM 0xFEF0258E).

AXES: X axis: 9 points, 6.48 to 16.5 V; Y axis: 20 points, 800 to 16000 RPM.

VALUES (stock 5JCZSJ40): 496 to 3808 raw (dwell time?).

REFERENCE: data @0x187134, X axis @0x184C9C, Y axis @0x182A68, descriptor @0x183044, code FUN_4f3a0."
IGN :: Volt-Dwell - 2,Ignition; Ignition Volt-Dwell,0x18729C,Function not yet identified. Name reflects the inputs the code feeds this table.,"Function not yet identified. Name reflects the inputs the code feeds this table.

HOW THE ECU USES IT: looked up by FUN_4f3a0; X input = Battery voltage, raw 10-bit ADC ch29 (RAM 0xFEF025A0); Y input = Engine speed (main) (RAM 0xFEF0258E).

AXES: X axis: 9 points, 6.48 to 16.5 V; Y axis: 20 points, 800 to 16000 RPM.

VALUES (stock 5JCZSJ40): 326 to 3808 raw (dwell time?).

REFERENCE: data @0x18729C, X axis @0x184CB0, Y axis @0x182A90, descriptor @0x183060, code FUN_4f3a0."
IGN :: Trim A | Neutral/Clutch-In,Ignition; Ignition Offset,0x187404,"Ignition timing trim map (throttle angle x RPM, 8-bit). 64 raw = 0 deg (no change).","Ignition timing trim map (throttle angle x RPM, 8-bit). 64 raw = 0 deg (no change).

HOW THE ECU USES IT: Used instead of the Trim A select maps while in neutral (or clutch pulled, if option 0x18B761 = 0x80). Looked up by FUN_52526 / FUN_525EE / FUN_525A0 / FUN_5262A (throttle angle 0xFEF02602 x RPM 0xFEF0155C); all trim outputs and the base advance are initialised to 64 (0x40) in FUN_51B02, confirming 64 = neutral.

AXES: X axis: 23 points, 0.00 to 117 deg (abs. TP angle); Y axis: 39 points, 800 to 16000 RPM.

VALUES (stock 5JCZSJ40): -3.87 to 32.7 deg (trim, 64 raw = 0).

TUNING NOTES: Values below 64 retard, above 64 advance. How the four trim families (A-D) are combined with base advance (added vs. selected) has not been traced - change carefully and log knock/timing.

CONFIDENCE: Selection logic confirmed; per-count scale 0.3516 deg taken from the OBD timing-advance encoding (assumes trims use the same units as final advance). Was ""IGN :: Offset Timing - 1"".

REFERENCE: data @0x187404, X axis @0x18483C, Y axis @0x186DC4, descriptor @0x18307C, code FUN_52526."
IGN :: Trim A | Select 1 (gears 1-5),Ignition; Ignition Offset,0x187788,"Ignition timing trim map (throttle angle x RPM, 8-bit). 64 raw = 0 deg (no change).","Ignition timing trim map (throttle angle x RPM, 8-bit). 64 raw = 0 deg (no change).

HOW THE ECU USES IT: Chosen when the per-gear selector bytes at 0x18B75B-0x18B760 = 1. Stock: gears 1-5. Looked up by FUN_52526 / FUN_525EE / FUN_525A0 / FUN_5262A (throttle angle 0xFEF02602 x RPM 0xFEF0155C); all trim outputs and the base advance are initialised to 64 (0x40) in FUN_51B02, confirming 64 = neutral.

AXES: X axis: 23 points, 0.00 to 117 deg (abs. TP angle); Y axis: 39 points, 800 to 16000 RPM.

VALUES (stock 5JCZSJ40): 0.00 to 30.6 deg (trim, 64 raw = 0).

TUNING NOTES: Values below 64 retard, above 64 advance. How the four trim families (A-D) are combined with base advance (added vs. selected) has not been traced - change carefully and log knock/timing.

CONFIDENCE: Selection logic confirmed; per-count scale 0.3516 deg taken from the OBD timing-advance encoding (assumes trims use the same units as final advance). Was ""IGN :: Offset Timing - 2"".

REFERENCE: data @0x187788, X axis @0x18486C, Y axis @0x186E14, descriptor @0x183098, code FUN_52526."
IGN :: Trim A | Select 2 (unused),Ignition; Ignition Offset,0x187B0C,"Ignition timing trim map (throttle angle x RPM, 8-bit). 64 raw = 0 deg (no change).","Ignition timing trim map (throttle angle x RPM, 8-bit). 64 raw = 0 deg (no change).

HOW THE ECU USES IT: Chosen when a per-gear selector byte at 0x18B75B-0x18B760 = 2. Stock: no gear uses it. Looked up by FUN_52526 / FUN_525EE / FUN_525A0 / FUN_5262A (throttle angle 0xFEF02602 x RPM 0xFEF0155C); all trim outputs and the base advance are initialised to 64 (0x40) in FUN_51B02, confirming 64 = neutral.

AXES: X axis: 23 points, 0.00 to 117 deg (abs. TP angle); Y axis: 39 points, 800 to 16000 RPM.

VALUES (stock 5JCZSJ40): 0.00 to 28.1 deg (trim, 64 raw = 0).

TUNING NOTES: Values below 64 retard, above 64 advance. How the four trim families (A-D) are combined with base advance (added vs. selected) has not been traced - change carefully and log knock/timing.

CONFIDENCE: Selection logic confirmed; per-count scale 0.3516 deg taken from the OBD timing-advance encoding (assumes trims use the same units as final advance). Was ""IGN :: Offset Timing - 3"".

REFERENCE: data @0x187B0C, X axis @0x18489C, Y axis @0x186E64, descriptor @0x1830B4, code FUN_52526."
IGN :: Trim A | Select 3 (gear 6),Ignition; Ignition Offset,0x187E90,"Ignition timing trim map (throttle angle x RPM, 8-bit). 64 raw = 0 deg (no change).","Ignition timing trim map (throttle angle x RPM, 8-bit). 64 raw = 0 deg (no change).

HOW THE ECU USES IT: Chosen when a per-gear selector byte at 0x18B75B-0x18B760 = 3. Stock: 6th gear. Looked up by FUN_52526 / FUN_525EE / FUN_525A0 / FUN_5262A (throttle angle 0xFEF02602 x RPM 0xFEF0155C); all trim outputs and the base advance are initialised to 64 (0x40) in FUN_51B02, confirming 64 = neutral.

AXES: X axis: 23 points, 0.00 to 117 deg (abs. TP angle); Y axis: 39 points, 800 to 16000 RPM.

VALUES (stock 5JCZSJ40): 0.00 to 28.1 deg (trim, 64 raw = 0).

TUNING NOTES: Values below 64 retard, above 64 advance. How the four trim families (A-D) are combined with base advance (added vs. selected) has not been traced - change carefully and log knock/timing.

CONFIDENCE: Selection logic confirmed; per-count scale 0.3516 deg taken from the OBD timing-advance encoding (assumes trims use the same units as final advance). Was ""IGN :: Offset Timing - 4"".

REFERENCE: data @0x187E90, X axis @0x1848CC, Y axis @0x186EB4, descriptor @0x1830D0, code FUN_52526."
IGN :: Trim B | Neutral/Clutch-In,Ignition; Ignition Offset,0x188214,"Ignition timing trim map (throttle angle x RPM, 8-bit). 64 raw = 0 deg (no change).","Ignition timing trim map (throttle angle x RPM, 8-bit). 64 raw = 0 deg (no change).

HOW THE ECU USES IT: Used while in neutral or with the clutch pulled. Looked up by FUN_52526 / FUN_525EE / FUN_525A0 / FUN_5262A (throttle angle 0xFEF02602 x RPM 0xFEF0155C); all trim outputs and the base advance are initialised to 64 (0x40) in FUN_51B02, confirming 64 = neutral.

AXES: X axis: 23 points, 0.00 to 117 deg (abs. TP angle); Y axis: 39 points, 800 to 16000 RPM.

VALUES (stock 5JCZSJ40): 0.00 to 0.00 deg (trim, 64 raw = 0) - every cell is the same (0.00), so the function is probably disabled or unused in this calibration.

TUNING NOTES: Values below 64 retard, above 64 advance. How the four trim families (A-D) are combined with base advance (added vs. selected) has not been traced - change carefully and log knock/timing.

CONFIDENCE: Selection logic confirmed; per-count scale 0.3516 deg taken from the OBD timing-advance encoding (assumes trims use the same units as final advance). Was ""IGN :: Offset Timing - 5"".

REFERENCE: data @0x188214, X axis @0x1848FC, Y axis @0x186F04, descriptor @0x1830EC, code FUN_525ee."
IGN :: Trim B | In Gear,Ignition; Ignition Offset,0x188598,"Ignition timing trim map (throttle angle x RPM, 8-bit). 64 raw = 0 deg (no change).","Ignition timing trim map (throttle angle x RPM, 8-bit). 64 raw = 0 deg (no change).

HOW THE ECU USES IT: Used in gear with the clutch released. Looked up by FUN_52526 / FUN_525EE / FUN_525A0 / FUN_5262A (throttle angle 0xFEF02602 x RPM 0xFEF0155C); all trim outputs and the base advance are initialised to 64 (0x40) in FUN_51B02, confirming 64 = neutral.

AXES: X axis: 23 points, 0.00 to 117 deg (abs. TP angle); Y axis: 39 points, 800 to 16000 RPM.

VALUES (stock 5JCZSJ40): 0.00 to 0.00 deg (trim, 64 raw = 0) - every cell is the same (0.00), so the function is probably disabled or unused in this calibration.

TUNING NOTES: Values below 64 retard, above 64 advance. How the four trim families (A-D) are combined with base advance (added vs. selected) has not been traced - change carefully and log knock/timing.

CONFIDENCE: Selection logic confirmed; per-count scale 0.3516 deg taken from the OBD timing-advance encoding (assumes trims use the same units as final advance). Was ""IGN :: Offset Timing - 6"".

REFERENCE: data @0x188598, X axis @0x18492C, Y axis @0x186F54, descriptor @0x183108, code FUN_525ee."
IGN :: Trim C | Select 1 (gear 1),Ignition; Ignition Offset,0x18891C,"Ignition timing trim map (throttle angle x RPM, 8-bit). 64 raw = 0 deg (no change).","Ignition timing trim map (throttle angle x RPM, 8-bit). 64 raw = 0 deg (no change).

HOW THE ECU USES IT: Chosen by per-gear selector bytes 0x18B762-0x18B767 = 1. Stock: 1st gear. Looked up by FUN_52526 / FUN_525EE / FUN_525A0 / FUN_5262A (throttle angle 0xFEF02602 x RPM 0xFEF0155C); all trim outputs and the base advance are initialised to 64 (0x40) in FUN_51B02, confirming 64 = neutral.

AXES: X axis: 23 points, 0.00 to 117 deg (abs. TP angle); Y axis: 39 points, 800 to 16000 RPM.

VALUES (stock 5JCZSJ40): 0.00 to 0.00 deg (trim, 64 raw = 0) - every cell is the same (0.00), so the function is probably disabled or unused in this calibration.

TUNING NOTES: Values below 64 retard, above 64 advance. How the four trim families (A-D) are combined with base advance (added vs. selected) has not been traced - change carefully and log knock/timing.

CONFIDENCE: Selection logic confirmed; per-count scale 0.3516 deg taken from the OBD timing-advance encoding (assumes trims use the same units as final advance). Was ""IGN :: Offset Timing - 7"".

REFERENCE: data @0x18891C, X axis @0x18495C, Y axis @0x186FA4, descriptor @0x183124, code FUN_525a0."
IGN :: Trim C | Select 2 (gears 2-3),Ignition; Ignition Offset,0x188CA0,"Ignition timing trim map (throttle angle x RPM, 8-bit). 64 raw = 0 deg (no change).","Ignition timing trim map (throttle angle x RPM, 8-bit). 64 raw = 0 deg (no change).

HOW THE ECU USES IT: Chosen by per-gear selector = 2. Stock: 2nd and 3rd gear. Looked up by FUN_52526 / FUN_525EE / FUN_525A0 / FUN_5262A (throttle angle 0xFEF02602 x RPM 0xFEF0155C); all trim outputs and the base advance are initialised to 64 (0x40) in FUN_51B02, confirming 64 = neutral.

AXES: X axis: 23 points, 0.00 to 117 deg (abs. TP angle); Y axis: 39 points, 800 to 16000 RPM.

VALUES (stock 5JCZSJ40): 0.00 to 0.00 deg (trim, 64 raw = 0) - every cell is the same (0.00), so the function is probably disabled or unused in this calibration.

TUNING NOTES: Values below 64 retard, above 64 advance. How the four trim families (A-D) are combined with base advance (added vs. selected) has not been traced - change carefully and log knock/timing.

CONFIDENCE: Selection logic confirmed; per-count scale 0.3516 deg taken from the OBD timing-advance encoding (assumes trims use the same units as final advance). Was ""IGN :: Offset Timing - 8"".

REFERENCE: data @0x188CA0, X axis @0x18498C, Y axis @0x186FF4, descriptor @0x183140, code FUN_525a0."
IGN :: Trim C | Select 3 (gears 4-6),Ignition; Ignition Offset,0x189024,"Ignition timing trim map (throttle angle x RPM, 8-bit). 64 raw = 0 deg (no change).","Ignition timing trim map (throttle angle x RPM, 8-bit). 64 raw = 0 deg (no change).

HOW THE ECU USES IT: Chosen by per-gear selector = 3. Stock: 4th-6th gear. Looked up by FUN_52526 / FUN_525EE / FUN_525A0 / FUN_5262A (throttle angle 0xFEF02602 x RPM 0xFEF0155C); all trim outputs and the base advance are initialised to 64 (0x40) in FUN_51B02, confirming 64 = neutral.

AXES: X axis: 23 points, 0.00 to 117 deg (abs. TP angle); Y axis: 39 points, 800 to 16000 RPM.

VALUES (stock 5JCZSJ40): 0.00 to 0.00 deg (trim, 64 raw = 0) - every cell is the same (0.00), so the function is probably disabled or unused in this calibration.

TUNING NOTES: Values below 64 retard, above 64 advance. How the four trim families (A-D) are combined with base advance (added vs. selected) has not been traced - change carefully and log knock/timing.

CONFIDENCE: Selection logic confirmed; per-count scale 0.3516 deg taken from the OBD timing-advance encoding (assumes trims use the same units as final advance). Was ""IGN :: Offset Timing - 9"".

REFERENCE: data @0x189024, X axis @0x1849BC, Y axis @0x187044, descriptor @0x18315C, code FUN_525a0."
IGN :: Trim D | Neutral/Clutch-In,Ignition; Ignition Offset,0x1893A8,"Ignition timing trim map (throttle angle x RPM, 8-bit). 64 raw = 0 deg (no change).","Ignition timing trim map (throttle angle x RPM, 8-bit). 64 raw = 0 deg (no change).

HOW THE ECU USES IT: Used while in neutral or with the clutch pulled. Looked up by FUN_52526 / FUN_525EE / FUN_525A0 / FUN_5262A (throttle angle 0xFEF02602 x RPM 0xFEF0155C); all trim outputs and the base advance are initialised to 64 (0x40) in FUN_51B02, confirming 64 = neutral.

AXES: X axis: 23 points, 0.00 to 117 deg (abs. TP angle); Y axis: 39 points, 800 to 16000 RPM.

VALUES (stock 5JCZSJ40): 0.00 to 14.4 deg (trim, 64 raw = 0).

TUNING NOTES: Values below 64 retard, above 64 advance. How the four trim families (A-D) are combined with base advance (added vs. selected) has not been traced - change carefully and log knock/timing.

CONFIDENCE: Selection logic confirmed; per-count scale 0.3516 deg taken from the OBD timing-advance encoding (assumes trims use the same units as final advance). Was ""IGN :: Offset Timing - 10"".

REFERENCE: data @0x1893A8, X axis @0x1849EC, Y axis @0x187094, descriptor @0x183178, code FUN_5262a."
IGN :: Trim D | Select 1 (gears 1-3),Ignition; Ignition Offset,0x18972C,"Ignition timing trim map (throttle angle x RPM, 8-bit). 64 raw = 0 deg (no change).","Ignition timing trim map (throttle angle x RPM, 8-bit). 64 raw = 0 deg (no change).

HOW THE ECU USES IT: Chosen by per-gear selector bytes 0x18B768-0x18B76D = 1. Stock: gears 1-3. Looked up by FUN_52526 / FUN_525EE / FUN_525A0 / FUN_5262A (throttle angle 0xFEF02602 x RPM 0xFEF0155C); all trim outputs and the base advance are initialised to 64 (0x40) in FUN_51B02, confirming 64 = neutral.

AXES: X axis: 23 points, 0.00 to 117 deg (abs. TP angle); Y axis: 39 points, 800 to 16000 RPM.

VALUES (stock 5JCZSJ40): -0.35 to 14.1 deg (trim, 64 raw = 0).

TUNING NOTES: Values below 64 retard, above 64 advance. How the four trim families (A-D) are combined with base advance (added vs. selected) has not been traced - change carefully and log knock/timing.

CONFIDENCE: Selection logic confirmed; per-count scale 0.3516 deg taken from the OBD timing-advance encoding (assumes trims use the same units as final advance). Was ""IGN :: Offset Timing - 11"".

REFERENCE: data @0x18972C, X axis @0x1849EC, Y axis @0x187094, descriptor @0x183194, code FUN_5262a."
IGN :: Trim D | Select 2 (unused),Ignition; Ignition Offset,0x189AB0,"Ignition timing trim map (throttle angle x RPM, 8-bit). 64 raw = 0 deg (no change).","Ignition timing trim map (throttle angle x RPM, 8-bit). 64 raw = 0 deg (no change).

HOW THE ECU USES IT: Chosen by per-gear selector = 2. Stock: no gear uses it. Looked up by FUN_52526 / FUN_525EE / FUN_525A0 / FUN_5262A (throttle angle 0xFEF02602 x RPM 0xFEF0155C); all trim outputs and the base advance are initialised to 64 (0x40) in FUN_51B02, confirming 64 = neutral.

AXES: X axis: 23 points, 0.00 to 117 deg (abs. TP angle); Y axis: 39 points, 800 to 16000 RPM.

VALUES (stock 5JCZSJ40): 0.00 to 0.00 deg (trim, 64 raw = 0) - every cell is the same (0.00), so the function is probably disabled or unused in this calibration.

TUNING NOTES: Values below 64 retard, above 64 advance. How the four trim families (A-D) are combined with base advance (added vs. selected) has not been traced - change carefully and log knock/timing.

CONFIDENCE: Selection logic confirmed; per-count scale 0.3516 deg taken from the OBD timing-advance encoding (assumes trims use the same units as final advance). Was ""IGN :: Offset Timing - 12"".

REFERENCE: data @0x189AB0, X axis @0x1849EC, Y axis @0x187094, descriptor @0x1831B0, code FUN_5262a."
IGN :: Trim D | Select 3 (gears 4-6),Ignition; Ignition Offset,0x189E34,"Ignition timing trim map (throttle angle x RPM, 8-bit). 64 raw = 0 deg (no change).","Ignition timing trim map (throttle angle x RPM, 8-bit). 64 raw = 0 deg (no change).

HOW THE ECU USES IT: Chosen by per-gear selector = 3. Stock: 4th-6th gear. Looked up by FUN_52526 / FUN_525EE / FUN_525A0 / FUN_5262A (throttle angle 0xFEF02602 x RPM 0xFEF0155C); all trim outputs and the base advance are initialised to 64 (0x40) in FUN_51B02, confirming 64 = neutral.

AXES: X axis: 23 points, 0.00 to 117 deg (abs. TP angle); Y axis: 39 points, 800 to 16000 RPM.

VALUES (stock 5JCZSJ40): 0.00 to 0.00 deg (trim, 64 raw = 0) - every cell is the same (0.00), so the function is probably disabled or unused in this calibration.

TUNING NOTES: Values below 64 retard, above 64 advance. How the four trim families (A-D) are combined with base advance (added vs. selected) has not been traced - change carefully and log knock/timing.

CONFIDENCE: Selection logic confirmed; per-count scale 0.3516 deg taken from the OBD timing-advance encoding (assumes trims use the same units as final advance). Was ""IGN :: Offset Timing - 13"".

REFERENCE: data @0x189E34, X axis @0x1849EC, Y axis @0x187094, descriptor @0x1831CC, code FUN_5262a."
IGN :: Advance Timing - Cyl 1,Ignition; Ignition Advance,0x18A1B8,"Base ignition advance for cylinder 1, throttle angle x RPM.","Base ignition advance for cylinder 1, throttle angle x RPM.

HOW THE ECU USES IT: FUN_52688 looks up the cylinder's map (pointer table 0x182AF8[cyl]); if option byte 0x18B72E = 2 the Cyl 1 map is used for all cylinders (stock 0x80 = per-cylinder). Result -> RAM 0xFEF0154C[cyl].

AXES: X axis: 23 points, 0.00 to 117 deg (abs. TP angle); Y axis: 39 points, 800 to 16000 RPM.

VALUES (stock 5JCZSJ40): 14.4 to 74.2 deg BTDC (OBD scale).

TUNING NOTES: Displayed as degrees BTDC using the scale the ECU uses to report timing on OBD (PID 0x0E): deg = (X-64)*0.3516 + 7. The 255 cells at very light load / high RPM are a ceiling and are not normally reached under load. Add advance cautiously; this is a 1340 cc high-compression engine.

CONFIDENCE: Scale derived from FUN_556CA (OBD timing byte = 0x80 + 14 + (X-64)*90/128). Replaces the old DanCycles 0.4X-12.5 guess.

REFERENCE: data @0x18A1B8, X axis @0x184A1C, Y axis @0x1870E4, descriptor @0x1831E8, code FUN_52688."
IGN :: Advance Timing - Cyl 2,Ignition; Ignition Advance,0x18A53C,"Base ignition advance for cylinder 2, throttle angle x RPM.","Base ignition advance for cylinder 2, throttle angle x RPM.

HOW THE ECU USES IT: FUN_52688 looks up the cylinder's map (pointer table 0x182AF8[cyl]); if option byte 0x18B72E = 2 the Cyl 1 map is used for all cylinders (stock 0x80 = per-cylinder). Result -> RAM 0xFEF0154C[cyl].

AXES: X axis: 23 points, 0.00 to 117 deg (abs. TP angle); Y axis: 39 points, 800 to 16000 RPM.

VALUES (stock 5JCZSJ40): 14.4 to 74.2 deg BTDC (OBD scale).

TUNING NOTES: Displayed as degrees BTDC using the scale the ECU uses to report timing on OBD (PID 0x0E): deg = (X-64)*0.3516 + 7. The 255 cells at very light load / high RPM are a ceiling and are not normally reached under load. Add advance cautiously; this is a 1340 cc high-compression engine.

CONFIDENCE: Scale derived from FUN_556CA (OBD timing byte = 0x80 + 14 + (X-64)*90/128). Replaces the old DanCycles 0.4X-12.5 guess.

REFERENCE: data @0x18A53C, X axis @0x184A1C, Y axis @0x1870E4, descriptor @0x183204, code FUN_52688."
IGN :: Advance Timing - Cyl 3,Ignition; Ignition Advance,0x18A8C0,"Base ignition advance for cylinder 3, throttle angle x RPM.","Base ignition advance for cylinder 3, throttle angle x RPM.

HOW THE ECU USES IT: FUN_52688 looks up the cylinder's map (pointer table 0x182AF8[cyl]); if option byte 0x18B72E = 2 the Cyl 1 map is used for all cylinders (stock 0x80 = per-cylinder). Result -> RAM 0xFEF0154C[cyl].

AXES: X axis: 23 points, 0.00 to 117 deg (abs. TP angle); Y axis: 39 points, 800 to 16000 RPM.

VALUES (stock 5JCZSJ40): 14.4 to 74.2 deg BTDC (OBD scale).

TUNING NOTES: Displayed as degrees BTDC using the scale the ECU uses to report timing on OBD (PID 0x0E): deg = (X-64)*0.3516 + 7. The 255 cells at very light load / high RPM are a ceiling and are not normally reached under load. Add advance cautiously; this is a 1340 cc high-compression engine.

CONFIDENCE: Scale derived from FUN_556CA (OBD timing byte = 0x80 + 14 + (X-64)*90/128). Replaces the old DanCycles 0.4X-12.5 guess.

REFERENCE: data @0x18A8C0, X axis @0x184A1C, Y axis @0x1870E4, descriptor @0x183220, code FUN_52688."
IGN :: Advance Timing - Cyl 4,Ignition; Ignition Advance,0x18AC44,"Base ignition advance for cylinder 4, throttle angle x RPM.","Base ignition advance for cylinder 4, throttle angle x RPM.

HOW THE ECU USES IT: FUN_52688 looks up the cylinder's map (pointer table 0x182AF8[cyl]); if option byte 0x18B72E = 2 the Cyl 1 map is used for all cylinders (stock 0x80 = per-cylinder). Result -> RAM 0xFEF0154C[cyl].

AXES: X axis: 23 points, 0.00 to 117 deg (abs. TP angle); Y axis: 39 points, 800 to 16000 RPM.

VALUES (stock 5JCZSJ40): 14.4 to 74.2 deg BTDC (OBD scale).

TUNING NOTES: Displayed as degrees BTDC using the scale the ECU uses to report timing on OBD (PID 0x0E): deg = (X-64)*0.3516 + 7. The 255 cells at very light load / high RPM are a ceiling and are not normally reached under load. Add advance cautiously; this is a 1340 cc high-compression engine.

CONFIDENCE: Scale derived from FUN_556CA (OBD timing byte = 0x80 + 14 + (X-64)*90/128). Replaces the old DanCycles 0.4X-12.5 guess.

REFERENCE: data @0x18AC44, X axis @0x184A1C, Y axis @0x1870E4, descriptor @0x18323C, code FUN_52688."
ECT Comp :: Map [ECT x RPM] 15x3 FUN_51272 #1DA,ECT Compensation; Unidentified - Cluster D (IDs 0x1D9-0x2EE),0x186C9C,Engine-coolant-temperature compensation (warm-up / cold-start / temperature-dependent correction). (Family-level description - specific use not individually confirmed.),"Engine-coolant-temperature compensation (warm-up / cold-start / temperature-dependent correction). (Family-level description - specific use not individually confirmed.)

HOW THE ECU USES IT: looked up by FUN_51272; X input = Engine coolant temperature (ADC ch2D), 8-bit (RAM 0xFEF026BD); Y input = ADD(INT_MULT,INT_MULT).

AXES: X axis: 15 points, -19.7 to 120 deg C; Y axis: 3 points, 1000 to 1150 RPM.

VALUES (stock 5JCZSJ40): 52.0 to 118 raw.

REFERENCE: data @0x186C9C, X axis @0x184A4C, Y axis @0x1828A8, descriptor @0x183258, code FUN_51272."
ECT Comp :: Map [ECT x RPM] 15x3 FUN_51272 #1DC,ECT Compensation; Unidentified - Cluster D (IDs 0x1D9-0x2EE),0x186CCC,Engine-coolant-temperature compensation (warm-up / cold-start / temperature-dependent correction). (Family-level description - specific use not individually confirmed.),"Engine-coolant-temperature compensation (warm-up / cold-start / temperature-dependent correction). (Family-level description - specific use not individually confirmed.)

HOW THE ECU USES IT: looked up by FUN_51272; X input = Engine coolant temperature (ADC ch2D), 8-bit (RAM 0xFEF026BD); Y input = ADD(INT_MULT,INT_MULT).

AXES: X axis: 15 points, -19.7 to 120 deg C; Y axis: 3 points, 1000 to 1150 RPM.

VALUES (stock 5JCZSJ40): 52.0 to 118 raw.

REFERENCE: data @0x186CCC, X axis @0x184A4C, Y axis @0x1828A8, descriptor @0x183274, code FUN_51272."
ECT Comp :: Map [ECT x RPM] 15x3 FUN_51272 #1DE,ECT Compensation; Unidentified - Cluster D (IDs 0x1D9-0x2EE),0x186CFC,Engine-coolant-temperature compensation (warm-up / cold-start / temperature-dependent correction). (Family-level description - specific use not individually confirmed.),"Engine-coolant-temperature compensation (warm-up / cold-start / temperature-dependent correction). (Family-level description - specific use not individually confirmed.)

HOW THE ECU USES IT: looked up by FUN_51272; X input = Engine coolant temperature (ADC ch2D), 8-bit (RAM 0xFEF026BD); Y input = ADD(INT_MULT,INT_MULT).

AXES: X axis: 15 points, -19.7 to 120 deg C; Y axis: 3 points, 1000 to 1150 RPM.

VALUES (stock 5JCZSJ40): 64.0 to 101 raw.

REFERENCE: data @0x186CFC, X axis @0x184A4C, Y axis @0x1828A8, descriptor @0x183290, code FUN_51272."
Cluster D :: Curve [RPM] 39pt FUN_4e704 #1E6,Unidentified - Cluster D (IDs 0x1D9-0x2EE),0x18B018,Function not yet identified. Name reflects the inputs the code feeds this table.,"Function not yet identified. Name reflects the inputs the code feeds this table.

HOW THE ECU USES IT: looked up by FUN_4e704; X input = Engine speed (main) (RAM 0xFEF0258E).

AXES: X axis: 39 points, 800 to 16000 RPM.

VALUES (stock 5JCZSJ40): 1406 to 9345 raw.

REFERENCE: data @0x18B018, X axis @0x18AFC8, descriptor @0x18333C, code FUN_4e704."
Cluster D :: Curve [RPM] 39pt FUN_4e704 #1E7,Unidentified - Cluster D (IDs 0x1D9-0x2EE),0x18B0B8,Function not yet identified. Name reflects the inputs the code feeds this table.,"Function not yet identified. Name reflects the inputs the code feeds this table.

HOW THE ECU USES IT: looked up by FUN_4e704; X input = Engine speed (main) (RAM 0xFEF0258E).

AXES: X axis: 39 points, 800 to 16000 RPM.

VALUES (stock 5JCZSJ40): 5269 to 14676 raw.

REFERENCE: data @0x18B0B8, X axis @0x18B068, descriptor @0x183350, code FUN_4e704."
ECT Comp :: Curve [ECT] 8pt FUN_4f058 #1E8 (flat),ECT Compensation; Unidentified - Cluster D (IDs 0x1D9-0x2EE); Flat Maps (unused/disabled?),0x1828A0,Engine-coolant-temperature compensation (warm-up / cold-start / temperature-dependent correction). (Family-level description - specific use not individually confirmed.),"Engine-coolant-temperature compensation (warm-up / cold-start / temperature-dependent correction). (Family-level description - specific use not individually confirmed.)

HOW THE ECU USES IT: looked up by FUN_4f058; X input = Engine coolant temperature (ADC ch2D), 8-bit (RAM 0xFEF026BD).

AXES: X axis: 8 points, -15.0 to 195 deg C.

VALUES (stock 5JCZSJ40): 128 to 128 raw - every cell is the same (128), so the function is probably disabled or unused in this calibration.

REFERENCE: data @0x1828A0, X axis @0x182898, descriptor @0x183364, code FUN_4f058."
Traction :: Curve [Slip] 21pt FUN_4d602 #1E9,"Traction Control (slip, inferred); Unidentified - Cluster D (IDs 0x1D9-0x2EE)",0x184DB0,"Traction-control (Motion Track TC) curve. Input is the wheel-slip value FUN_298A0 computes from front/rear wheel speed (0x8000 = no slip). FUN_4D602 selects one of 62 curves (by TC level / gear / condition) to set how much slip is tolerated or how hard torque is cut. Manual: 10 TC levels, cut via ig","Traction-control (Motion Track TC) curve. Input is the wheel-slip value FUN_298A0 computes from front/rear wheel speed (0x8000 = no slip). FUN_4D602 selects one of 62 curves (by TC level / gear / condition) to set how much slip is tolerated or how hard torque is cut. Manual: 10 TC levels, cut via ignition timing and throttle valve. (Family-level description - specific use not individually confirmed.)

HOW THE ECU USES IT: looked up by FUN_4d602; X input = Wheel-slip style ratio (front/rear speed based, 0x8000 = 0) - traction control (RAM 0xFEF009D0).

AXES: X axis: 21 points, -1606 to 14460 raw (0x8000=0).

VALUES (stock 5JCZSJ40): 3277 to 7373 raw.

REFERENCE: data @0x184DB0, X axis @0x184D84, descriptor @0x183378, code FUN_4d602."
Traction :: Curve [Slip] 21pt FUN_4d602 #1EA,"Traction Control (slip, inferred); Unidentified - Cluster D (IDs 0x1D9-0x2EE)",0x184E08,"Traction-control (Motion Track TC) curve. Input is the wheel-slip value FUN_298A0 computes from front/rear wheel speed (0x8000 = no slip). FUN_4D602 selects one of 62 curves (by TC level / gear / condition) to set how much slip is tolerated or how hard torque is cut. Manual: 10 TC levels, cut via ig","Traction-control (Motion Track TC) curve. Input is the wheel-slip value FUN_298A0 computes from front/rear wheel speed (0x8000 = no slip). FUN_4D602 selects one of 62 curves (by TC level / gear / condition) to set how much slip is tolerated or how hard torque is cut. Manual: 10 TC levels, cut via ignition timing and throttle valve. (Family-level description - specific use not individually confirmed.)

HOW THE ECU USES IT: looked up by FUN_4d602; X input = Wheel-slip style ratio (front/rear speed based, 0x8000 = 0) - traction control (RAM 0xFEF009D0).

AXES: X axis: 21 points, -1606 to 14460 raw (0x8000=0).

VALUES (stock 5JCZSJ40): 3277 to 7373 raw.

REFERENCE: data @0x184E08, X axis @0x184DDC, descriptor @0x18338C, code FUN_4d602."
Traction :: Curve [Slip] 21pt FUN_4d602 #1EB,"Traction Control (slip, inferred); Unidentified - Cluster D (IDs 0x1D9-0x2EE)",0x184E60,"Traction-control (Motion Track TC) curve. Input is the wheel-slip value FUN_298A0 computes from front/rear wheel speed (0x8000 = no slip). FUN_4D602 selects one of 62 curves (by TC level / gear / condition) to set how much slip is tolerated or how hard torque is cut. Manual: 10 TC levels, cut via ig","Traction-control (Motion Track TC) curve. Input is the wheel-slip value FUN_298A0 computes from front/rear wheel speed (0x8000 = no slip). FUN_4D602 selects one of 62 curves (by TC level / gear / condition) to set how much slip is tolerated or how hard torque is cut. Manual: 10 TC levels, cut via ignition timing and throttle valve. (Family-level description - specific use not individually confirmed.)

HOW THE ECU USES IT: looked up by FUN_4d602; X input = Wheel-slip style ratio (front/rear speed based, 0x8000 = 0) - traction control (RAM 0xFEF009D0).

AXES: X axis: 21 points, -1606 to 14460 raw (0x8000=0).

VALUES (stock 5JCZSJ40): 3277 to 7373 raw.

REFERENCE: data @0x184E60, X axis @0x184E34, descriptor @0x1833A0, code FUN_4d602."
Traction :: Curve [Slip] 21pt FUN_4d602 #1EC,"Traction Control (slip, inferred); Unidentified - Cluster D (IDs 0x1D9-0x2EE)",0x184EB8,"Traction-control (Motion Track TC) curve. Input is the wheel-slip value FUN_298A0 computes from front/rear wheel speed (0x8000 = no slip). FUN_4D602 selects one of 62 curves (by TC level / gear / condition) to set how much slip is tolerated or how hard torque is cut. Manual: 10 TC levels, cut via ig","Traction-control (Motion Track TC) curve. Input is the wheel-slip value FUN_298A0 computes from front/rear wheel speed (0x8000 = no slip). FUN_4D602 selects one of 62 curves (by TC level / gear / condition) to set how much slip is tolerated or how hard torque is cut. Manual: 10 TC levels, cut via ignition timing and throttle valve. (Family-level description - specific use not individually confirmed.)

HOW THE ECU USES IT: looked up by FUN_4d602; X input = Wheel-slip style ratio (front/rear speed based, 0x8000 = 0) - traction control (RAM 0xFEF009D0).

AXES: X axis: 21 points, -1606 to 14460 raw (0x8000=0).

VALUES (stock 5JCZSJ40): 3277 to 7373 raw.

REFERENCE: data @0x184EB8, X axis @0x184E8C, descriptor @0x1833B4, code FUN_4d602."
Traction :: Curve [Slip] 21pt FUN_4d602 #1ED,"Traction Control (slip, inferred); Unidentified - Cluster D (IDs 0x1D9-0x2EE)",0x184F10,"Traction-control (Motion Track TC) curve. Input is the wheel-slip value FUN_298A0 computes from front/rear wheel speed (0x8000 = no slip). FUN_4D602 selects one of 62 curves (by TC level / gear / condition) to set how much slip is tolerated or how hard torque is cut. Manual: 10 TC levels, cut via ig","Traction-control (Motion Track TC) curve. Input is the wheel-slip value FUN_298A0 computes from front/rear wheel speed (0x8000 = no slip). FUN_4D602 selects one of 62 curves (by TC level / gear / condition) to set how much slip is tolerated or how hard torque is cut. Manual: 10 TC levels, cut via ignition timing and throttle valve. (Family-level description - specific use not individually confirmed.)

HOW THE ECU USES IT: looked up by FUN_4d602; X input = Wheel-slip style ratio (front/rear speed based, 0x8000 = 0) - traction control (RAM 0xFEF009D0).

AXES: X axis: 21 points, -1606 to 14460 raw (0x8000=0).

VALUES (stock 5JCZSJ40): 3277 to 7373 raw.

REFERENCE: data @0x184F10, X axis @0x184EE4, descriptor @0x1833C8, code FUN_4d602."
Traction :: Curve [Slip] 21pt FUN_4d602 #1EE,"Traction Control (slip, inferred); Unidentified - Cluster D (IDs 0x1D9-0x2EE)",0x184F68,"Traction-control (Motion Track TC) curve. Input is the wheel-slip value FUN_298A0 computes from front/rear wheel speed (0x8000 = no slip). FUN_4D602 selects one of 62 curves (by TC level / gear / condition) to set how much slip is tolerated or how hard torque is cut. Manual: 10 TC levels, cut via ig","Traction-control (Motion Track TC) curve. Input is the wheel-slip value FUN_298A0 computes from front/rear wheel speed (0x8000 = no slip). FUN_4D602 selects one of 62 curves (by TC level / gear / condition) to set how much slip is tolerated or how hard torque is cut. Manual: 10 TC levels, cut via ignition timing and throttle valve. (Family-level description - specific use not individually confirmed.)

HOW THE ECU USES IT: looked up by FUN_4d602; X input = Wheel-slip style ratio (front/rear speed based, 0x8000 = 0) - traction control (RAM 0xFEF009D0).

AXES: X axis: 21 points, -1606 to 14460 raw (0x8000=0).

VALUES (stock 5JCZSJ40): 3277 to 7373 raw.

REFERENCE: data @0x184F68, X axis @0x184F3C, descriptor @0x1833DC, code FUN_4d602."
Traction :: Curve [Slip] 21pt FUN_4d602 #1EF,"Traction Control (slip, inferred); Unidentified - Cluster D (IDs 0x1D9-0x2EE)",0x184FC0,"Traction-control (Motion Track TC) curve. Input is the wheel-slip value FUN_298A0 computes from front/rear wheel speed (0x8000 = no slip). FUN_4D602 selects one of 62 curves (by TC level / gear / condition) to set how much slip is tolerated or how hard torque is cut. Manual: 10 TC levels, cut via ig","Traction-control (Motion Track TC) curve. Input is the wheel-slip value FUN_298A0 computes from front/rear wheel speed (0x8000 = no slip). FUN_4D602 selects one of 62 curves (by TC level / gear / condition) to set how much slip is tolerated or how hard torque is cut. Manual: 10 TC levels, cut via ignition timing and throttle valve. (Family-level description - specific use not individually confirmed.)

HOW THE ECU USES IT: looked up by FUN_4d602; X input = Wheel-slip style ratio (front/rear speed based, 0x8000 = 0) - traction control (RAM 0xFEF009D0).

AXES: X axis: 21 points, -1606 to 14460 raw (0x8000=0).

VALUES (stock 5JCZSJ40): 3277 to 7373 raw.

REFERENCE: data @0x184FC0, X axis @0x184F94, descriptor @0x1833F0, code FUN_4d602."
Traction :: Curve [Slip] 21pt FUN_4d602 #1F0,"Traction Control (slip, inferred); Unidentified - Cluster D (IDs 0x1D9-0x2EE)",0x185018,"Traction-control (Motion Track TC) curve. Input is the wheel-slip value FUN_298A0 computes from front/rear wheel speed (0x8000 = no slip). FUN_4D602 selects one of 62 curves (by TC level / gear / condition) to set how much slip is tolerated or how hard torque is cut. Manual: 10 TC levels, cut via ig","Traction-control (Motion Track TC) curve. Input is the wheel-slip value FUN_298A0 computes from front/rear wheel speed (0x8000 = no slip). FUN_4D602 selects one of 62 curves (by TC level / gear / condition) to set how much slip is tolerated or how hard torque is cut. Manual: 10 TC levels, cut via ignition timing and throttle valve. (Family-level description - specific use not individually confirmed.)

HOW THE ECU USES IT: looked up by FUN_4d602; X input = Wheel-slip style ratio (front/rear speed based, 0x8000 = 0) - traction control (RAM 0xFEF009D0).

AXES: X axis: 21 points, -1606 to 14460 raw (0x8000=0).

VALUES (stock 5JCZSJ40): 3277 to 7373 raw.

REFERENCE: data @0x185018, X axis @0x184FEC, descriptor @0x183404, code FUN_4d602."
Traction :: Curve [Slip] 21pt FUN_4d602 #1F1,"Traction Control (slip, inferred); Unidentified - Cluster D (IDs 0x1D9-0x2EE)",0x185070,"Traction-control (Motion Track TC) curve. Input is the wheel-slip value FUN_298A0 computes from front/rear wheel speed (0x8000 = no slip). FUN_4D602 selects one of 62 curves (by TC level / gear / condition) to set how much slip is tolerated or how hard torque is cut. Manual: 10 TC levels, cut via ig","Traction-control (Motion Track TC) curve. Input is the wheel-slip value FUN_298A0 computes from front/rear wheel speed (0x8000 = no slip). FUN_4D602 selects one of 62 curves (by TC level / gear / condition) to set how much slip is tolerated or how hard torque is cut. Manual: 10 TC levels, cut via ignition timing and throttle valve. (Family-level description - specific use not individually confirmed.)

HOW THE ECU USES IT: looked up by FUN_4d602; X input = Wheel-slip style ratio (front/rear speed based, 0x8000 = 0) - traction control (RAM 0xFEF009D0).

AXES: X axis: 21 points, -1606 to 14460 raw (0x8000=0).

VALUES (stock 5JCZSJ40): 3277 to 7373 raw.

REFERENCE: data @0x185070, X axis @0x185044, descriptor @0x183418, code FUN_4d602."
Traction :: Curve [Slip] 21pt FUN_4d602 #1F2,"Traction Control (slip, inferred); Unidentified - Cluster D (IDs 0x1D9-0x2EE)",0x1850C8,"Traction-control (Motion Track TC) curve. Input is the wheel-slip value FUN_298A0 computes from front/rear wheel speed (0x8000 = no slip). FUN_4D602 selects one of 62 curves (by TC level / gear / condition) to set how much slip is tolerated or how hard torque is cut. Manual: 10 TC levels, cut via ig","Traction-control (Motion Track TC) curve. Input is the wheel-slip value FUN_298A0 computes from front/rear wheel speed (0x8000 = no slip). FUN_4D602 selects one of 62 curves (by TC level / gear / condition) to set how much slip is tolerated or how hard torque is cut. Manual: 10 TC levels, cut via ignition timing and throttle valve. (Family-level description - specific use not individually confirmed.)

HOW THE ECU USES IT: looked up by FUN_4d602; X input = Wheel-slip style ratio (front/rear speed based, 0x8000 = 0) - traction control (RAM 0xFEF009D0).

AXES: X axis: 21 points, -1606 to 14460 raw (0x8000=0).

VALUES (stock 5JCZSJ40): 3277 to 7373 raw.

REFERENCE: data @0x1850C8, X axis @0x18509C, descriptor @0x18342C, code FUN_4d602."
Traction :: Curve [Slip] 21pt FUN_4d602 #1F3,"Traction Control (slip, inferred); Unidentified - Cluster D (IDs 0x1D9-0x2EE)",0x185120,"Traction-control (Motion Track TC) curve. Input is the wheel-slip value FUN_298A0 computes from front/rear wheel speed (0x8000 = no slip). FUN_4D602 selects one of 62 curves (by TC level / gear / condition) to set how much slip is tolerated or how hard torque is cut. Manual: 10 TC levels, cut via ig","Traction-control (Motion Track TC) curve. Input is the wheel-slip value FUN_298A0 computes from front/rear wheel speed (0x8000 = no slip). FUN_4D602 selects one of 62 curves (by TC level / gear / condition) to set how much slip is tolerated or how hard torque is cut. Manual: 10 TC levels, cut via ignition timing and throttle valve. (Family-level description - specific use not individually confirmed.)

HOW THE ECU USES IT: looked up by FUN_4d602; X input = Wheel-slip style ratio (front/rear speed based, 0x8000 = 0) - traction control (RAM 0xFEF009D0).

AXES: X axis: 21 points, -1606 to 14460 raw (0x8000=0).

VALUES (stock 5JCZSJ40): 3277 to 7373 raw.

REFERENCE: data @0x185120, X axis @0x1850F4, descriptor @0x183440, code FUN_4d602."
Traction :: Curve [Slip] 21pt FUN_4d602 #1F4,"Traction Control (slip, inferred); Unidentified - Cluster D (IDs 0x1D9-0x2EE)",0x185178,"Traction-control (Motion Track TC) curve. Input is the wheel-slip value FUN_298A0 computes from front/rear wheel speed (0x8000 = no slip). FUN_4D602 selects one of 62 curves (by TC level / gear / condition) to set how much slip is tolerated or how hard torque is cut. Manual: 10 TC levels, cut via ig","Traction-control (Motion Track TC) curve. Input is the wheel-slip value FUN_298A0 computes from front/rear wheel speed (0x8000 = no slip). FUN_4D602 selects one of 62 curves (by TC level / gear / condition) to set how much slip is tolerated or how hard torque is cut. Manual: 10 TC levels, cut via ignition timing and throttle valve. (Family-level description - specific use not individually confirmed.)

HOW THE ECU USES IT: looked up by FUN_4d602; X input = Wheel-slip style ratio (front/rear speed based, 0x8000 = 0) - traction control (RAM 0xFEF009D0).

AXES: X axis: 21 points, -1606 to 14460 raw (0x8000=0).

VALUES (stock 5JCZSJ40): 3277 to 7373 raw.

REFERENCE: data @0x185178, X axis @0x18514C, descriptor @0x183454, code FUN_4d602."
Traction :: Curve [Slip] 21pt FUN_4d602 #1F5,"Traction Control (slip, inferred); Unidentified - Cluster D (IDs 0x1D9-0x2EE)",0x1851D0,"Traction-control (Motion Track TC) curve. Input is the wheel-slip value FUN_298A0 computes from front/rear wheel speed (0x8000 = no slip). FUN_4D602 selects one of 62 curves (by TC level / gear / condition) to set how much slip is tolerated or how hard torque is cut. Manual: 10 TC levels, cut via ig","Traction-control (Motion Track TC) curve. Input is the wheel-slip value FUN_298A0 computes from front/rear wheel speed (0x8000 = no slip). FUN_4D602 selects one of 62 curves (by TC level / gear / condition) to set how much slip is tolerated or how hard torque is cut. Manual: 10 TC levels, cut via ignition timing and throttle valve. (Family-level description - specific use not individually confirmed.)

HOW THE ECU USES IT: looked up by FUN_4d602; X input = Wheel-slip style ratio (front/rear speed based, 0x8000 = 0) - traction control (RAM 0xFEF009D0).

AXES: X axis: 21 points, -1606 to 14460 raw (0x8000=0).

VALUES (stock 5JCZSJ40): 3277 to 7373 raw.

REFERENCE: data @0x1851D0, X axis @0x1851A4, descriptor @0x183468, code FUN_4d602."
Traction :: Curve [Slip] 21pt FUN_4d602 #1F6,"Traction Control (slip, inferred); Unidentified - Cluster D (IDs 0x1D9-0x2EE)",0x185228,"Traction-control (Motion Track TC) curve. Input is the wheel-slip value FUN_298A0 computes from front/rear wheel speed (0x8000 = no slip). FUN_4D602 selects one of 62 curves (by TC level / gear / condition) to set how much slip is tolerated or how hard torque is cut. Manual: 10 TC levels, cut via ig","Traction-control (Motion Track TC) curve. Input is the wheel-slip value FUN_298A0 computes from front/rear wheel speed (0x8000 = no slip). FUN_4D602 selects one of 62 curves (by TC level / gear / condition) to set how much slip is tolerated or how hard torque is cut. Manual: 10 TC levels, cut via ignition timing and throttle valve. (Family-level description - specific use not individually confirmed.)

HOW THE ECU USES IT: looked up by FUN_4d602; X input = Wheel-slip style ratio (front/rear speed based, 0x8000 = 0) - traction control (RAM 0xFEF009D0).

AXES: X axis: 21 points, -1606 to 14460 raw (0x8000=0).

VALUES (stock 5JCZSJ40): 3277 to 7373 raw.

REFERENCE: data @0x185228, X axis @0x1851FC, descriptor @0x18347C, code FUN_4d602."
Traction :: Curve [Slip] 21pt FUN_4d602 #1F7,"Traction Control (slip, inferred); Unidentified - Cluster D (IDs 0x1D9-0x2EE)",0x185280,"Traction-control (Motion Track TC) curve. Input is the wheel-slip value FUN_298A0 computes from front/rear wheel speed (0x8000 = no slip). FUN_4D602 selects one of 62 curves (by TC level / gear / condition) to set how much slip is tolerated or how hard torque is cut. Manual: 10 TC levels, cut via ig","Traction-control (Motion Track TC) curve. Input is the wheel-slip value FUN_298A0 computes from front/rear wheel speed (0x8000 = no slip). FUN_4D602 selects one of 62 curves (by TC level / gear / condition) to set how much slip is tolerated or how hard torque is cut. Manual: 10 TC levels, cut via ignition timing and throttle valve. (Family-level description - specific use not individually confirmed.)

HOW THE ECU USES IT: looked up by FUN_4d602; X input = Wheel-slip style ratio (front/rear speed based, 0x8000 = 0) - traction control (RAM 0xFEF009D0).

AXES: X axis: 21 points, -1606 to 14460 raw (0x8000=0).

VALUES (stock 5JCZSJ40): 3277 to 7373 raw.

REFERENCE: data @0x185280, X axis @0x185254, descriptor @0x183490, code FUN_4d602."
Traction :: Curve [Slip] 21pt FUN_4d602 #1F8,"Traction Control (slip, inferred); Unidentified - Cluster D (IDs 0x1D9-0x2EE)",0x1852D8,"Traction-control (Motion Track TC) curve. Input is the wheel-slip value FUN_298A0 computes from front/rear wheel speed (0x8000 = no slip). FUN_4D602 selects one of 62 curves (by TC level / gear / condition) to set how much slip is tolerated or how hard torque is cut. Manual: 10 TC levels, cut via ig","Traction-control (Motion Track TC) curve. Input is the wheel-slip value FUN_298A0 computes from front/rear wheel speed (0x8000 = no slip). FUN_4D602 selects one of 62 curves (by TC level / gear / condition) to set how much slip is tolerated or how hard torque is cut. Manual: 10 TC levels, cut via ignition timing and throttle valve. (Family-level description - specific use not individually confirmed.)

HOW THE ECU USES IT: looked up by FUN_4d602; X input = Wheel-slip style ratio (front/rear speed based, 0x8000 = 0) - traction control (RAM 0xFEF009D0).

AXES: X axis: 21 points, -1606 to 14460 raw (0x8000=0).

VALUES (stock 5JCZSJ40): 3277 to 7373 raw.

REFERENCE: data @0x1852D8, X axis @0x1852AC, descriptor @0x1834A4, code FUN_4d602."
Traction :: Curve [Slip] 21pt FUN_4d602 #1F9,"Traction Control (slip, inferred); Unidentified - Cluster D (IDs 0x1D9-0x2EE)",0x185330,"Traction-control (Motion Track TC) curve. Input is the wheel-slip value FUN_298A0 computes from front/rear wheel speed (0x8000 = no slip). FUN_4D602 selects one of 62 curves (by TC level / gear / condition) to set how much slip is tolerated or how hard torque is cut. Manual: 10 TC levels, cut via ig","Traction-control (Motion Track TC) curve. Input is the wheel-slip value FUN_298A0 computes from front/rear wheel speed (0x8000 = no slip). FUN_4D602 selects one of 62 curves (by TC level / gear / condition) to set how much slip is tolerated or how hard torque is cut. Manual: 10 TC levels, cut via ignition timing and throttle valve. (Family-level description - specific use not individually confirmed.)

HOW THE ECU USES IT: looked up by FUN_4d602; X input = Wheel-slip style ratio (front/rear speed based, 0x8000 = 0) - traction control (RAM 0xFEF009D0).

AXES: X axis: 21 points, -1606 to 14460 raw (0x8000=0).

VALUES (stock 5JCZSJ40): 3277 to 7373 raw.

REFERENCE: data @0x185330, X axis @0x185304, descriptor @0x1834B8, code FUN_4d602."
Traction :: Curve [Slip] 21pt FUN_4d602 #1FA,"Traction Control (slip, inferred); Unidentified - Cluster D (IDs 0x1D9-0x2EE)",0x185388,"Traction-control (Motion Track TC) curve. Input is the wheel-slip value FUN_298A0 computes from front/rear wheel speed (0x8000 = no slip). FUN_4D602 selects one of 62 curves (by TC level / gear / condition) to set how much slip is tolerated or how hard torque is cut. Manual: 10 TC levels, cut via ig","Traction-control (Motion Track TC) curve. Input is the wheel-slip value FUN_298A0 computes from front/rear wheel speed (0x8000 = no slip). FUN_4D602 selects one of 62 curves (by TC level / gear / condition) to set how much slip is tolerated or how hard torque is cut. Manual: 10 TC levels, cut via ignition timing and throttle valve. (Family-level description - specific use not individually confirmed.)

HOW THE ECU USES IT: looked up by FUN_4d602; X input = Wheel-slip style ratio (front/rear speed based, 0x8000 = 0) - traction control (RAM 0xFEF009D0).

AXES: X axis: 21 points, -1606 to 14460 raw (0x8000=0).

VALUES (stock 5JCZSJ40): 3277 to 7373 raw.

REFERENCE: data @0x185388, X axis @0x18535C, descriptor @0x1834CC, code FUN_4d602."
Traction :: Curve [Slip] 21pt FUN_4d602 #1FB,"Traction Control (slip, inferred); Unidentified - Cluster D (IDs 0x1D9-0x2EE)",0x1853E0,"Traction-control (Motion Track TC) curve. Input is the wheel-slip value FUN_298A0 computes from front/rear wheel speed (0x8000 = no slip). FUN_4D602 selects one of 62 curves (by TC level / gear / condition) to set how much slip is tolerated or how hard torque is cut. Manual: 10 TC levels, cut via ig","Traction-control (Motion Track TC) curve. Input is the wheel-slip value FUN_298A0 computes from front/rear wheel speed (0x8000 = no slip). FUN_4D602 selects one of 62 curves (by TC level / gear / condition) to set how much slip is tolerated or how hard torque is cut. Manual: 10 TC levels, cut via ignition timing and throttle valve. (Family-level description - specific use not individually confirmed.)

HOW THE ECU USES IT: looked up by FUN_4d602; X input = Wheel-slip style ratio (front/rear speed based, 0x8000 = 0) - traction control (RAM 0xFEF009D0).

AXES: X axis: 21 points, -1606 to 14460 raw (0x8000=0).

VALUES (stock 5JCZSJ40): 3277 to 7373 raw.

REFERENCE: data @0x1853E0, X axis @0x1853B4, descriptor @0x1834E0, code FUN_4d602."
Traction :: Curve [Slip] 21pt FUN_4d602 #1FC,"Traction Control (slip, inferred); Unidentified - Cluster D (IDs 0x1D9-0x2EE)",0x185438,"Traction-control (Motion Track TC) curve. Input is the wheel-slip value FUN_298A0 computes from front/rear wheel speed (0x8000 = no slip). FUN_4D602 selects one of 62 curves (by TC level / gear / condition) to set how much slip is tolerated or how hard torque is cut. Manual: 10 TC levels, cut via ig","Traction-control (Motion Track TC) curve. Input is the wheel-slip value FUN_298A0 computes from front/rear wheel speed (0x8000 = no slip). FUN_4D602 selects one of 62 curves (by TC level / gear / condition) to set how much slip is tolerated or how hard torque is cut. Manual: 10 TC levels, cut via ignition timing and throttle valve. (Family-level description - specific use not individually confirmed.)

HOW THE ECU USES IT: looked up by FUN_4d602; X input = Wheel-slip style ratio (front/rear speed based, 0x8000 = 0) - traction control (RAM 0xFEF009D0).

AXES: X axis: 21 points, -1606 to 14460 raw (0x8000=0).

VALUES (stock 5JCZSJ40): 3277 to 7373 raw.

REFERENCE: data @0x185438, X axis @0x18540C, descriptor @0x1834F4, code FUN_4d602."
Traction :: Curve [Slip] 21pt FUN_4d602 #1FD,"Traction Control (slip, inferred); Unidentified - Cluster D (IDs 0x1D9-0x2EE)",0x185490,"Traction-control (Motion Track TC) curve. Input is the wheel-slip value FUN_298A0 computes from front/rear wheel speed (0x8000 = no slip). FUN_4D602 selects one of 62 curves (by TC level / gear / condition) to set how much slip is tolerated or how hard torque is cut. Manual: 10 TC levels, cut via ig","Traction-control (Motion Track TC) curve. Input is the wheel-slip value FUN_298A0 computes from front/rear wheel speed (0x8000 = no slip). FUN_4D602 selects one of 62 curves (by TC level / gear / condition) to set how much slip is tolerated or how hard torque is cut. Manual: 10 TC levels, cut via ignition timing and throttle valve. (Family-level description - specific use not individually confirmed.)

HOW THE ECU USES IT: looked up by FUN_4d602; X input = Wheel-slip style ratio (front/rear speed based, 0x8000 = 0) - traction control (RAM 0xFEF009D0).

AXES: X axis: 21 points, -1606 to 14460 raw (0x8000=0).

VALUES (stock 5JCZSJ40): 3277 to 7373 raw.

REFERENCE: data @0x185490, X axis @0x185464, descriptor @0x183508, code FUN_4d602."
Traction :: Curve [Slip] 21pt FUN_4d602 #1FE,"Traction Control (slip, inferred); Unidentified - Cluster D (IDs 0x1D9-0x2EE)",0x1854E8,"Traction-control (Motion Track TC) curve. Input is the wheel-slip value FUN_298A0 computes from front/rear wheel speed (0x8000 = no slip). FUN_4D602 selects one of 62 curves (by TC level / gear / condition) to set how much slip is tolerated or how hard torque is cut. Manual: 10 TC levels, cut via ig","Traction-control (Motion Track TC) curve. Input is the wheel-slip value FUN_298A0 computes from front/rear wheel speed (0x8000 = no slip). FUN_4D602 selects one of 62 curves (by TC level / gear / condition) to set how much slip is tolerated or how hard torque is cut. Manual: 10 TC levels, cut via ignition timing and throttle valve. (Family-level description - specific use not individually confirmed.)

HOW THE ECU USES IT: looked up by FUN_4d602; X input = Wheel-slip style ratio (front/rear speed based, 0x8000 = 0) - traction control (RAM 0xFEF009D0).

AXES: X axis: 21 points, -1606 to 14460 raw (0x8000=0).

VALUES (stock 5JCZSJ40): 3277 to 7373 raw.

REFERENCE: data @0x1854E8, X axis @0x1854BC, descriptor @0x18351C, code FUN_4d602."
Traction :: Curve [Slip] 21pt FUN_4d602 #1FF,"Traction Control (slip, inferred); Unidentified - Cluster D (IDs 0x1D9-0x2EE)",0x185540,"Traction-control (Motion Track TC) curve. Input is the wheel-slip value FUN_298A0 computes from front/rear wheel speed (0x8000 = no slip). FUN_4D602 selects one of 62 curves (by TC level / gear / condition) to set how much slip is tolerated or how hard torque is cut. Manual: 10 TC levels, cut via ig","Traction-control (Motion Track TC) curve. Input is the wheel-slip value FUN_298A0 computes from front/rear wheel speed (0x8000 = no slip). FUN_4D602 selects one of 62 curves (by TC level / gear / condition) to set how much slip is tolerated or how hard torque is cut. Manual: 10 TC levels, cut via ignition timing and throttle valve. (Family-level description - specific use not individually confirmed.)

HOW THE ECU USES IT: looked up by FUN_4d602; X input = Wheel-slip style ratio (front/rear speed based, 0x8000 = 0) - traction control (RAM 0xFEF009D0).

AXES: X axis: 21 points, -1606 to 14460 raw (0x8000=0).

VALUES (stock 5JCZSJ40): 3277 to 7373 raw.

REFERENCE: data @0x185540, X axis @0x185514, descriptor @0x183530, code FUN_4d602."
Traction :: Curve [Slip] 21pt FUN_4d602 #200,"Traction Control (slip, inferred); Unidentified - Cluster D (IDs 0x1D9-0x2EE)",0x185598,"Traction-control (Motion Track TC) curve. Input is the wheel-slip value FUN_298A0 computes from front/rear wheel speed (0x8000 = no slip). FUN_4D602 selects one of 62 curves (by TC level / gear / condition) to set how much slip is tolerated or how hard torque is cut. Manual: 10 TC levels, cut via ig","Traction-control (Motion Track TC) curve. Input is the wheel-slip value FUN_298A0 computes from front/rear wheel speed (0x8000 = no slip). FUN_4D602 selects one of 62 curves (by TC level / gear / condition) to set how much slip is tolerated or how hard torque is cut. Manual: 10 TC levels, cut via ignition timing and throttle valve. (Family-level description - specific use not individually confirmed.)

HOW THE ECU USES IT: looked up by FUN_4d602; X input = Wheel-slip style ratio (front/rear speed based, 0x8000 = 0) - traction control (RAM 0xFEF009D0).

AXES: X axis: 21 points, -1606 to 14460 raw (0x8000=0).

VALUES (stock 5JCZSJ40): 3277 to 7373 raw.

REFERENCE: data @0x185598, X axis @0x18556C, descriptor @0x183544, code FUN_4d602."
Traction :: Curve [Slip] 21pt FUN_4d602 #201,"Traction Control (slip, inferred); Unidentified - Cluster D (IDs 0x1D9-0x2EE)",0x1855F0,"Traction-control (Motion Track TC) curve. Input is the wheel-slip value FUN_298A0 computes from front/rear wheel speed (0x8000 = no slip). FUN_4D602 selects one of 62 curves (by TC level / gear / condition) to set how much slip is tolerated or how hard torque is cut. Manual: 10 TC levels, cut via ig","Traction-control (Motion Track TC) curve. Input is the wheel-slip value FUN_298A0 computes from front/rear wheel speed (0x8000 = no slip). FUN_4D602 selects one of 62 curves (by TC level / gear / condition) to set how much slip is tolerated or how hard torque is cut. Manual: 10 TC levels, cut via ignition timing and throttle valve. (Family-level description - specific use not individually confirmed.)

HOW THE ECU USES IT: looked up by FUN_4d602; X input = Wheel-slip style ratio (front/rear speed based, 0x8000 = 0) - traction control (RAM 0xFEF009D0).

AXES: X axis: 21 points, -1606 to 14460 raw (0x8000=0).

VALUES (stock 5JCZSJ40): 3277 to 7373 raw.

REFERENCE: data @0x1855F0, X axis @0x1855C4, descriptor @0x183558, code FUN_4d602."
Traction :: Curve [Slip] 21pt FUN_4d602 #202,"Traction Control (slip, inferred); Unidentified - Cluster D (IDs 0x1D9-0x2EE)",0x185648,"Traction-control (Motion Track TC) curve. Input is the wheel-slip value FUN_298A0 computes from front/rear wheel speed (0x8000 = no slip). FUN_4D602 selects one of 62 curves (by TC level / gear / condition) to set how much slip is tolerated or how hard torque is cut. Manual: 10 TC levels, cut via ig","Traction-control (Motion Track TC) curve. Input is the wheel-slip value FUN_298A0 computes from front/rear wheel speed (0x8000 = no slip). FUN_4D602 selects one of 62 curves (by TC level / gear / condition) to set how much slip is tolerated or how hard torque is cut. Manual: 10 TC levels, cut via ignition timing and throttle valve. (Family-level description - specific use not individually confirmed.)

HOW THE ECU USES IT: looked up by FUN_4d602; X input = Wheel-slip style ratio (front/rear speed based, 0x8000 = 0) - traction control (RAM 0xFEF009D0).

AXES: X axis: 21 points, -1606 to 14460 raw (0x8000=0).

VALUES (stock 5JCZSJ40): 3277 to 7373 raw.

REFERENCE: data @0x185648, X axis @0x18561C, descriptor @0x18356C, code FUN_4d602."
Traction :: Curve [Slip] 21pt FUN_4d602 #203,"Traction Control (slip, inferred); Unidentified - Cluster D (IDs 0x1D9-0x2EE)",0x1856A0,"Traction-control (Motion Track TC) curve. Input is the wheel-slip value FUN_298A0 computes from front/rear wheel speed (0x8000 = no slip). FUN_4D602 selects one of 62 curves (by TC level / gear / condition) to set how much slip is tolerated or how hard torque is cut. Manual: 10 TC levels, cut via ig","Traction-control (Motion Track TC) curve. Input is the wheel-slip value FUN_298A0 computes from front/rear wheel speed (0x8000 = no slip). FUN_4D602 selects one of 62 curves (by TC level / gear / condition) to set how much slip is tolerated or how hard torque is cut. Manual: 10 TC levels, cut via ignition timing and throttle valve. (Family-level description - specific use not individually confirmed.)

HOW THE ECU USES IT: looked up by FUN_4d602; X input = Wheel-slip style ratio (front/rear speed based, 0x8000 = 0) - traction control (RAM 0xFEF009D0).

AXES: X axis: 21 points, -1606 to 14460 raw (0x8000=0).

VALUES (stock 5JCZSJ40): 3277 to 7373 raw.

REFERENCE: data @0x1856A0, X axis @0x185674, descriptor @0x183580, code FUN_4d602."
Traction :: Curve [Slip] 21pt FUN_4d602 #204,"Traction Control (slip, inferred); Unidentified - Cluster D (IDs 0x1D9-0x2EE)",0x1856F8,"Traction-control (Motion Track TC) curve. Input is the wheel-slip value FUN_298A0 computes from front/rear wheel speed (0x8000 = no slip). FUN_4D602 selects one of 62 curves (by TC level / gear / condition) to set how much slip is tolerated or how hard torque is cut. Manual: 10 TC levels, cut via ig","Traction-control (Motion Track TC) curve. Input is the wheel-slip value FUN_298A0 computes from front/rear wheel speed (0x8000 = no slip). FUN_4D602 selects one of 62 curves (by TC level / gear / condition) to set how much slip is tolerated or how hard torque is cut. Manual: 10 TC levels, cut via ignition timing and throttle valve. (Family-level description - specific use not individually confirmed.)

HOW THE ECU USES IT: looked up by FUN_4d602; X input = Wheel-slip style ratio (front/rear speed based, 0x8000 = 0) - traction control (RAM 0xFEF009D0).

AXES: X axis: 21 points, -1606 to 14460 raw (0x8000=0).

VALUES (stock 5JCZSJ40): 3277 to 7373 raw.

REFERENCE: data @0x1856F8, X axis @0x1856CC, descriptor @0x183594, code FUN_4d602."
Traction :: Curve [Slip] 21pt FUN_4d602 #205,"Traction Control (slip, inferred); Unidentified - Cluster D (IDs 0x1D9-0x2EE)",0x185750,"Traction-control (Motion Track TC) curve. Input is the wheel-slip value FUN_298A0 computes from front/rear wheel speed (0x8000 = no slip). FUN_4D602 selects one of 62 curves (by TC level / gear / condition) to set how much slip is tolerated or how hard torque is cut. Manual: 10 TC levels, cut via ig","Traction-control (Motion Track TC) curve. Input is the wheel-slip value FUN_298A0 computes from front/rear wheel speed (0x8000 = no slip). FUN_4D602 selects one of 62 curves (by TC level / gear / condition) to set how much slip is tolerated or how hard torque is cut. Manual: 10 TC levels, cut via ignition timing and throttle valve. (Family-level description - specific use not individually confirmed.)

HOW THE ECU USES IT: looked up by FUN_4d602; X input = Wheel-slip style ratio (front/rear speed based, 0x8000 = 0) - traction control (RAM 0xFEF009D0).

AXES: X axis: 21 points, -1606 to 14460 raw (0x8000=0).

VALUES (stock 5JCZSJ40): 3277 to 7373 raw.

REFERENCE: data @0x185750, X axis @0x185724, descriptor @0x1835A8, code FUN_4d602."
Traction :: Curve [Slip] 21pt FUN_4d602 #206,"Traction Control (slip, inferred); Unidentified - Cluster D (IDs 0x1D9-0x2EE)",0x1857A8,"Traction-control (Motion Track TC) curve. Input is the wheel-slip value FUN_298A0 computes from front/rear wheel speed (0x8000 = no slip). FUN_4D602 selects one of 62 curves (by TC level / gear / condition) to set how much slip is tolerated or how hard torque is cut. Manual: 10 TC levels, cut via ig","Traction-control (Motion Track TC) curve. Input is the wheel-slip value FUN_298A0 computes from front/rear wheel speed (0x8000 = no slip). FUN_4D602 selects one of 62 curves (by TC level / gear / condition) to set how much slip is tolerated or how hard torque is cut. Manual: 10 TC levels, cut via ignition timing and throttle valve. (Family-level description - specific use not individually confirmed.)

HOW THE ECU USES IT: looked up by FUN_4d602; X input = Wheel-slip style ratio (front/rear speed based, 0x8000 = 0) - traction control (RAM 0xFEF009D0).

AXES: X axis: 21 points, -1606 to 14460 raw (0x8000=0).

VALUES (stock 5JCZSJ40): 3277 to 7373 raw.

REFERENCE: data @0x1857A8, X axis @0x18577C, descriptor @0x1835BC, code FUN_4d602."
Traction :: Curve [Slip] 21pt FUN_4d602 #207,"Traction Control (slip, inferred); Unidentified - Cluster D (IDs 0x1D9-0x2EE)",0x185800,"Traction-control (Motion Track TC) curve. Input is the wheel-slip value FUN_298A0 computes from front/rear wheel speed (0x8000 = no slip). FUN_4D602 selects one of 62 curves (by TC level / gear / condition) to set how much slip is tolerated or how hard torque is cut. Manual: 10 TC levels, cut via ig","Traction-control (Motion Track TC) curve. Input is the wheel-slip value FUN_298A0 computes from front/rear wheel speed (0x8000 = no slip). FUN_4D602 selects one of 62 curves (by TC level / gear / condition) to set how much slip is tolerated or how hard torque is cut. Manual: 10 TC levels, cut via ignition timing and throttle valve. (Family-level description - specific use not individually confirmed.)

HOW THE ECU USES IT: looked up by FUN_4d602; X input = Wheel-slip style ratio (front/rear speed based, 0x8000 = 0) - traction control (RAM 0xFEF009D0).

AXES: X axis: 21 points, -1606 to 14460 raw (0x8000=0).

VALUES (stock 5JCZSJ40): 3277 to 7373 raw.

REFERENCE: data @0x185800, X axis @0x1857D4, descriptor @0x1835D0, code FUN_4d602."
Traction :: Curve [Slip] 21pt FUN_4d602 #208,"Traction Control (slip, inferred); Unidentified - Cluster D (IDs 0x1D9-0x2EE)",0x185858,"Traction-control (Motion Track TC) curve. Input is the wheel-slip value FUN_298A0 computes from front/rear wheel speed (0x8000 = no slip). FUN_4D602 selects one of 62 curves (by TC level / gear / condition) to set how much slip is tolerated or how hard torque is cut. Manual: 10 TC levels, cut via ig","Traction-control (Motion Track TC) curve. Input is the wheel-slip value FUN_298A0 computes from front/rear wheel speed (0x8000 = no slip). FUN_4D602 selects one of 62 curves (by TC level / gear / condition) to set how much slip is tolerated or how hard torque is cut. Manual: 10 TC levels, cut via ignition timing and throttle valve. (Family-level description - specific use not individually confirmed.)

HOW THE ECU USES IT: looked up by FUN_4d602; X input = Wheel-slip style ratio (front/rear speed based, 0x8000 = 0) - traction control (RAM 0xFEF009D0).

AXES: X axis: 21 points, -1606 to 14460 raw (0x8000=0).

VALUES (stock 5JCZSJ40): 3277 to 7373 raw.

REFERENCE: data @0x185858, X axis @0x18582C, descriptor @0x1835E4, code FUN_4d602."
Traction :: Curve [Slip] 21pt FUN_4d602 #209,"Traction Control (slip, inferred); Unidentified - Cluster D (IDs 0x1D9-0x2EE)",0x1858B0,"Traction-control (Motion Track TC) curve. Input is the wheel-slip value FUN_298A0 computes from front/rear wheel speed (0x8000 = no slip). FUN_4D602 selects one of 62 curves (by TC level / gear / condition) to set how much slip is tolerated or how hard torque is cut. Manual: 10 TC levels, cut via ig","Traction-control (Motion Track TC) curve. Input is the wheel-slip value FUN_298A0 computes from front/rear wheel speed (0x8000 = no slip). FUN_4D602 selects one of 62 curves (by TC level / gear / condition) to set how much slip is tolerated or how hard torque is cut. Manual: 10 TC levels, cut via ignition timing and throttle valve. (Family-level description - specific use not individually confirmed.)

HOW THE ECU USES IT: looked up by FUN_4d602; X input = Wheel-slip style ratio (front/rear speed based, 0x8000 = 0) - traction control (RAM 0xFEF009D0).

AXES: X axis: 21 points, -1606 to 14460 raw (0x8000=0).

VALUES (stock 5JCZSJ40): 3277 to 7373 raw.

REFERENCE: data @0x1858B0, X axis @0x185884, descriptor @0x1835F8, code FUN_4d602."
Traction :: Curve [Slip] 21pt FUN_4d602 #20A,"Traction Control (slip, inferred); Unidentified - Cluster D (IDs 0x1D9-0x2EE)",0x185908,"Traction-control (Motion Track TC) curve. Input is the wheel-slip value FUN_298A0 computes from front/rear wheel speed (0x8000 = no slip). FUN_4D602 selects one of 62 curves (by TC level / gear / condition) to set how much slip is tolerated or how hard torque is cut. Manual: 10 TC levels, cut via ig","Traction-control (Motion Track TC) curve. Input is the wheel-slip value FUN_298A0 computes from front/rear wheel speed (0x8000 = no slip). FUN_4D602 selects one of 62 curves (by TC level / gear / condition) to set how much slip is tolerated or how hard torque is cut. Manual: 10 TC levels, cut via ignition timing and throttle valve. (Family-level description - specific use not individually confirmed.)

HOW THE ECU USES IT: looked up by FUN_4d602; X input = Wheel-slip style ratio (front/rear speed based, 0x8000 = 0) - traction control (RAM 0xFEF009D0).

AXES: X axis: 21 points, -1606 to 14460 raw (0x8000=0).

VALUES (stock 5JCZSJ40): 3277 to 7373 raw.

REFERENCE: data @0x185908, X axis @0x1858DC, descriptor @0x18360C, code FUN_4d602."
Traction :: Curve [Slip] 21pt FUN_4d602 #20B,"Traction Control (slip, inferred); Unidentified - Cluster D (IDs 0x1D9-0x2EE)",0x185960,"Traction-control (Motion Track TC) curve. Input is the wheel-slip value FUN_298A0 computes from front/rear wheel speed (0x8000 = no slip). FUN_4D602 selects one of 62 curves (by TC level / gear / condition) to set how much slip is tolerated or how hard torque is cut. Manual: 10 TC levels, cut via ig","Traction-control (Motion Track TC) curve. Input is the wheel-slip value FUN_298A0 computes from front/rear wheel speed (0x8000 = no slip). FUN_4D602 selects one of 62 curves (by TC level / gear / condition) to set how much slip is tolerated or how hard torque is cut. Manual: 10 TC levels, cut via ignition timing and throttle valve. (Family-level description - specific use not individually confirmed.)

HOW THE ECU USES IT: looked up by FUN_4d602; X input = Wheel-slip style ratio (front/rear speed based, 0x8000 = 0) - traction control (RAM 0xFEF009D0).

AXES: X axis: 21 points, -1606 to 14460 raw (0x8000=0).

VALUES (stock 5JCZSJ40): 3277 to 7373 raw.

REFERENCE: data @0x185960, X axis @0x185934, descriptor @0x183620, code FUN_4d602."
Traction :: Curve [Slip] 21pt FUN_4d602 #20C,"Traction Control (slip, inferred); Unidentified - Cluster D (IDs 0x1D9-0x2EE)",0x1859B8,"Traction-control (Motion Track TC) curve. Input is the wheel-slip value FUN_298A0 computes from front/rear wheel speed (0x8000 = no slip). FUN_4D602 selects one of 62 curves (by TC level / gear / condition) to set how much slip is tolerated or how hard torque is cut. Manual: 10 TC levels, cut via ig","Traction-control (Motion Track TC) curve. Input is the wheel-slip value FUN_298A0 computes from front/rear wheel speed (0x8000 = no slip). FUN_4D602 selects one of 62 curves (by TC level / gear / condition) to set how much slip is tolerated or how hard torque is cut. Manual: 10 TC levels, cut via ignition timing and throttle valve. (Family-level description - specific use not individually confirmed.)

HOW THE ECU USES IT: looked up by FUN_4d602; X input = Wheel-slip style ratio (front/rear speed based, 0x8000 = 0) - traction control (RAM 0xFEF009D0).

AXES: X axis: 21 points, -1606 to 14460 raw (0x8000=0).

VALUES (stock 5JCZSJ40): 3277 to 7373 raw.

REFERENCE: data @0x1859B8, X axis @0x18598C, descriptor @0x183634, code FUN_4d602."
Traction :: Curve [Slip] 21pt FUN_4d602 #20D,"Traction Control (slip, inferred); Unidentified - Cluster D (IDs 0x1D9-0x2EE)",0x185A10,"Traction-control (Motion Track TC) curve. Input is the wheel-slip value FUN_298A0 computes from front/rear wheel speed (0x8000 = no slip). FUN_4D602 selects one of 62 curves (by TC level / gear / condition) to set how much slip is tolerated or how hard torque is cut. Manual: 10 TC levels, cut via ig","Traction-control (Motion Track TC) curve. Input is the wheel-slip value FUN_298A0 computes from front/rear wheel speed (0x8000 = no slip). FUN_4D602 selects one of 62 curves (by TC level / gear / condition) to set how much slip is tolerated or how hard torque is cut. Manual: 10 TC levels, cut via ignition timing and throttle valve. (Family-level description - specific use not individually confirmed.)

HOW THE ECU USES IT: looked up by FUN_4d602; X input = Wheel-slip style ratio (front/rear speed based, 0x8000 = 0) - traction control (RAM 0xFEF009D0).

AXES: X axis: 21 points, -1606 to 14460 raw (0x8000=0).

VALUES (stock 5JCZSJ40): 3277 to 7373 raw.

REFERENCE: data @0x185A10, X axis @0x1859E4, descriptor @0x183648, code FUN_4d602."
Traction :: Curve [Slip] 21pt FUN_4d602 #20E,"Traction Control (slip, inferred); Unidentified - Cluster D (IDs 0x1D9-0x2EE)",0x185A68,"Traction-control (Motion Track TC) curve. Input is the wheel-slip value FUN_298A0 computes from front/rear wheel speed (0x8000 = no slip). FUN_4D602 selects one of 62 curves (by TC level / gear / condition) to set how much slip is tolerated or how hard torque is cut. Manual: 10 TC levels, cut via ig","Traction-control (Motion Track TC) curve. Input is the wheel-slip value FUN_298A0 computes from front/rear wheel speed (0x8000 = no slip). FUN_4D602 selects one of 62 curves (by TC level / gear / condition) to set how much slip is tolerated or how hard torque is cut. Manual: 10 TC levels, cut via ignition timing and throttle valve. (Family-level description - specific use not individually confirmed.)

HOW THE ECU USES IT: looked up by FUN_4d602; X input = Wheel-slip style ratio (front/rear speed based, 0x8000 = 0) - traction control (RAM 0xFEF009D0).

AXES: X axis: 21 points, -1606 to 14460 raw (0x8000=0).

VALUES (stock 5JCZSJ40): 3277 to 7373 raw.

REFERENCE: data @0x185A68, X axis @0x185A3C, descriptor @0x18365C, code FUN_4d602."
Traction :: Curve [Slip] 21pt FUN_4d602 #20F,"Traction Control (slip, inferred); Unidentified - Cluster D (IDs 0x1D9-0x2EE)",0x185AC0,"Traction-control (Motion Track TC) curve. Input is the wheel-slip value FUN_298A0 computes from front/rear wheel speed (0x8000 = no slip). FUN_4D602 selects one of 62 curves (by TC level / gear / condition) to set how much slip is tolerated or how hard torque is cut. Manual: 10 TC levels, cut via ig","Traction-control (Motion Track TC) curve. Input is the wheel-slip value FUN_298A0 computes from front/rear wheel speed (0x8000 = no slip). FUN_4D602 selects one of 62 curves (by TC level / gear / condition) to set how much slip is tolerated or how hard torque is cut. Manual: 10 TC levels, cut via ignition timing and throttle valve. (Family-level description - specific use not individually confirmed.)

HOW THE ECU USES IT: looked up by FUN_4d602; X input = Wheel-slip style ratio (front/rear speed based, 0x8000 = 0) - traction control (RAM 0xFEF009D0).

AXES: X axis: 21 points, -1606 to 14460 raw (0x8000=0).

VALUES (stock 5JCZSJ40): 3277 to 7373 raw.

REFERENCE: data @0x185AC0, X axis @0x185A94, descriptor @0x183670, code FUN_4d602."
Traction :: Curve [Slip] 21pt FUN_4d602 #210,"Traction Control (slip, inferred); Unidentified - Cluster D (IDs 0x1D9-0x2EE)",0x185B18,"Traction-control (Motion Track TC) curve. Input is the wheel-slip value FUN_298A0 computes from front/rear wheel speed (0x8000 = no slip). FUN_4D602 selects one of 62 curves (by TC level / gear / condition) to set how much slip is tolerated or how hard torque is cut. Manual: 10 TC levels, cut via ig","Traction-control (Motion Track TC) curve. Input is the wheel-slip value FUN_298A0 computes from front/rear wheel speed (0x8000 = no slip). FUN_4D602 selects one of 62 curves (by TC level / gear / condition) to set how much slip is tolerated or how hard torque is cut. Manual: 10 TC levels, cut via ignition timing and throttle valve. (Family-level description - specific use not individually confirmed.)

HOW THE ECU USES IT: looked up by FUN_4d602; X input = Wheel-slip style ratio (front/rear speed based, 0x8000 = 0) - traction control (RAM 0xFEF009D0).

AXES: X axis: 21 points, -1606 to 14460 raw (0x8000=0).

VALUES (stock 5JCZSJ40): 3277 to 7373 raw.

REFERENCE: data @0x185B18, X axis @0x185AEC, descriptor @0x183684, code FUN_4d602."
Traction :: Curve [Slip] 21pt FUN_4d602 #211,"Traction Control (slip, inferred); Unidentified - Cluster D (IDs 0x1D9-0x2EE)",0x185B70,"Traction-control (Motion Track TC) curve. Input is the wheel-slip value FUN_298A0 computes from front/rear wheel speed (0x8000 = no slip). FUN_4D602 selects one of 62 curves (by TC level / gear / condition) to set how much slip is tolerated or how hard torque is cut. Manual: 10 TC levels, cut via ig","Traction-control (Motion Track TC) curve. Input is the wheel-slip value FUN_298A0 computes from front/rear wheel speed (0x8000 = no slip). FUN_4D602 selects one of 62 curves (by TC level / gear / condition) to set how much slip is tolerated or how hard torque is cut. Manual: 10 TC levels, cut via ignition timing and throttle valve. (Family-level description - specific use not individually confirmed.)

HOW THE ECU USES IT: looked up by FUN_4d602; X input = Wheel-slip style ratio (front/rear speed based, 0x8000 = 0) - traction control (RAM 0xFEF009D0).

AXES: X axis: 21 points, -1606 to 14460 raw (0x8000=0).

VALUES (stock 5JCZSJ40): 3277 to 7373 raw.

REFERENCE: data @0x185B70, X axis @0x185B44, descriptor @0x183698, code FUN_4d602."
Traction :: Curve [Slip] 21pt FUN_4d602 #212,"Traction Control (slip, inferred); Unidentified - Cluster D (IDs 0x1D9-0x2EE)",0x185BC8,"Traction-control (Motion Track TC) curve. Input is the wheel-slip value FUN_298A0 computes from front/rear wheel speed (0x8000 = no slip). FUN_4D602 selects one of 62 curves (by TC level / gear / condition) to set how much slip is tolerated or how hard torque is cut. Manual: 10 TC levels, cut via ig","Traction-control (Motion Track TC) curve. Input is the wheel-slip value FUN_298A0 computes from front/rear wheel speed (0x8000 = no slip). FUN_4D602 selects one of 62 curves (by TC level / gear / condition) to set how much slip is tolerated or how hard torque is cut. Manual: 10 TC levels, cut via ignition timing and throttle valve. (Family-level description - specific use not individually confirmed.)

HOW THE ECU USES IT: looked up by FUN_4d602; X input = Wheel-slip style ratio (front/rear speed based, 0x8000 = 0) - traction control (RAM 0xFEF009D0).

AXES: X axis: 21 points, -1606 to 14460 raw (0x8000=0).

VALUES (stock 5JCZSJ40): 3277 to 7373 raw.

REFERENCE: data @0x185BC8, X axis @0x185B9C, descriptor @0x1836AC, code FUN_4d602."
Traction :: Curve [Slip] 21pt FUN_4d602 #213,"Traction Control (slip, inferred); Unidentified - Cluster D (IDs 0x1D9-0x2EE)",0x185C20,"Traction-control (Motion Track TC) curve. Input is the wheel-slip value FUN_298A0 computes from front/rear wheel speed (0x8000 = no slip). FUN_4D602 selects one of 62 curves (by TC level / gear / condition) to set how much slip is tolerated or how hard torque is cut. Manual: 10 TC levels, cut via ig","Traction-control (Motion Track TC) curve. Input is the wheel-slip value FUN_298A0 computes from front/rear wheel speed (0x8000 = no slip). FUN_4D602 selects one of 62 curves (by TC level / gear / condition) to set how much slip is tolerated or how hard torque is cut. Manual: 10 TC levels, cut via ignition timing and throttle valve. (Family-level description - specific use not individually confirmed.)

HOW THE ECU USES IT: looked up by FUN_4d602; X input = Wheel-slip style ratio (front/rear speed based, 0x8000 = 0) - traction control (RAM 0xFEF009D0).

AXES: X axis: 21 points, -1606 to 14460 raw (0x8000=0).

VALUES (stock 5JCZSJ40): 3277 to 7373 raw.

REFERENCE: data @0x185C20, X axis @0x185BF4, descriptor @0x1836C0, code FUN_4d602."
Traction :: Curve [Slip] 21pt FUN_4d602 #214,"Traction Control (slip, inferred); Unidentified - Cluster D (IDs 0x1D9-0x2EE)",0x185C78,"Traction-control (Motion Track TC) curve. Input is the wheel-slip value FUN_298A0 computes from front/rear wheel speed (0x8000 = no slip). FUN_4D602 selects one of 62 curves (by TC level / gear / condition) to set how much slip is tolerated or how hard torque is cut. Manual: 10 TC levels, cut via ig","Traction-control (Motion Track TC) curve. Input is the wheel-slip value FUN_298A0 computes from front/rear wheel speed (0x8000 = no slip). FUN_4D602 selects one of 62 curves (by TC level / gear / condition) to set how much slip is tolerated or how hard torque is cut. Manual: 10 TC levels, cut via ignition timing and throttle valve. (Family-level description - specific use not individually confirmed.)

HOW THE ECU USES IT: looked up by FUN_4d602; X input = Wheel-slip style ratio (front/rear speed based, 0x8000 = 0) - traction control (RAM 0xFEF009D0).

AXES: X axis: 21 points, -1606 to 14460 raw (0x8000=0).

VALUES (stock 5JCZSJ40): 3277 to 7373 raw.

REFERENCE: data @0x185C78, X axis @0x185C4C, descriptor @0x1836D4, code FUN_4d602."
Traction :: Curve [Slip] 21pt FUN_4d602 #215,"Traction Control (slip, inferred); Unidentified - Cluster D (IDs 0x1D9-0x2EE)",0x185CD0,"Traction-control (Motion Track TC) curve. Input is the wheel-slip value FUN_298A0 computes from front/rear wheel speed (0x8000 = no slip). FUN_4D602 selects one of 62 curves (by TC level / gear / condition) to set how much slip is tolerated or how hard torque is cut. Manual: 10 TC levels, cut via ig","Traction-control (Motion Track TC) curve. Input is the wheel-slip value FUN_298A0 computes from front/rear wheel speed (0x8000 = no slip). FUN_4D602 selects one of 62 curves (by TC level / gear / condition) to set how much slip is tolerated or how hard torque is cut. Manual: 10 TC levels, cut via ignition timing and throttle valve. (Family-level description - specific use not individually confirmed.)

HOW THE ECU USES IT: looked up by FUN_4d602; X input = Wheel-slip style ratio (front/rear speed based, 0x8000 = 0) - traction control (RAM 0xFEF009D0).

AXES: X axis: 21 points, -1606 to 14460 raw (0x8000=0).

VALUES (stock 5JCZSJ40): 3277 to 7373 raw.

REFERENCE: data @0x185CD0, X axis @0x185CA4, descriptor @0x1836E8, code FUN_4d602."
Traction :: Curve [Slip] 21pt FUN_4d602 #216,"Traction Control (slip, inferred); Unidentified - Cluster D (IDs 0x1D9-0x2EE)",0x185D28,"Traction-control (Motion Track TC) curve. Input is the wheel-slip value FUN_298A0 computes from front/rear wheel speed (0x8000 = no slip). FUN_4D602 selects one of 62 curves (by TC level / gear / condition) to set how much slip is tolerated or how hard torque is cut. Manual: 10 TC levels, cut via ig","Traction-control (Motion Track TC) curve. Input is the wheel-slip value FUN_298A0 computes from front/rear wheel speed (0x8000 = no slip). FUN_4D602 selects one of 62 curves (by TC level / gear / condition) to set how much slip is tolerated or how hard torque is cut. Manual: 10 TC levels, cut via ignition timing and throttle valve. (Family-level description - specific use not individually confirmed.)

HOW THE ECU USES IT: looked up by FUN_4d602; X input = Wheel-slip style ratio (front/rear speed based, 0x8000 = 0) - traction control (RAM 0xFEF009D0).

AXES: X axis: 21 points, -1606 to 14460 raw (0x8000=0).

VALUES (stock 5JCZSJ40): 3277 to 7373 raw.

REFERENCE: data @0x185D28, X axis @0x185CFC, descriptor @0x1836FC, code FUN_4d602."
Traction :: Curve [Slip] 21pt FUN_4d602 #217,"Traction Control (slip, inferred); Unidentified - Cluster D (IDs 0x1D9-0x2EE)",0x185D80,"Traction-control (Motion Track TC) curve. Input is the wheel-slip value FUN_298A0 computes from front/rear wheel speed (0x8000 = no slip). FUN_4D602 selects one of 62 curves (by TC level / gear / condition) to set how much slip is tolerated or how hard torque is cut. Manual: 10 TC levels, cut via ig","Traction-control (Motion Track TC) curve. Input is the wheel-slip value FUN_298A0 computes from front/rear wheel speed (0x8000 = no slip). FUN_4D602 selects one of 62 curves (by TC level / gear / condition) to set how much slip is tolerated or how hard torque is cut. Manual: 10 TC levels, cut via ignition timing and throttle valve. (Family-level description - specific use not individually confirmed.)

HOW THE ECU USES IT: looked up by FUN_4d602; X input = Wheel-slip style ratio (front/rear speed based, 0x8000 = 0) - traction control (RAM 0xFEF009D0).

AXES: X axis: 21 points, -1606 to 14460 raw (0x8000=0).

VALUES (stock 5JCZSJ40): 3277 to 7373 raw.

REFERENCE: data @0x185D80, X axis @0x185D54, descriptor @0x183710, code FUN_4d602."
Traction :: Curve [Slip] 21pt FUN_4d602 #218,"Traction Control (slip, inferred); Unidentified - Cluster D (IDs 0x1D9-0x2EE)",0x185DD8,"Traction-control (Motion Track TC) curve. Input is the wheel-slip value FUN_298A0 computes from front/rear wheel speed (0x8000 = no slip). FUN_4D602 selects one of 62 curves (by TC level / gear / condition) to set how much slip is tolerated or how hard torque is cut. Manual: 10 TC levels, cut via ig","Traction-control (Motion Track TC) curve. Input is the wheel-slip value FUN_298A0 computes from front/rear wheel speed (0x8000 = no slip). FUN_4D602 selects one of 62 curves (by TC level / gear / condition) to set how much slip is tolerated or how hard torque is cut. Manual: 10 TC levels, cut via ignition timing and throttle valve. (Family-level description - specific use not individually confirmed.)

HOW THE ECU USES IT: looked up by FUN_4d602; X input = Wheel-slip style ratio (front/rear speed based, 0x8000 = 0) - traction control (RAM 0xFEF009D0).

AXES: X axis: 21 points, -1606 to 14460 raw (0x8000=0).

VALUES (stock 5JCZSJ40): 3277 to 7373 raw.

REFERENCE: data @0x185DD8, X axis @0x185DAC, descriptor @0x183724, code FUN_4d602."
Traction :: Curve [Slip] 21pt FUN_4d602 #219,"Traction Control (slip, inferred); Unidentified - Cluster D (IDs 0x1D9-0x2EE)",0x185E30,"Traction-control (Motion Track TC) curve. Input is the wheel-slip value FUN_298A0 computes from front/rear wheel speed (0x8000 = no slip). FUN_4D602 selects one of 62 curves (by TC level / gear / condition) to set how much slip is tolerated or how hard torque is cut. Manual: 10 TC levels, cut via ig","Traction-control (Motion Track TC) curve. Input is the wheel-slip value FUN_298A0 computes from front/rear wheel speed (0x8000 = no slip). FUN_4D602 selects one of 62 curves (by TC level / gear / condition) to set how much slip is tolerated or how hard torque is cut. Manual: 10 TC levels, cut via ignition timing and throttle valve. (Family-level description - specific use not individually confirmed.)

HOW THE ECU USES IT: looked up by FUN_4d602; X input = Wheel-slip style ratio (front/rear speed based, 0x8000 = 0) - traction control (RAM 0xFEF009D0).

AXES: X axis: 21 points, -1606 to 14460 raw (0x8000=0).

VALUES (stock 5JCZSJ40): 3277 to 7373 raw.

REFERENCE: data @0x185E30, X axis @0x185E04, descriptor @0x183738, code FUN_4d602."
Traction :: Curve [Slip] 21pt FUN_4d602 #21A,"Traction Control (slip, inferred); Unidentified - Cluster D (IDs 0x1D9-0x2EE)",0x185E88,"Traction-control (Motion Track TC) curve. Input is the wheel-slip value FUN_298A0 computes from front/rear wheel speed (0x8000 = no slip). FUN_4D602 selects one of 62 curves (by TC level / gear / condition) to set how much slip is tolerated or how hard torque is cut. Manual: 10 TC levels, cut via ig","Traction-control (Motion Track TC) curve. Input is the wheel-slip value FUN_298A0 computes from front/rear wheel speed (0x8000 = no slip). FUN_4D602 selects one of 62 curves (by TC level / gear / condition) to set how much slip is tolerated or how hard torque is cut. Manual: 10 TC levels, cut via ignition timing and throttle valve. (Family-level description - specific use not individually confirmed.)

HOW THE ECU USES IT: looked up by FUN_4d602; X input = Wheel-slip style ratio (front/rear speed based, 0x8000 = 0) - traction control (RAM 0xFEF009D0).

AXES: X axis: 21 points, -1606 to 14460 raw (0x8000=0).

VALUES (stock 5JCZSJ40): 3277 to 7373 raw.

REFERENCE: data @0x185E88, X axis @0x185E5C, descriptor @0x18374C, code FUN_4d602."
Traction :: Curve [Slip] 21pt FUN_4d602 #21F,"Traction Control (slip, inferred); Unidentified - Cluster D (IDs 0x1D9-0x2EE)",0x185F90,"Traction-control (Motion Track TC) curve. Input is the wheel-slip value FUN_298A0 computes from front/rear wheel speed (0x8000 = no slip). FUN_4D602 selects one of 62 curves (by TC level / gear / condition) to set how much slip is tolerated or how hard torque is cut. Manual: 10 TC levels, cut via ig","Traction-control (Motion Track TC) curve. Input is the wheel-slip value FUN_298A0 computes from front/rear wheel speed (0x8000 = no slip). FUN_4D602 selects one of 62 curves (by TC level / gear / condition) to set how much slip is tolerated or how hard torque is cut. Manual: 10 TC levels, cut via ignition timing and throttle valve. (Family-level description - specific use not individually confirmed.)

HOW THE ECU USES IT: looked up by FUN_4d602; X input = Wheel-slip style ratio (front/rear speed based, 0x8000 = 0) - traction control (RAM 0xFEF009D0).

AXES: X axis: 21 points, -1606 to 14460 raw (0x8000=0).

VALUES (stock 5JCZSJ40): 3277 to 7373 raw.

REFERENCE: data @0x185F90, X axis @0x185F64, descriptor @0x183860, code FUN_4d602."
Traction :: Curve [Slip] 21pt FUN_4d602 #220,"Traction Control (slip, inferred); Unidentified - Cluster D (IDs 0x1D9-0x2EE)",0x185FE8,"Traction-control (Motion Track TC) curve. Input is the wheel-slip value FUN_298A0 computes from front/rear wheel speed (0x8000 = no slip). FUN_4D602 selects one of 62 curves (by TC level / gear / condition) to set how much slip is tolerated or how hard torque is cut. Manual: 10 TC levels, cut via ig","Traction-control (Motion Track TC) curve. Input is the wheel-slip value FUN_298A0 computes from front/rear wheel speed (0x8000 = no slip). FUN_4D602 selects one of 62 curves (by TC level / gear / condition) to set how much slip is tolerated or how hard torque is cut. Manual: 10 TC levels, cut via ignition timing and throttle valve. (Family-level description - specific use not individually confirmed.)

HOW THE ECU USES IT: looked up by FUN_4d602; X input = Wheel-slip style ratio (front/rear speed based, 0x8000 = 0) - traction control (RAM 0xFEF009D0).

AXES: X axis: 21 points, -1606 to 14460 raw (0x8000=0).

VALUES (stock 5JCZSJ40): 3277 to 7373 raw.

REFERENCE: data @0x185FE8, X axis @0x185FBC, descriptor @0x183874, code FUN_4d602."
Traction :: Curve [Slip] 21pt FUN_4d602 #221,"Traction Control (slip, inferred); Unidentified - Cluster D (IDs 0x1D9-0x2EE)",0x186040,"Traction-control (Motion Track TC) curve. Input is the wheel-slip value FUN_298A0 computes from front/rear wheel speed (0x8000 = no slip). FUN_4D602 selects one of 62 curves (by TC level / gear / condition) to set how much slip is tolerated or how hard torque is cut. Manual: 10 TC levels, cut via ig","Traction-control (Motion Track TC) curve. Input is the wheel-slip value FUN_298A0 computes from front/rear wheel speed (0x8000 = no slip). FUN_4D602 selects one of 62 curves (by TC level / gear / condition) to set how much slip is tolerated or how hard torque is cut. Manual: 10 TC levels, cut via ignition timing and throttle valve. (Family-level description - specific use not individually confirmed.)

HOW THE ECU USES IT: looked up by FUN_4d602; X input = Wheel-slip style ratio (front/rear speed based, 0x8000 = 0) - traction control (RAM 0xFEF009D0).

AXES: X axis: 21 points, -1606 to 14460 raw (0x8000=0).

VALUES (stock 5JCZSJ40): 3277 to 7373 raw.

REFERENCE: data @0x186040, X axis @0x186014, descriptor @0x183888, code FUN_4d602."
Traction :: Curve [Slip] 21pt FUN_4d602 #222,"Traction Control (slip, inferred); Unidentified - Cluster D (IDs 0x1D9-0x2EE)",0x186098,"Traction-control (Motion Track TC) curve. Input is the wheel-slip value FUN_298A0 computes from front/rear wheel speed (0x8000 = no slip). FUN_4D602 selects one of 62 curves (by TC level / gear / condition) to set how much slip is tolerated or how hard torque is cut. Manual: 10 TC levels, cut via ig","Traction-control (Motion Track TC) curve. Input is the wheel-slip value FUN_298A0 computes from front/rear wheel speed (0x8000 = no slip). FUN_4D602 selects one of 62 curves (by TC level / gear / condition) to set how much slip is tolerated or how hard torque is cut. Manual: 10 TC levels, cut via ignition timing and throttle valve. (Family-level description - specific use not individually confirmed.)

HOW THE ECU USES IT: looked up by FUN_4d602; X input = Wheel-slip style ratio (front/rear speed based, 0x8000 = 0) - traction control (RAM 0xFEF009D0).

AXES: X axis: 21 points, -1606 to 14460 raw (0x8000=0).

VALUES (stock 5JCZSJ40): 3277 to 7373 raw.

REFERENCE: data @0x186098, X axis @0x18606C, descriptor @0x18389C, code FUN_4d602."
Traction :: Curve [Slip] 21pt FUN_4d602 #223,"Traction Control (slip, inferred); Unidentified - Cluster D (IDs 0x1D9-0x2EE)",0x1860F0,"Traction-control (Motion Track TC) curve. Input is the wheel-slip value FUN_298A0 computes from front/rear wheel speed (0x8000 = no slip). FUN_4D602 selects one of 62 curves (by TC level / gear / condition) to set how much slip is tolerated or how hard torque is cut. Manual: 10 TC levels, cut via ig","Traction-control (Motion Track TC) curve. Input is the wheel-slip value FUN_298A0 computes from front/rear wheel speed (0x8000 = no slip). FUN_4D602 selects one of 62 curves (by TC level / gear / condition) to set how much slip is tolerated or how hard torque is cut. Manual: 10 TC levels, cut via ignition timing and throttle valve. (Family-level description - specific use not individually confirmed.)

HOW THE ECU USES IT: looked up by FUN_4d602; X input = Wheel-slip style ratio (front/rear speed based, 0x8000 = 0) - traction control (RAM 0xFEF009D0).

AXES: X axis: 21 points, -1606 to 14460 raw (0x8000=0).

VALUES (stock 5JCZSJ40): 3277 to 7373 raw.

REFERENCE: data @0x1860F0, X axis @0x1860C4, descriptor @0x1838B0, code FUN_4d602."
Traction :: Curve [Slip] 21pt FUN_4d602 #224,"Traction Control (slip, inferred); Unidentified - Cluster D (IDs 0x1D9-0x2EE)",0x186148,"Traction-control (Motion Track TC) curve. Input is the wheel-slip value FUN_298A0 computes from front/rear wheel speed (0x8000 = no slip). FUN_4D602 selects one of 62 curves (by TC level / gear / condition) to set how much slip is tolerated or how hard torque is cut. Manual: 10 TC levels, cut via ig","Traction-control (Motion Track TC) curve. Input is the wheel-slip value FUN_298A0 computes from front/rear wheel speed (0x8000 = no slip). FUN_4D602 selects one of 62 curves (by TC level / gear / condition) to set how much slip is tolerated or how hard torque is cut. Manual: 10 TC levels, cut via ignition timing and throttle valve. (Family-level description - specific use not individually confirmed.)

HOW THE ECU USES IT: looked up by FUN_4d602; X input = Wheel-slip style ratio (front/rear speed based, 0x8000 = 0) - traction control (RAM 0xFEF009D0).

AXES: X axis: 21 points, -1606 to 14460 raw (0x8000=0).

VALUES (stock 5JCZSJ40): 3277 to 7373 raw.

REFERENCE: data @0x186148, X axis @0x18611C, descriptor @0x1838C4, code FUN_4d602."
Traction :: Curve [Slip] 21pt FUN_4d602 #225,"Traction Control (slip, inferred); Unidentified - Cluster D (IDs 0x1D9-0x2EE)",0x1861A0,"Traction-control (Motion Track TC) curve. Input is the wheel-slip value FUN_298A0 computes from front/rear wheel speed (0x8000 = no slip). FUN_4D602 selects one of 62 curves (by TC level / gear / condition) to set how much slip is tolerated or how hard torque is cut. Manual: 10 TC levels, cut via ig","Traction-control (Motion Track TC) curve. Input is the wheel-slip value FUN_298A0 computes from front/rear wheel speed (0x8000 = no slip). FUN_4D602 selects one of 62 curves (by TC level / gear / condition) to set how much slip is tolerated or how hard torque is cut. Manual: 10 TC levels, cut via ignition timing and throttle valve. (Family-level description - specific use not individually confirmed.)

HOW THE ECU USES IT: looked up by FUN_4d602; X input = Wheel-slip style ratio (front/rear speed based, 0x8000 = 0) - traction control (RAM 0xFEF009D0).

AXES: X axis: 21 points, -1606 to 14460 raw (0x8000=0).

VALUES (stock 5JCZSJ40): 3277 to 7373 raw.

REFERENCE: data @0x1861A0, X axis @0x186174, descriptor @0x1838D8, code FUN_4d602."
Traction :: Curve [Slip] 21pt FUN_4d602 #226,"Traction Control (slip, inferred); Unidentified - Cluster D (IDs 0x1D9-0x2EE)",0x1861F8,"Traction-control (Motion Track TC) curve. Input is the wheel-slip value FUN_298A0 computes from front/rear wheel speed (0x8000 = no slip). FUN_4D602 selects one of 62 curves (by TC level / gear / condition) to set how much slip is tolerated or how hard torque is cut. Manual: 10 TC levels, cut via ig","Traction-control (Motion Track TC) curve. Input is the wheel-slip value FUN_298A0 computes from front/rear wheel speed (0x8000 = no slip). FUN_4D602 selects one of 62 curves (by TC level / gear / condition) to set how much slip is tolerated or how hard torque is cut. Manual: 10 TC levels, cut via ignition timing and throttle valve. (Family-level description - specific use not individually confirmed.)

HOW THE ECU USES IT: looked up by FUN_4d602; X input = Wheel-slip style ratio (front/rear speed based, 0x8000 = 0) - traction control (RAM 0xFEF009D0).

AXES: X axis: 21 points, -1606 to 14460 raw (0x8000=0).

VALUES (stock 5JCZSJ40): 3277 to 7373 raw.

REFERENCE: data @0x1861F8, X axis @0x1861CC, descriptor @0x1838EC, code FUN_4d602."
Traction :: Curve [Slip] 21pt FUN_4d602 #227,"Traction Control (slip, inferred); Unidentified - Cluster D (IDs 0x1D9-0x2EE)",0x186250,"Traction-control (Motion Track TC) curve. Input is the wheel-slip value FUN_298A0 computes from front/rear wheel speed (0x8000 = no slip). FUN_4D602 selects one of 62 curves (by TC level / gear / condition) to set how much slip is tolerated or how hard torque is cut. Manual: 10 TC levels, cut via ig","Traction-control (Motion Track TC) curve. Input is the wheel-slip value FUN_298A0 computes from front/rear wheel speed (0x8000 = no slip). FUN_4D602 selects one of 62 curves (by TC level / gear / condition) to set how much slip is tolerated or how hard torque is cut. Manual: 10 TC levels, cut via ignition timing and throttle valve. (Family-level description - specific use not individually confirmed.)

HOW THE ECU USES IT: looked up by FUN_4d602; X input = Wheel-slip style ratio (front/rear speed based, 0x8000 = 0) - traction control (RAM 0xFEF009D0).

AXES: X axis: 21 points, -1606 to 14460 raw (0x8000=0).

VALUES (stock 5JCZSJ40): 3277 to 7373 raw.

REFERENCE: data @0x186250, X axis @0x186224, descriptor @0x183900, code FUN_4d602."
Traction :: Curve [Slip] 21pt FUN_4d602 #228,"Traction Control (slip, inferred); Unidentified - Cluster D (IDs 0x1D9-0x2EE)",0x1862A8,"Traction-control (Motion Track TC) curve. Input is the wheel-slip value FUN_298A0 computes from front/rear wheel speed (0x8000 = no slip). FUN_4D602 selects one of 62 curves (by TC level / gear / condition) to set how much slip is tolerated or how hard torque is cut. Manual: 10 TC levels, cut via ig","Traction-control (Motion Track TC) curve. Input is the wheel-slip value FUN_298A0 computes from front/rear wheel speed (0x8000 = no slip). FUN_4D602 selects one of 62 curves (by TC level / gear / condition) to set how much slip is tolerated or how hard torque is cut. Manual: 10 TC levels, cut via ignition timing and throttle valve. (Family-level description - specific use not individually confirmed.)

HOW THE ECU USES IT: looked up by FUN_4d602; X input = Wheel-slip style ratio (front/rear speed based, 0x8000 = 0) - traction control (RAM 0xFEF009D0).

AXES: X axis: 21 points, -1606 to 14460 raw (0x8000=0).

VALUES (stock 5JCZSJ40): 3277 to 7373 raw.

REFERENCE: data @0x1862A8, X axis @0x18627C, descriptor @0x183914, code FUN_4d602."
Traction :: Curve [Slip] 21pt FUN_4d602 #229,"Traction Control (slip, inferred); Unidentified - Cluster D (IDs 0x1D9-0x2EE)",0x186300,"Traction-control (Motion Track TC) curve. Input is the wheel-slip value FUN_298A0 computes from front/rear wheel speed (0x8000 = no slip). FUN_4D602 selects one of 62 curves (by TC level / gear / condition) to set how much slip is tolerated or how hard torque is cut. Manual: 10 TC levels, cut via ig","Traction-control (Motion Track TC) curve. Input is the wheel-slip value FUN_298A0 computes from front/rear wheel speed (0x8000 = no slip). FUN_4D602 selects one of 62 curves (by TC level / gear / condition) to set how much slip is tolerated or how hard torque is cut. Manual: 10 TC levels, cut via ignition timing and throttle valve. (Family-level description - specific use not individually confirmed.)

HOW THE ECU USES IT: looked up by FUN_4d602; X input = Wheel-slip style ratio (front/rear speed based, 0x8000 = 0) - traction control (RAM 0xFEF009D0).

AXES: X axis: 21 points, -1606 to 14460 raw (0x8000=0).

VALUES (stock 5JCZSJ40): 3277 to 7373 raw.

REFERENCE: data @0x186300, X axis @0x1862D4, descriptor @0x183928, code FUN_4d602."
Traction :: Curve [Slip] 21pt FUN_4d602 #22A,"Traction Control (slip, inferred); Unidentified - Cluster D (IDs 0x1D9-0x2EE)",0x186358,"Traction-control (Motion Track TC) curve. Input is the wheel-slip value FUN_298A0 computes from front/rear wheel speed (0x8000 = no slip). FUN_4D602 selects one of 62 curves (by TC level / gear / condition) to set how much slip is tolerated or how hard torque is cut. Manual: 10 TC levels, cut via ig","Traction-control (Motion Track TC) curve. Input is the wheel-slip value FUN_298A0 computes from front/rear wheel speed (0x8000 = no slip). FUN_4D602 selects one of 62 curves (by TC level / gear / condition) to set how much slip is tolerated or how hard torque is cut. Manual: 10 TC levels, cut via ignition timing and throttle valve. (Family-level description - specific use not individually confirmed.)

HOW THE ECU USES IT: looked up by FUN_4d602; X input = Wheel-slip style ratio (front/rear speed based, 0x8000 = 0) - traction control (RAM 0xFEF009D0).

AXES: X axis: 21 points, -1606 to 14460 raw (0x8000=0).

VALUES (stock 5JCZSJ40): 3277 to 7373 raw.

REFERENCE: data @0x186358, X axis @0x18632C, descriptor @0x18393C, code FUN_4d602."
Cluster D :: Curve [RAM_fef02642] 12pt FUN_4ccaa #22B,Unidentified - Cluster D (IDs 0x1D9-0x2EE),0x182B20,Function not yet identified. Name reflects the inputs the code feeds this table.,"Function not yet identified. Name reflects the inputs the code feeds this table.

HOW THE ECU USES IT: looked up by FUN_4ccaa; X input = RAM 0xfef02642.

AXES: X axis: 12 points, 1000 to 12000 RPM.

VALUES (stock 5JCZSJ40): 640 to 1024 raw.

REFERENCE: data @0x182B20, X axis @0x182B08, descriptor @0x183950, code FUN_4ccaa."
Lean Angle :: Curve [Lean] 9pt FUN_4d9de #22C,Lean Angle; Unidentified - Cluster D (IDs 0x1D9-0x2EE),0x186398,"Lean-angle-dependent curve. Input is the IMU bank angle (0 = upright, degrees). Used by the cornering-aware traction control (FUN_4D9DE / FUN_4DDFC choose one of 11 curves, matching TC levels 1-10 plus one). (Family-level description - specific use not individually confirmed.)","Lean-angle-dependent curve. Input is the IMU bank angle (0 = upright, degrees). Used by the cornering-aware traction control (FUN_4D9DE / FUN_4DDFC choose one of 11 curves, matching TC levels 1-10 plus one). (Family-level description - specific use not individually confirmed.)

HOW THE ECU USES IT: looked up by FUN_4d9de; X input = Lean (bank) angle magnitude from IMU (0x8000 = upright) (RAM 0xFEF0268E).

AXES: X axis: 9 points, 0.00 to 60.0 deg (est.).

VALUES (stock 5JCZSJ40): 32768 to 33178 raw.

REFERENCE: data @0x186398, X axis @0x186384, descriptor @0x183964, code FUN_4d9de."
Lean Angle :: Curve [Lean] 9pt FUN_4d9de #22D,Lean Angle; Unidentified - Cluster D (IDs 0x1D9-0x2EE),0x1863C0,"Lean-angle-dependent curve. Input is the IMU bank angle (0 = upright, degrees). Used by the cornering-aware traction control (FUN_4D9DE / FUN_4DDFC choose one of 11 curves, matching TC levels 1-10 plus one). (Family-level description - specific use not individually confirmed.)","Lean-angle-dependent curve. Input is the IMU bank angle (0 = upright, degrees). Used by the cornering-aware traction control (FUN_4D9DE / FUN_4DDFC choose one of 11 curves, matching TC levels 1-10 plus one). (Family-level description - specific use not individually confirmed.)

HOW THE ECU USES IT: looked up by FUN_4d9de; X input = Lean (bank) angle magnitude from IMU (0x8000 = upright) (RAM 0xFEF0268E).

AXES: X axis: 9 points, 0.00 to 60.0 deg (est.).

VALUES (stock 5JCZSJ40): 32768 to 33587 raw.

REFERENCE: data @0x1863C0, X axis @0x1863AC, descriptor @0x183978, code FUN_4d9de."
Lean Angle :: Curve [Lean] 9pt FUN_4d9de #22E,Lean Angle; Unidentified - Cluster D (IDs 0x1D9-0x2EE),0x1863E8,"Lean-angle-dependent curve. Input is the IMU bank angle (0 = upright, degrees). Used by the cornering-aware traction control (FUN_4D9DE / FUN_4DDFC choose one of 11 curves, matching TC levels 1-10 plus one). (Family-level description - specific use not individually confirmed.)","Lean-angle-dependent curve. Input is the IMU bank angle (0 = upright, degrees). Used by the cornering-aware traction control (FUN_4D9DE / FUN_4DDFC choose one of 11 curves, matching TC levels 1-10 plus one). (Family-level description - specific use not individually confirmed.)

HOW THE ECU USES IT: looked up by FUN_4d9de; X input = Lean (bank) angle magnitude from IMU (0x8000 = upright) (RAM 0xFEF0268E).

AXES: X axis: 9 points, 0.00 to 60.0 deg (est.).

VALUES (stock 5JCZSJ40): 32768 to 33997 raw.

REFERENCE: data @0x1863E8, X axis @0x1863D4, descriptor @0x18398C, code FUN_4d9de."
Lean Angle :: Curve [Lean] 9pt FUN_4d9de #22F,Lean Angle; Unidentified - Cluster D (IDs 0x1D9-0x2EE),0x186410,"Lean-angle-dependent curve. Input is the IMU bank angle (0 = upright, degrees). Used by the cornering-aware traction control (FUN_4D9DE / FUN_4DDFC choose one of 11 curves, matching TC levels 1-10 plus one). (Family-level description - specific use not individually confirmed.)","Lean-angle-dependent curve. Input is the IMU bank angle (0 = upright, degrees). Used by the cornering-aware traction control (FUN_4D9DE / FUN_4DDFC choose one of 11 curves, matching TC levels 1-10 plus one). (Family-level description - specific use not individually confirmed.)

HOW THE ECU USES IT: looked up by FUN_4d9de; X input = Lean (bank) angle magnitude from IMU (0x8000 = upright) (RAM 0xFEF0268E).

AXES: X axis: 9 points, 0.00 to 60.0 deg (est.).

VALUES (stock 5JCZSJ40): 32768 to 34406 raw.

REFERENCE: data @0x186410, X axis @0x1863FC, descriptor @0x1839A0, code FUN_4d9de."
Lean Angle :: Curve [Lean] 9pt FUN_4d9de #230,Lean Angle; Unidentified - Cluster D (IDs 0x1D9-0x2EE),0x186438,"Lean-angle-dependent curve. Input is the IMU bank angle (0 = upright, degrees). Used by the cornering-aware traction control (FUN_4D9DE / FUN_4DDFC choose one of 11 curves, matching TC levels 1-10 plus one). (Family-level description - specific use not individually confirmed.)","Lean-angle-dependent curve. Input is the IMU bank angle (0 = upright, degrees). Used by the cornering-aware traction control (FUN_4D9DE / FUN_4DDFC choose one of 11 curves, matching TC levels 1-10 plus one). (Family-level description - specific use not individually confirmed.)

HOW THE ECU USES IT: looked up by FUN_4d9de; X input = Lean (bank) angle magnitude from IMU (0x8000 = upright) (RAM 0xFEF0268E).

AXES: X axis: 9 points, 0.00 to 60.0 deg (est.).

VALUES (stock 5JCZSJ40): 32768 to 34816 raw.

REFERENCE: data @0x186438, X axis @0x186424, descriptor @0x1839B4, code FUN_4d9de."
Lean Angle :: Curve [Lean] 9pt FUN_4d9de #231,Lean Angle; Unidentified - Cluster D (IDs 0x1D9-0x2EE),0x186460,"Lean-angle-dependent curve. Input is the IMU bank angle (0 = upright, degrees). Used by the cornering-aware traction control (FUN_4D9DE / FUN_4DDFC choose one of 11 curves, matching TC levels 1-10 plus one). (Family-level description - specific use not individually confirmed.)","Lean-angle-dependent curve. Input is the IMU bank angle (0 = upright, degrees). Used by the cornering-aware traction control (FUN_4D9DE / FUN_4DDFC choose one of 11 curves, matching TC levels 1-10 plus one). (Family-level description - specific use not individually confirmed.)

HOW THE ECU USES IT: looked up by FUN_4d9de; X input = Lean (bank) angle magnitude from IMU (0x8000 = upright) (RAM 0xFEF0268E).

AXES: X axis: 9 points, 0.00 to 60.0 deg (est.).

VALUES (stock 5JCZSJ40): 32768 to 35226 raw.

REFERENCE: data @0x186460, X axis @0x18644C, descriptor @0x1839C8, code FUN_4d9de."
Lean Angle :: Curve [Lean] 9pt FUN_4d9de #232,Lean Angle; Unidentified - Cluster D (IDs 0x1D9-0x2EE),0x186488,"Lean-angle-dependent curve. Input is the IMU bank angle (0 = upright, degrees). Used by the cornering-aware traction control (FUN_4D9DE / FUN_4DDFC choose one of 11 curves, matching TC levels 1-10 plus one). (Family-level description - specific use not individually confirmed.)","Lean-angle-dependent curve. Input is the IMU bank angle (0 = upright, degrees). Used by the cornering-aware traction control (FUN_4D9DE / FUN_4DDFC choose one of 11 curves, matching TC levels 1-10 plus one). (Family-level description - specific use not individually confirmed.)

HOW THE ECU USES IT: looked up by FUN_4d9de; X input = Lean (bank) angle magnitude from IMU (0x8000 = upright) (RAM 0xFEF0268E).

AXES: X axis: 9 points, 0.00 to 60.0 deg (est.).

VALUES (stock 5JCZSJ40): 32768 to 35226 raw.

REFERENCE: data @0x186488, X axis @0x186474, descriptor @0x1839DC, code FUN_4d9de."
Lean Angle :: Curve [Lean] 9pt FUN_4d9de #233,Lean Angle; Unidentified - Cluster D (IDs 0x1D9-0x2EE),0x1864B0,"Lean-angle-dependent curve. Input is the IMU bank angle (0 = upright, degrees). Used by the cornering-aware traction control (FUN_4D9DE / FUN_4DDFC choose one of 11 curves, matching TC levels 1-10 plus one). (Family-level description - specific use not individually confirmed.)","Lean-angle-dependent curve. Input is the IMU bank angle (0 = upright, degrees). Used by the cornering-aware traction control (FUN_4D9DE / FUN_4DDFC choose one of 11 curves, matching TC levels 1-10 plus one). (Family-level description - specific use not individually confirmed.)

HOW THE ECU USES IT: looked up by FUN_4d9de; X input = Lean (bank) angle magnitude from IMU (0x8000 = upright) (RAM 0xFEF0268E).

AXES: X axis: 9 points, 0.00 to 60.0 deg (est.).

VALUES (stock 5JCZSJ40): 32768 to 35226 raw.

REFERENCE: data @0x1864B0, X axis @0x18649C, descriptor @0x1839F0, code FUN_4d9de."
Lean Angle :: Curve [Lean] 9pt FUN_4d9de #234,Lean Angle; Unidentified - Cluster D (IDs 0x1D9-0x2EE),0x1864D8,"Lean-angle-dependent curve. Input is the IMU bank angle (0 = upright, degrees). Used by the cornering-aware traction control (FUN_4D9DE / FUN_4DDFC choose one of 11 curves, matching TC levels 1-10 plus one). (Family-level description - specific use not individually confirmed.)","Lean-angle-dependent curve. Input is the IMU bank angle (0 = upright, degrees). Used by the cornering-aware traction control (FUN_4D9DE / FUN_4DDFC choose one of 11 curves, matching TC levels 1-10 plus one). (Family-level description - specific use not individually confirmed.)

HOW THE ECU USES IT: looked up by FUN_4d9de; X input = Lean (bank) angle magnitude from IMU (0x8000 = upright) (RAM 0xFEF0268E).

AXES: X axis: 9 points, 0.00 to 60.0 deg (est.).

VALUES (stock 5JCZSJ40): 32768 to 35226 raw.

REFERENCE: data @0x1864D8, X axis @0x1864C4, descriptor @0x183A04, code FUN_4d9de."
Lean Angle :: Curve [Lean] 9pt FUN_4d9de #235,Lean Angle; Unidentified - Cluster D (IDs 0x1D9-0x2EE),0x186500,"Lean-angle-dependent curve. Input is the IMU bank angle (0 = upright, degrees). Used by the cornering-aware traction control (FUN_4D9DE / FUN_4DDFC choose one of 11 curves, matching TC levels 1-10 plus one). (Family-level description - specific use not individually confirmed.)","Lean-angle-dependent curve. Input is the IMU bank angle (0 = upright, degrees). Used by the cornering-aware traction control (FUN_4D9DE / FUN_4DDFC choose one of 11 curves, matching TC levels 1-10 plus one). (Family-level description - specific use not individually confirmed.)

HOW THE ECU USES IT: looked up by FUN_4d9de; X input = Lean (bank) angle magnitude from IMU (0x8000 = upright) (RAM 0xFEF0268E).

AXES: X axis: 9 points, 0.00 to 60.0 deg (est.).

VALUES (stock 5JCZSJ40): 32768 to 35226 raw.

REFERENCE: data @0x186500, X axis @0x1864EC, descriptor @0x183A18, code FUN_4d9de."
Lean Angle :: Curve [Lean] 9pt FUN_4d9de #236,Lean Angle; Unidentified - Cluster D (IDs 0x1D9-0x2EE),0x186528,"Lean-angle-dependent curve. Input is the IMU bank angle (0 = upright, degrees). Used by the cornering-aware traction control (FUN_4D9DE / FUN_4DDFC choose one of 11 curves, matching TC levels 1-10 plus one). (Family-level description - specific use not individually confirmed.)","Lean-angle-dependent curve. Input is the IMU bank angle (0 = upright, degrees). Used by the cornering-aware traction control (FUN_4D9DE / FUN_4DDFC choose one of 11 curves, matching TC levels 1-10 plus one). (Family-level description - specific use not individually confirmed.)

HOW THE ECU USES IT: looked up by FUN_4d9de; X input = Lean (bank) angle magnitude from IMU (0x8000 = upright) (RAM 0xFEF0268E).

AXES: X axis: 9 points, 0.00 to 60.0 deg (est.).

VALUES (stock 5JCZSJ40): 32768 to 33178 raw.

REFERENCE: data @0x186528, X axis @0x186514, descriptor @0x183A2C, code FUN_4d9de."
Cluster D :: Curve [RPM] 15pt FUN_4da8e #237,Unidentified - Cluster D (IDs 0x1D9-0x2EE),0x186D2C,Function not yet identified. Name reflects the inputs the code feeds this table.,"Function not yet identified. Name reflects the inputs the code feeds this table.

HOW THE ECU USES IT: looked up by FUN_4da8e; X input = Engine speed (variant) (RAM 0xFEF02592).

AXES: X axis: 15 points, 1000 to 12000 RPM.

VALUES (stock 5JCZSJ40): 102 to 128 raw.

REFERENCE: data @0x186D2C, X axis @0x18653C, descriptor @0x183A40, code FUN_4da8e."
Cluster D :: Curve [RPM] 15pt FUN_4da8e #238,Unidentified - Cluster D (IDs 0x1D9-0x2EE),0x186D3C,Function not yet identified. Name reflects the inputs the code feeds this table.,"Function not yet identified. Name reflects the inputs the code feeds this table.

HOW THE ECU USES IT: looked up by FUN_4da8e; X input = Engine speed (variant) (RAM 0xFEF02592).

AXES: X axis: 15 points, 1000 to 12000 RPM.

VALUES (stock 5JCZSJ40): 102 to 128 raw.

REFERENCE: data @0x186D3C, X axis @0x18655C, descriptor @0x183A54, code FUN_4da8e."
Cluster D :: Curve [RPM] 15pt FUN_4da8e #239,Unidentified - Cluster D (IDs 0x1D9-0x2EE),0x186D4C,Function not yet identified. Name reflects the inputs the code feeds this table.,"Function not yet identified. Name reflects the inputs the code feeds this table.

HOW THE ECU USES IT: looked up by FUN_4da8e; X input = Engine speed (variant) (RAM 0xFEF02592).

AXES: X axis: 15 points, 1000 to 12000 RPM.

VALUES (stock 5JCZSJ40): 102 to 128 raw.

REFERENCE: data @0x186D4C, X axis @0x18657C, descriptor @0x183A68, code FUN_4da8e."
Cluster D :: Curve [RPM] 15pt FUN_4da8e #23A,Unidentified - Cluster D (IDs 0x1D9-0x2EE),0x186D5C,Function not yet identified. Name reflects the inputs the code feeds this table.,"Function not yet identified. Name reflects the inputs the code feeds this table.

HOW THE ECU USES IT: looked up by FUN_4da8e; X input = Engine speed (variant) (RAM 0xFEF02592).

AXES: X axis: 15 points, 1000 to 12000 RPM.

VALUES (stock 5JCZSJ40): 102 to 128 raw.

REFERENCE: data @0x186D5C, X axis @0x18659C, descriptor @0x183A7C, code FUN_4da8e."
Cluster D :: Curve [RPM] 15pt FUN_4da8e #23B,Unidentified - Cluster D (IDs 0x1D9-0x2EE),0x186D6C,Function not yet identified. Name reflects the inputs the code feeds this table.,"Function not yet identified. Name reflects the inputs the code feeds this table.

HOW THE ECU USES IT: looked up by FUN_4da8e; X input = Engine speed (variant) (RAM 0xFEF02592).

AXES: X axis: 15 points, 1000 to 12000 RPM.

VALUES (stock 5JCZSJ40): 102 to 128 raw.

REFERENCE: data @0x186D6C, X axis @0x1865BC, descriptor @0x183A90, code FUN_4da8e."
Cluster D :: Curve [RPM] 15pt FUN_4da8e #23C,Unidentified - Cluster D (IDs 0x1D9-0x2EE),0x186D7C,Function not yet identified. Name reflects the inputs the code feeds this table.,"Function not yet identified. Name reflects the inputs the code feeds this table.

HOW THE ECU USES IT: looked up by FUN_4da8e; X input = Engine speed (variant) (RAM 0xFEF02592).

AXES: X axis: 15 points, 1000 to 12000 RPM.

VALUES (stock 5JCZSJ40): 102 to 128 raw.

REFERENCE: data @0x186D7C, X axis @0x1865DC, descriptor @0x183AA4, code FUN_4da8e."
ETV - Grip Curve 1,Throttle By Wire; Other ETV Maps,0x183AEC,Grip-to-throttle response curve: % grip opening (0-100 %) -> % demand (0-100 %). 11 progressively steeper curves; chosen per mode by FUN_4DDFC. (Family-level description - specific use not individually confirmed.),"Grip-to-throttle response curve: % grip opening (0-100 %) -> % demand (0-100 %). 11 progressively steeper curves; chosen per mode by FUN_4DDFC. (Family-level description - specific use not individually confirmed.)

HOW THE ECU USES IT: looked up by FUN_4ddfc; X input = Grip opening 0-100 % (X/5) (RAM 0xFEF01562).

AXES: X axis: 26 points, 0.00 to 100 % grip.

VALUES (stock 5JCZSJ40): 0.00 to 100 % (X/409.6).

REFERENCE: data @0x183AEC, X axis @0x183AB8, descriptor @0x183B20, code FUN_4ddfc."
Cluster D :: Curve [RAM_fef0135c] 9pt FUN_4ddfc #23E (flat),Unidentified - Cluster D (IDs 0x1D9-0x2EE); Flat Maps (unused/disabled?),0x186610,Function not yet identified. Name reflects the inputs the code feeds this table.,"Function not yet identified. Name reflects the inputs the code feeds this table.

HOW THE ECU USES IT: looked up by FUN_4ddfc; X input = RAM 0xfef0135c.

AXES: X axis: 9 points, 32973 to 33628 raw.

VALUES (stock 5JCZSJ40): 32768 to 32768 raw - every cell is the same (32768), so the function is probably disabled or unused in this calibration.

REFERENCE: data @0x186610, X axis @0x1865FC, descriptor @0x183B34, code FUN_4ddfc."
Cluster D :: Curve [RAM_fef02644] 9pt FUN_4ddfc #23F (flat),Unidentified - Cluster D (IDs 0x1D9-0x2EE); Flat Maps (unused/disabled?),0x186638,Function not yet identified. Name reflects the inputs the code feeds this table.,"Function not yet identified. Name reflects the inputs the code feeds this table.

HOW THE ECU USES IT: looked up by FUN_4ddfc; X input = RAM 0xfef02644.

AXES: X axis: 9 points, 32973 to 33628 raw.

VALUES (stock 5JCZSJ40): 32768 to 32768 raw - every cell is the same (32768), so the function is probably disabled or unused in this calibration.

REFERENCE: data @0x186638, X axis @0x186624, descriptor @0x183B48, code FUN_4ddfc."
Lean Angle :: Curve [Lean] 9pt FUN_4ddfc #240 (flat),Lean Angle; Unidentified - Cluster D (IDs 0x1D9-0x2EE); Flat Maps (unused/disabled?),0x186660,"Lean-angle-dependent curve. Input is the IMU bank angle (0 = upright, degrees). Used by the cornering-aware traction control (FUN_4D9DE / FUN_4DDFC choose one of 11 curves, matching TC levels 1-10 plus one). (Family-level description - specific use not individually confirmed.)","Lean-angle-dependent curve. Input is the IMU bank angle (0 = upright, degrees). Used by the cornering-aware traction control (FUN_4D9DE / FUN_4DDFC choose one of 11 curves, matching TC levels 1-10 plus one). (Family-level description - specific use not individually confirmed.)

HOW THE ECU USES IT: looked up by FUN_4ddfc; X input = Lean (bank) angle magnitude from IMU (0x8000 = upright) (RAM 0xFEF0268E).

AXES: X axis: 9 points, 0.00 to 60.0 deg (est.).

VALUES (stock 5JCZSJ40): 100 to 100 raw - every cell is the same (100), so the function is probably disabled or unused in this calibration.

REFERENCE: data @0x186660, X axis @0x18664C, descriptor @0x183B5C, code FUN_4ddfc."
ETV - Grip Curve 2,Throttle By Wire; Other ETV Maps,0x183BA4,Grip-to-throttle response curve: % grip opening (0-100 %) -> % demand (0-100 %). 11 progressively steeper curves; chosen per mode by FUN_4DDFC. (Family-level description - specific use not individually confirmed.),"Grip-to-throttle response curve: % grip opening (0-100 %) -> % demand (0-100 %). 11 progressively steeper curves; chosen per mode by FUN_4DDFC. (Family-level description - specific use not individually confirmed.)

HOW THE ECU USES IT: looked up by FUN_4ddfc; X input = Grip opening 0-100 % (X/5) (RAM 0xFEF01562).

AXES: X axis: 26 points, 0.00 to 100 % grip.

VALUES (stock 5JCZSJ40): 0.00 to 100 % (X/409.6).

REFERENCE: data @0x183BA4, X axis @0x183B70, descriptor @0x183BD8, code FUN_4ddfc."
Cluster D :: Curve [RAM_fef0135c] 9pt FUN_4ddfc #242 (flat),Unidentified - Cluster D (IDs 0x1D9-0x2EE); Flat Maps (unused/disabled?),0x186688,Function not yet identified. Name reflects the inputs the code feeds this table.,"Function not yet identified. Name reflects the inputs the code feeds this table.

HOW THE ECU USES IT: looked up by FUN_4ddfc; X input = RAM 0xfef0135c.

AXES: X axis: 9 points, 32973 to 33628 raw.

VALUES (stock 5JCZSJ40): 32768 to 32768 raw - every cell is the same (32768), so the function is probably disabled or unused in this calibration.

REFERENCE: data @0x186688, X axis @0x186674, descriptor @0x183BEC, code FUN_4ddfc."
Cluster D :: Curve [RAM_fef02644] 9pt FUN_4ddfc #243 (flat),Unidentified - Cluster D (IDs 0x1D9-0x2EE); Flat Maps (unused/disabled?),0x1866B0,Function not yet identified. Name reflects the inputs the code feeds this table.,"Function not yet identified. Name reflects the inputs the code feeds this table.

HOW THE ECU USES IT: looked up by FUN_4ddfc; X input = RAM 0xfef02644.

AXES: X axis: 9 points, 32973 to 33628 raw.

VALUES (stock 5JCZSJ40): 32768 to 32768 raw - every cell is the same (32768), so the function is probably disabled or unused in this calibration.

REFERENCE: data @0x1866B0, X axis @0x18669C, descriptor @0x183C00, code FUN_4ddfc."
Lean Angle :: Curve [Lean] 9pt FUN_4ddfc #244 (flat),Lean Angle; Unidentified - Cluster D (IDs 0x1D9-0x2EE); Flat Maps (unused/disabled?),0x1866D8,"Lean-angle-dependent curve. Input is the IMU bank angle (0 = upright, degrees). Used by the cornering-aware traction control (FUN_4D9DE / FUN_4DDFC choose one of 11 curves, matching TC levels 1-10 plus one). (Family-level description - specific use not individually confirmed.)","Lean-angle-dependent curve. Input is the IMU bank angle (0 = upright, degrees). Used by the cornering-aware traction control (FUN_4D9DE / FUN_4DDFC choose one of 11 curves, matching TC levels 1-10 plus one). (Family-level description - specific use not individually confirmed.)

HOW THE ECU USES IT: looked up by FUN_4ddfc; X input = Lean (bank) angle magnitude from IMU (0x8000 = upright) (RAM 0xFEF0268E).

AXES: X axis: 9 points, 0.00 to 60.0 deg (est.).

VALUES (stock 5JCZSJ40): 100 to 100 raw - every cell is the same (100), so the function is probably disabled or unused in this calibration.

REFERENCE: data @0x1866D8, X axis @0x1866C4, descriptor @0x183C14, code FUN_4ddfc."
ETV - Grip Curve 3,Throttle By Wire; Other ETV Maps,0x183C5C,Grip-to-throttle response curve: % grip opening (0-100 %) -> % demand (0-100 %). 11 progressively steeper curves; chosen per mode by FUN_4DDFC. (Family-level description - specific use not individually confirmed.),"Grip-to-throttle response curve: % grip opening (0-100 %) -> % demand (0-100 %). 11 progressively steeper curves; chosen per mode by FUN_4DDFC. (Family-level description - specific use not individually confirmed.)

HOW THE ECU USES IT: looked up by FUN_4ddfc; X input = Grip opening 0-100 % (X/5) (RAM 0xFEF01562).

AXES: X axis: 26 points, 0.00 to 100 % grip.

VALUES (stock 5JCZSJ40): 0.00 to 100 % (X/409.6).

REFERENCE: data @0x183C5C, X axis @0x183C28, descriptor @0x183C90, code FUN_4ddfc."
Cluster D :: Curve [RAM_fef0135c] 9pt FUN_4ddfc #246 (flat),Unidentified - Cluster D (IDs 0x1D9-0x2EE); Flat Maps (unused/disabled?),0x186700,Function not yet identified. Name reflects the inputs the code feeds this table.,"Function not yet identified. Name reflects the inputs the code feeds this table.

HOW THE ECU USES IT: looked up by FUN_4ddfc; X input = RAM 0xfef0135c.

AXES: X axis: 9 points, 32973 to 33628 raw.

VALUES (stock 5JCZSJ40): 32768 to 32768 raw - every cell is the same (32768), so the function is probably disabled or unused in this calibration.

REFERENCE: data @0x186700, X axis @0x1866EC, descriptor @0x183CA4, code FUN_4ddfc."
Cluster D :: Curve [RAM_fef02644] 9pt FUN_4ddfc #247 (flat),Unidentified - Cluster D (IDs 0x1D9-0x2EE); Flat Maps (unused/disabled?),0x186728,Function not yet identified. Name reflects the inputs the code feeds this table.,"Function not yet identified. Name reflects the inputs the code feeds this table.

HOW THE ECU USES IT: looked up by FUN_4ddfc; X input = RAM 0xfef02644.

AXES: X axis: 9 points, 32973 to 33628 raw.

VALUES (stock 5JCZSJ40): 32768 to 32768 raw - every cell is the same (32768), so the function is probably disabled or unused in this calibration.

REFERENCE: data @0x186728, X axis @0x186714, descriptor @0x183CB8, code FUN_4ddfc."
Lean Angle :: Curve [Lean] 9pt FUN_4ddfc #248 (flat),Lean Angle; Unidentified - Cluster D (IDs 0x1D9-0x2EE); Flat Maps (unused/disabled?),0x186750,"Lean-angle-dependent curve. Input is the IMU bank angle (0 = upright, degrees). Used by the cornering-aware traction control (FUN_4D9DE / FUN_4DDFC choose one of 11 curves, matching TC levels 1-10 plus one). (Family-level description - specific use not individually confirmed.)","Lean-angle-dependent curve. Input is the IMU bank angle (0 = upright, degrees). Used by the cornering-aware traction control (FUN_4D9DE / FUN_4DDFC choose one of 11 curves, matching TC levels 1-10 plus one). (Family-level description - specific use not individually confirmed.)

HOW THE ECU USES IT: looked up by FUN_4ddfc; X input = Lean (bank) angle magnitude from IMU (0x8000 = upright) (RAM 0xFEF0268E).

AXES: X axis: 9 points, 0.00 to 60.0 deg (est.).

VALUES (stock 5JCZSJ40): 100 to 100 raw - every cell is the same (100), so the function is probably disabled or unused in this calibration.

REFERENCE: data @0x186750, X axis @0x18673C, descriptor @0x183CCC, code FUN_4ddfc."
ETV - Grip Curve 4,Throttle By Wire; Other ETV Maps,0x183D14,Grip-to-throttle response curve: % grip opening (0-100 %) -> % demand (0-100 %). 11 progressively steeper curves; chosen per mode by FUN_4DDFC. (Family-level description - specific use not individually confirmed.),"Grip-to-throttle response curve: % grip opening (0-100 %) -> % demand (0-100 %). 11 progressively steeper curves; chosen per mode by FUN_4DDFC. (Family-level description - specific use not individually confirmed.)

HOW THE ECU USES IT: looked up by FUN_4ddfc; X input = Grip opening 0-100 % (X/5) (RAM 0xFEF01562).

AXES: X axis: 26 points, 0.00 to 100 % grip.

VALUES (stock 5JCZSJ40): 0.00 to 100 % (X/409.6).

REFERENCE: data @0x183D14, X axis @0x183CE0, descriptor @0x183D48, code FUN_4ddfc."
Cluster D :: Curve [RAM_fef0135c] 9pt FUN_4ddfc #24A (flat),Unidentified - Cluster D (IDs 0x1D9-0x2EE); Flat Maps (unused/disabled?),0x186778,Function not yet identified. Name reflects the inputs the code feeds this table.,"Function not yet identified. Name reflects the inputs the code feeds this table.

HOW THE ECU USES IT: looked up by FUN_4ddfc; X input = RAM 0xfef0135c.

AXES: X axis: 9 points, 32973 to 33628 raw.

VALUES (stock 5JCZSJ40): 32768 to 32768 raw - every cell is the same (32768), so the function is probably disabled or unused in this calibration.

REFERENCE: data @0x186778, X axis @0x186764, descriptor @0x183D5C, code FUN_4ddfc."
Cluster D :: Curve [RAM_fef02644] 9pt FUN_4ddfc #24B (flat),Unidentified - Cluster D (IDs 0x1D9-0x2EE); Flat Maps (unused/disabled?),0x1867A0,Function not yet identified. Name reflects the inputs the code feeds this table.,"Function not yet identified. Name reflects the inputs the code feeds this table.

HOW THE ECU USES IT: looked up by FUN_4ddfc; X input = RAM 0xfef02644.

AXES: X axis: 9 points, 32973 to 33628 raw.

VALUES (stock 5JCZSJ40): 32768 to 32768 raw - every cell is the same (32768), so the function is probably disabled or unused in this calibration.

REFERENCE: data @0x1867A0, X axis @0x18678C, descriptor @0x183D70, code FUN_4ddfc."
Lean Angle :: Curve [Lean] 9pt FUN_4ddfc #24C (flat),Lean Angle; Unidentified - Cluster D (IDs 0x1D9-0x2EE); Flat Maps (unused/disabled?),0x1867C8,"Lean-angle-dependent curve. Input is the IMU bank angle (0 = upright, degrees). Used by the cornering-aware traction control (FUN_4D9DE / FUN_4DDFC choose one of 11 curves, matching TC levels 1-10 plus one). (Family-level description - specific use not individually confirmed.)","Lean-angle-dependent curve. Input is the IMU bank angle (0 = upright, degrees). Used by the cornering-aware traction control (FUN_4D9DE / FUN_4DDFC choose one of 11 curves, matching TC levels 1-10 plus one). (Family-level description - specific use not individually confirmed.)

HOW THE ECU USES IT: looked up by FUN_4ddfc; X input = Lean (bank) angle magnitude from IMU (0x8000 = upright) (RAM 0xFEF0268E).

AXES: X axis: 9 points, 0.00 to 60.0 deg (est.).

VALUES (stock 5JCZSJ40): 100 to 100 raw - every cell is the same (100), so the function is probably disabled or unused in this calibration.

REFERENCE: data @0x1867C8, X axis @0x1867B4, descriptor @0x183D84, code FUN_4ddfc."
ETV - Grip Curve 5,Throttle By Wire; Other ETV Maps,0x183DCC,Grip-to-throttle response curve: % grip opening (0-100 %) -> % demand (0-100 %). 11 progressively steeper curves; chosen per mode by FUN_4DDFC. (Family-level description - specific use not individually confirmed.),"Grip-to-throttle response curve: % grip opening (0-100 %) -> % demand (0-100 %). 11 progressively steeper curves; chosen per mode by FUN_4DDFC. (Family-level description - specific use not individually confirmed.)

HOW THE ECU USES IT: looked up by FUN_4ddfc; X input = Grip opening 0-100 % (X/5) (RAM 0xFEF01562).

AXES: X axis: 26 points, 0.00 to 100 % grip.

VALUES (stock 5JCZSJ40): 0.00 to 100 % (X/409.6).

REFERENCE: data @0x183DCC, X axis @0x183D98, descriptor @0x183E00, code FUN_4ddfc."
Cluster D :: Curve [RAM_fef0135c] 9pt FUN_4ddfc #24E (flat),Unidentified - Cluster D (IDs 0x1D9-0x2EE); Flat Maps (unused/disabled?),0x1867F0,Function not yet identified. Name reflects the inputs the code feeds this table.,"Function not yet identified. Name reflects the inputs the code feeds this table.

HOW THE ECU USES IT: looked up by FUN_4ddfc; X input = RAM 0xfef0135c.

AXES: X axis: 9 points, 32973 to 33628 raw.

VALUES (stock 5JCZSJ40): 32768 to 32768 raw - every cell is the same (32768), so the function is probably disabled or unused in this calibration.

REFERENCE: data @0x1867F0, X axis @0x1867DC, descriptor @0x183E14, code FUN_4ddfc."
Cluster D :: Curve [RAM_fef02644] 9pt FUN_4ddfc #24F (flat),Unidentified - Cluster D (IDs 0x1D9-0x2EE); Flat Maps (unused/disabled?),0x186818,Function not yet identified. Name reflects the inputs the code feeds this table.,"Function not yet identified. Name reflects the inputs the code feeds this table.

HOW THE ECU USES IT: looked up by FUN_4ddfc; X input = RAM 0xfef02644.

AXES: X axis: 9 points, 32973 to 33628 raw.

VALUES (stock 5JCZSJ40): 32768 to 32768 raw - every cell is the same (32768), so the function is probably disabled or unused in this calibration.

REFERENCE: data @0x186818, X axis @0x186804, descriptor @0x183E28, code FUN_4ddfc."
Lean Angle :: Curve [Lean] 9pt FUN_4ddfc #250 (flat),Lean Angle; Unidentified - Cluster D (IDs 0x1D9-0x2EE); Flat Maps (unused/disabled?),0x186840,"Lean-angle-dependent curve. Input is the IMU bank angle (0 = upright, degrees). Used by the cornering-aware traction control (FUN_4D9DE / FUN_4DDFC choose one of 11 curves, matching TC levels 1-10 plus one). (Family-level description - specific use not individually confirmed.)","Lean-angle-dependent curve. Input is the IMU bank angle (0 = upright, degrees). Used by the cornering-aware traction control (FUN_4D9DE / FUN_4DDFC choose one of 11 curves, matching TC levels 1-10 plus one). (Family-level description - specific use not individually confirmed.)

HOW THE ECU USES IT: looked up by FUN_4ddfc; X input = Lean (bank) angle magnitude from IMU (0x8000 = upright) (RAM 0xFEF0268E).

AXES: X axis: 9 points, 0.00 to 60.0 deg (est.).

VALUES (stock 5JCZSJ40): 100 to 100 raw - every cell is the same (100), so the function is probably disabled or unused in this calibration.

REFERENCE: data @0x186840, X axis @0x18682C, descriptor @0x183E3C, code FUN_4ddfc."
ETV - Grip Curve 6,Throttle By Wire; Other ETV Maps,0x183E84,Grip-to-throttle response curve: % grip opening (0-100 %) -> % demand (0-100 %). 11 progressively steeper curves; chosen per mode by FUN_4DDFC. (Family-level description - specific use not individually confirmed.),"Grip-to-throttle response curve: % grip opening (0-100 %) -> % demand (0-100 %). 11 progressively steeper curves; chosen per mode by FUN_4DDFC. (Family-level description - specific use not individually confirmed.)

HOW THE ECU USES IT: looked up by FUN_4ddfc; X input = Grip opening 0-100 % (X/5) (RAM 0xFEF01562).

AXES: X axis: 26 points, 0.00 to 100 % grip.

VALUES (stock 5JCZSJ40): 0.00 to 100 % (X/409.6).

REFERENCE: data @0x183E84, X axis @0x183E50, descriptor @0x183EB8, code FUN_4ddfc."
Cluster D :: Curve [RAM_fef0135c] 9pt FUN_4ddfc #252 (flat),Unidentified - Cluster D (IDs 0x1D9-0x2EE); Flat Maps (unused/disabled?),0x186868,Function not yet identified. Name reflects the inputs the code feeds this table.,"Function not yet identified. Name reflects the inputs the code feeds this table.

HOW THE ECU USES IT: looked up by FUN_4ddfc; X input = RAM 0xfef0135c.

AXES: X axis: 9 points, 32973 to 33628 raw.

VALUES (stock 5JCZSJ40): 32768 to 32768 raw - every cell is the same (32768), so the function is probably disabled or unused in this calibration.

REFERENCE: data @0x186868, X axis @0x186854, descriptor @0x183ECC, code FUN_4ddfc."
Cluster D :: Curve [RAM_fef02644] 9pt FUN_4ddfc #253 (flat),Unidentified - Cluster D (IDs 0x1D9-0x2EE); Flat Maps (unused/disabled?),0x186890,Function not yet identified. Name reflects the inputs the code feeds this table.,"Function not yet identified. Name reflects the inputs the code feeds this table.

HOW THE ECU USES IT: looked up by FUN_4ddfc; X input = RAM 0xfef02644.

AXES: X axis: 9 points, 32973 to 33628 raw.

VALUES (stock 5JCZSJ40): 32768 to 32768 raw - every cell is the same (32768), so the function is probably disabled or unused in this calibration.

REFERENCE: data @0x186890, X axis @0x18687C, descriptor @0x183EE0, code FUN_4ddfc."
Lean Angle :: Curve [Lean] 9pt FUN_4ddfc #254 (flat),Lean Angle; Unidentified - Cluster D (IDs 0x1D9-0x2EE); Flat Maps (unused/disabled?),0x1868B8,"Lean-angle-dependent curve. Input is the IMU bank angle (0 = upright, degrees). Used by the cornering-aware traction control (FUN_4D9DE / FUN_4DDFC choose one of 11 curves, matching TC levels 1-10 plus one). (Family-level description - specific use not individually confirmed.)","Lean-angle-dependent curve. Input is the IMU bank angle (0 = upright, degrees). Used by the cornering-aware traction control (FUN_4D9DE / FUN_4DDFC choose one of 11 curves, matching TC levels 1-10 plus one). (Family-level description - specific use not individually confirmed.)

HOW THE ECU USES IT: looked up by FUN_4ddfc; X input = Lean (bank) angle magnitude from IMU (0x8000 = upright) (RAM 0xFEF0268E).

AXES: X axis: 9 points, 0.00 to 60.0 deg (est.).

VALUES (stock 5JCZSJ40): 100 to 100 raw - every cell is the same (100), so the function is probably disabled or unused in this calibration.

REFERENCE: data @0x1868B8, X axis @0x1868A4, descriptor @0x183EF4, code FUN_4ddfc."
ETV - Grip Curve 7,Throttle By Wire; Other ETV Maps,0x183F3C,Grip-to-throttle response curve: % grip opening (0-100 %) -> % demand (0-100 %). 11 progressively steeper curves; chosen per mode by FUN_4DDFC. (Family-level description - specific use not individually confirmed.),"Grip-to-throttle response curve: % grip opening (0-100 %) -> % demand (0-100 %). 11 progressively steeper curves; chosen per mode by FUN_4DDFC. (Family-level description - specific use not individually confirmed.)

HOW THE ECU USES IT: looked up by FUN_4ddfc; X input = Grip opening 0-100 % (X/5) (RAM 0xFEF01562).

AXES: X axis: 26 points, 0.00 to 100 % grip.

VALUES (stock 5JCZSJ40): 0.00 to 100 % (X/409.6).

REFERENCE: data @0x183F3C, X axis @0x183F08, descriptor @0x183F70, code FUN_4ddfc."
Cluster D :: Curve [RAM_fef0135c] 9pt FUN_4ddfc #256 (flat),Unidentified - Cluster D (IDs 0x1D9-0x2EE); Flat Maps (unused/disabled?),0x1868E0,Function not yet identified. Name reflects the inputs the code feeds this table.,"Function not yet identified. Name reflects the inputs the code feeds this table.

HOW THE ECU USES IT: looked up by FUN_4ddfc; X input = RAM 0xfef0135c.

AXES: X axis: 9 points, 32973 to 33628 raw.

VALUES (stock 5JCZSJ40): 32768 to 32768 raw - every cell is the same (32768), so the function is probably disabled or unused in this calibration.

REFERENCE: data @0x1868E0, X axis @0x1868CC, descriptor @0x183F84, code FUN_4ddfc."
Cluster D :: Curve [RAM_fef02644] 9pt FUN_4ddfc #257 (flat),Unidentified - Cluster D (IDs 0x1D9-0x2EE); Flat Maps (unused/disabled?),0x186908,Function not yet identified. Name reflects the inputs the code feeds this table.,"Function not yet identified. Name reflects the inputs the code feeds this table.

HOW THE ECU USES IT: looked up by FUN_4ddfc; X input = RAM 0xfef02644.

AXES: X axis: 9 points, 32973 to 33628 raw.

VALUES (stock 5JCZSJ40): 32768 to 32768 raw - every cell is the same (32768), so the function is probably disabled or unused in this calibration.

REFERENCE: data @0x186908, X axis @0x1868F4, descriptor @0x183F98, code FUN_4ddfc."
Lean Angle :: Curve [Lean] 9pt FUN_4ddfc #258 (flat),Lean Angle; Unidentified - Cluster D (IDs 0x1D9-0x2EE); Flat Maps (unused/disabled?),0x186930,"Lean-angle-dependent curve. Input is the IMU bank angle (0 = upright, degrees). Used by the cornering-aware traction control (FUN_4D9DE / FUN_4DDFC choose one of 11 curves, matching TC levels 1-10 plus one). (Family-level description - specific use not individually confirmed.)","Lean-angle-dependent curve. Input is the IMU bank angle (0 = upright, degrees). Used by the cornering-aware traction control (FUN_4D9DE / FUN_4DDFC choose one of 11 curves, matching TC levels 1-10 plus one). (Family-level description - specific use not individually confirmed.)

HOW THE ECU USES IT: looked up by FUN_4ddfc; X input = Lean (bank) angle magnitude from IMU (0x8000 = upright) (RAM 0xFEF0268E).

AXES: X axis: 9 points, 0.00 to 60.0 deg (est.).

VALUES (stock 5JCZSJ40): 100 to 100 raw - every cell is the same (100), so the function is probably disabled or unused in this calibration.

REFERENCE: data @0x186930, X axis @0x18691C, descriptor @0x183FAC, code FUN_4ddfc."
ETV - Grip Curve 8,Throttle By Wire; Other ETV Maps,0x183FF4,Grip-to-throttle response curve: % grip opening (0-100 %) -> % demand (0-100 %). 11 progressively steeper curves; chosen per mode by FUN_4DDFC. (Family-level description - specific use not individually confirmed.),"Grip-to-throttle response curve: % grip opening (0-100 %) -> % demand (0-100 %). 11 progressively steeper curves; chosen per mode by FUN_4DDFC. (Family-level description - specific use not individually confirmed.)

HOW THE ECU USES IT: looked up by FUN_4ddfc; X input = Grip opening 0-100 % (X/5) (RAM 0xFEF01562).

AXES: X axis: 26 points, 0.00 to 100 % grip.

VALUES (stock 5JCZSJ40): 0.00 to 100 % (X/409.6).

REFERENCE: data @0x183FF4, X axis @0x183FC0, descriptor @0x184028, code FUN_4ddfc."
Cluster D :: Curve [RAM_fef0135c] 9pt FUN_4ddfc #25A (flat),Unidentified - Cluster D (IDs 0x1D9-0x2EE); Flat Maps (unused/disabled?),0x186958,Function not yet identified. Name reflects the inputs the code feeds this table.,"Function not yet identified. Name reflects the inputs the code feeds this table.

HOW THE ECU USES IT: looked up by FUN_4ddfc; X input = RAM 0xfef0135c.

AXES: X axis: 9 points, 32973 to 33628 raw.

VALUES (stock 5JCZSJ40): 32768 to 32768 raw - every cell is the same (32768), so the function is probably disabled or unused in this calibration.

REFERENCE: data @0x186958, X axis @0x186944, descriptor @0x18403C, code FUN_4ddfc."
Cluster D :: Curve [RAM_fef02644] 9pt FUN_4ddfc #25B (flat),Unidentified - Cluster D (IDs 0x1D9-0x2EE); Flat Maps (unused/disabled?),0x186980,Function not yet identified. Name reflects the inputs the code feeds this table.,"Function not yet identified. Name reflects the inputs the code feeds this table.

HOW THE ECU USES IT: looked up by FUN_4ddfc; X input = RAM 0xfef02644.

AXES: X axis: 9 points, 32973 to 33628 raw.

VALUES (stock 5JCZSJ40): 32768 to 32768 raw - every cell is the same (32768), so the function is probably disabled or unused in this calibration.

REFERENCE: data @0x186980, X axis @0x18696C, descriptor @0x184050, code FUN_4ddfc."
Lean Angle :: Curve [Lean] 9pt FUN_4ddfc #25C (flat),Lean Angle; Unidentified - Cluster D (IDs 0x1D9-0x2EE); Flat Maps (unused/disabled?),0x1869A8,"Lean-angle-dependent curve. Input is the IMU bank angle (0 = upright, degrees). Used by the cornering-aware traction control (FUN_4D9DE / FUN_4DDFC choose one of 11 curves, matching TC levels 1-10 plus one). (Family-level description - specific use not individually confirmed.)","Lean-angle-dependent curve. Input is the IMU bank angle (0 = upright, degrees). Used by the cornering-aware traction control (FUN_4D9DE / FUN_4DDFC choose one of 11 curves, matching TC levels 1-10 plus one). (Family-level description - specific use not individually confirmed.)

HOW THE ECU USES IT: looked up by FUN_4ddfc; X input = Lean (bank) angle magnitude from IMU (0x8000 = upright) (RAM 0xFEF0268E).

AXES: X axis: 9 points, 0.00 to 60.0 deg (est.).

VALUES (stock 5JCZSJ40): 100 to 100 raw - every cell is the same (100), so the function is probably disabled or unused in this calibration.

REFERENCE: data @0x1869A8, X axis @0x186994, descriptor @0x184064, code FUN_4ddfc."
ETV - Grip Curve 9,Throttle By Wire; Other ETV Maps,0x1840AC,Grip-to-throttle response curve: % grip opening (0-100 %) -> % demand (0-100 %). 11 progressively steeper curves; chosen per mode by FUN_4DDFC. (Family-level description - specific use not individually confirmed.),"Grip-to-throttle response curve: % grip opening (0-100 %) -> % demand (0-100 %). 11 progressively steeper curves; chosen per mode by FUN_4DDFC. (Family-level description - specific use not individually confirmed.)

HOW THE ECU USES IT: looked up by FUN_4ddfc; X input = Grip opening 0-100 % (X/5) (RAM 0xFEF01562).

AXES: X axis: 26 points, 0.00 to 100 % grip.

VALUES (stock 5JCZSJ40): 0.00 to 100 % (X/409.6).

REFERENCE: data @0x1840AC, X axis @0x184078, descriptor @0x1840E0, code FUN_4ddfc."
Cluster D :: Curve [RAM_fef0135c] 9pt FUN_4ddfc #25E (flat),Unidentified - Cluster D (IDs 0x1D9-0x2EE); Flat Maps (unused/disabled?),0x1869D0,Function not yet identified. Name reflects the inputs the code feeds this table.,"Function not yet identified. Name reflects the inputs the code feeds this table.

HOW THE ECU USES IT: looked up by FUN_4ddfc; X input = RAM 0xfef0135c.

AXES: X axis: 9 points, 32973 to 33628 raw.

VALUES (stock 5JCZSJ40): 32768 to 32768 raw - every cell is the same (32768), so the function is probably disabled or unused in this calibration.

REFERENCE: data @0x1869D0, X axis @0x1869BC, descriptor @0x1840F4, code FUN_4ddfc."
Cluster D :: Curve [RAM_fef02644] 9pt FUN_4ddfc #25F (flat),Unidentified - Cluster D (IDs 0x1D9-0x2EE); Flat Maps (unused/disabled?),0x1869F8,Function not yet identified. Name reflects the inputs the code feeds this table.,"Function not yet identified. Name reflects the inputs the code feeds this table.

HOW THE ECU USES IT: looked up by FUN_4ddfc; X input = RAM 0xfef02644.

AXES: X axis: 9 points, 32973 to 33628 raw.

VALUES (stock 5JCZSJ40): 32768 to 32768 raw - every cell is the same (32768), so the function is probably disabled or unused in this calibration.

REFERENCE: data @0x1869F8, X axis @0x1869E4, descriptor @0x184108, code FUN_4ddfc."
Lean Angle :: Curve [Lean] 9pt FUN_4ddfc #260 (flat),Lean Angle; Unidentified - Cluster D (IDs 0x1D9-0x2EE); Flat Maps (unused/disabled?),0x186A20,"Lean-angle-dependent curve. Input is the IMU bank angle (0 = upright, degrees). Used by the cornering-aware traction control (FUN_4D9DE / FUN_4DDFC choose one of 11 curves, matching TC levels 1-10 plus one). (Family-level description - specific use not individually confirmed.)","Lean-angle-dependent curve. Input is the IMU bank angle (0 = upright, degrees). Used by the cornering-aware traction control (FUN_4D9DE / FUN_4DDFC choose one of 11 curves, matching TC levels 1-10 plus one). (Family-level description - specific use not individually confirmed.)

HOW THE ECU USES IT: looked up by FUN_4ddfc; X input = Lean (bank) angle magnitude from IMU (0x8000 = upright) (RAM 0xFEF0268E).

AXES: X axis: 9 points, 0.00 to 60.0 deg (est.).

VALUES (stock 5JCZSJ40): 100 to 100 raw - every cell is the same (100), so the function is probably disabled or unused in this calibration.

REFERENCE: data @0x186A20, X axis @0x186A0C, descriptor @0x18411C, code FUN_4ddfc."
ETV - Grip Curve 10,Throttle By Wire; Other ETV Maps,0x184164,Grip-to-throttle response curve: % grip opening (0-100 %) -> % demand (0-100 %). 11 progressively steeper curves; chosen per mode by FUN_4DDFC. (Family-level description - specific use not individually confirmed.),"Grip-to-throttle response curve: % grip opening (0-100 %) -> % demand (0-100 %). 11 progressively steeper curves; chosen per mode by FUN_4DDFC. (Family-level description - specific use not individually confirmed.)

HOW THE ECU USES IT: looked up by FUN_4ddfc; X input = Grip opening 0-100 % (X/5) (RAM 0xFEF01562).

AXES: X axis: 26 points, 0.00 to 100 % grip.

VALUES (stock 5JCZSJ40): 0.00 to 100 % (X/409.6).

REFERENCE: data @0x184164, X axis @0x184130, descriptor @0x184198, code FUN_4ddfc."
Cluster D :: Curve [RAM_fef0135c] 9pt FUN_4ddfc #262 (flat),Unidentified - Cluster D (IDs 0x1D9-0x2EE); Flat Maps (unused/disabled?),0x186A48,Function not yet identified. Name reflects the inputs the code feeds this table.,"Function not yet identified. Name reflects the inputs the code feeds this table.

HOW THE ECU USES IT: looked up by FUN_4ddfc; X input = RAM 0xfef0135c.

AXES: X axis: 9 points, 32973 to 33628 raw.

VALUES (stock 5JCZSJ40): 32768 to 32768 raw - every cell is the same (32768), so the function is probably disabled or unused in this calibration.

REFERENCE: data @0x186A48, X axis @0x186A34, descriptor @0x1841AC, code FUN_4ddfc."
Cluster D :: Curve [RAM_fef02644] 9pt FUN_4ddfc #263 (flat),Unidentified - Cluster D (IDs 0x1D9-0x2EE); Flat Maps (unused/disabled?),0x186A70,Function not yet identified. Name reflects the inputs the code feeds this table.,"Function not yet identified. Name reflects the inputs the code feeds this table.

HOW THE ECU USES IT: looked up by FUN_4ddfc; X input = RAM 0xfef02644.

AXES: X axis: 9 points, 32973 to 33628 raw.

VALUES (stock 5JCZSJ40): 32768 to 32768 raw - every cell is the same (32768), so the function is probably disabled or unused in this calibration.

REFERENCE: data @0x186A70, X axis @0x186A5C, descriptor @0x1841C0, code FUN_4ddfc."
Lean Angle :: Curve [Lean] 9pt FUN_4ddfc #264 (flat),Lean Angle; Unidentified - Cluster D (IDs 0x1D9-0x2EE); Flat Maps (unused/disabled?),0x186A98,"Lean-angle-dependent curve. Input is the IMU bank angle (0 = upright, degrees). Used by the cornering-aware traction control (FUN_4D9DE / FUN_4DDFC choose one of 11 curves, matching TC levels 1-10 plus one). (Family-level description - specific use not individually confirmed.)","Lean-angle-dependent curve. Input is the IMU bank angle (0 = upright, degrees). Used by the cornering-aware traction control (FUN_4D9DE / FUN_4DDFC choose one of 11 curves, matching TC levels 1-10 plus one). (Family-level description - specific use not individually confirmed.)

HOW THE ECU USES IT: looked up by FUN_4ddfc; X input = Lean (bank) angle magnitude from IMU (0x8000 = upright) (RAM 0xFEF0268E).

AXES: X axis: 9 points, 0.00 to 60.0 deg (est.).

VALUES (stock 5JCZSJ40): 100 to 100 raw - every cell is the same (100), so the function is probably disabled or unused in this calibration.

REFERENCE: data @0x186A98, X axis @0x186A84, descriptor @0x1841D4, code FUN_4ddfc."
ETV - Grip Curve 11,Throttle By Wire; Other ETV Maps,0x18421C,Grip-to-throttle response curve: % grip opening (0-100 %) -> % demand (0-100 %). 11 progressively steeper curves; chosen per mode by FUN_4DDFC. (Family-level description - specific use not individually confirmed.),"Grip-to-throttle response curve: % grip opening (0-100 %) -> % demand (0-100 %). 11 progressively steeper curves; chosen per mode by FUN_4DDFC. (Family-level description - specific use not individually confirmed.)

HOW THE ECU USES IT: looked up by FUN_4ddfc; X input = Grip opening 0-100 % (X/5) (RAM 0xFEF01562).

AXES: X axis: 26 points, 0.00 to 100 % grip.

VALUES (stock 5JCZSJ40): 0.00 to 100 % (X/409.6).

REFERENCE: data @0x18421C, X axis @0x1841E8, descriptor @0x184250, code FUN_4ddfc."
Cluster D :: Curve [RAM_fef0135c] 9pt FUN_4ddfc #266 (flat),Unidentified - Cluster D (IDs 0x1D9-0x2EE); Flat Maps (unused/disabled?),0x186AC0,Function not yet identified. Name reflects the inputs the code feeds this table.,"Function not yet identified. Name reflects the inputs the code feeds this table.

HOW THE ECU USES IT: looked up by FUN_4ddfc; X input = RAM 0xfef0135c.

AXES: X axis: 9 points, 32973 to 33628 raw.

VALUES (stock 5JCZSJ40): 32768 to 32768 raw - every cell is the same (32768), so the function is probably disabled or unused in this calibration.

REFERENCE: data @0x186AC0, X axis @0x186AAC, descriptor @0x184264, code FUN_4ddfc."
Cluster D :: Curve [RAM_fef02644] 9pt FUN_4ddfc #267 (flat),Unidentified - Cluster D (IDs 0x1D9-0x2EE); Flat Maps (unused/disabled?),0x186AE8,Function not yet identified. Name reflects the inputs the code feeds this table.,"Function not yet identified. Name reflects the inputs the code feeds this table.

HOW THE ECU USES IT: looked up by FUN_4ddfc; X input = RAM 0xfef02644.

AXES: X axis: 9 points, 32973 to 33628 raw.

VALUES (stock 5JCZSJ40): 32768 to 32768 raw - every cell is the same (32768), so the function is probably disabled or unused in this calibration.

REFERENCE: data @0x186AE8, X axis @0x186AD4, descriptor @0x184278, code FUN_4ddfc."
Lean Angle :: Curve [Lean] 9pt FUN_4ddfc #268 (flat),Lean Angle; Unidentified - Cluster D (IDs 0x1D9-0x2EE); Flat Maps (unused/disabled?),0x186B10,"Lean-angle-dependent curve. Input is the IMU bank angle (0 = upright, degrees). Used by the cornering-aware traction control (FUN_4D9DE / FUN_4DDFC choose one of 11 curves, matching TC levels 1-10 plus one). (Family-level description - specific use not individually confirmed.)","Lean-angle-dependent curve. Input is the IMU bank angle (0 = upright, degrees). Used by the cornering-aware traction control (FUN_4D9DE / FUN_4DDFC choose one of 11 curves, matching TC levels 1-10 plus one). (Family-level description - specific use not individually confirmed.)

HOW THE ECU USES IT: looked up by FUN_4ddfc; X input = Lean (bank) angle magnitude from IMU (0x8000 = upright) (RAM 0xFEF0268E).

AXES: X axis: 9 points, 0.00 to 80.0 deg (est.).

VALUES (stock 5JCZSJ40): 100 to 100 raw - every cell is the same (100), so the function is probably disabled or unused in this calibration.

REFERENCE: data @0x186B10, X axis @0x186AFC, descriptor @0x18428C, code FUN_4ddfc."
Cluster D :: Curve [RAM_fef01564] 8pt FUN_4cf3c #269,Unidentified - Cluster D (IDs 0x1D9-0x2EE),0x182B48,Function not yet identified. Name reflects the inputs the code feeds this table.,"Function not yet identified. Name reflects the inputs the code feeds this table.

HOW THE ECU USES IT: looked up by FUN_4cf3c; X input = RAM 0xfef01564.

AXES: X axis: 8 points, 0.00 to 700 raw.

VALUES (stock 5JCZSJ40): 0.00 to 44.0 raw.

REFERENCE: data @0x182B48, X axis @0x182B38, descriptor @0x1842A0, code FUN_4cf3c."
Cluster D :: Curve [index] 32pt FUN_4e59e #26A,Unidentified - Cluster D (IDs 0x1D9-0x2EE),0x182B98,Function not yet identified. Name reflects the inputs the code feeds this table.,"Function not yet identified. Name reflects the inputs the code feeds this table.

HOW THE ECU USES IT: looked up by FUN_4e59e; X input = PHI[RAM 0xfef0136e, RAM 0xfef01370, RAM 0xfef01372, RAM 0xfef01374].

AXES: X axis: 32 points, 1.00 to 32.0 raw.

VALUES (stock 5JCZSJ40): 640 to 40959 raw.

REFERENCE: data @0x182B98, X axis @0x182B58, descriptor @0x1842B4, code FUN_4e59e."
Cluster D :: Curve [index] 32pt FUN_4e59e #26B,Unidentified - Cluster D (IDs 0x1D9-0x2EE),0x182C18,Function not yet identified. Name reflects the inputs the code feeds this table.,"Function not yet identified. Name reflects the inputs the code feeds this table.

HOW THE ECU USES IT: looked up by FUN_4e59e; X input = PHI[RAM 0xfef0136e, RAM 0xfef01370, RAM 0xfef01372, RAM 0xfef01374].

AXES: X axis: 32 points, 1.00 to 32.0 raw.

VALUES (stock 5JCZSJ40): 256 to 40832 raw.

REFERENCE: data @0x182C18, X axis @0x182BD8, descriptor @0x1842C8, code FUN_4e59e."
Cluster D :: Curve [index] 32pt FUN_4e59e #26C,Unidentified - Cluster D (IDs 0x1D9-0x2EE),0x182C98,Function not yet identified. Name reflects the inputs the code feeds this table.,"Function not yet identified. Name reflects the inputs the code feeds this table.

HOW THE ECU USES IT: looked up by FUN_4e59e; X input = PHI[RAM 0xfef0136e, RAM 0xfef01370, RAM 0xfef01372, RAM 0xfef01374].

AXES: X axis: 32 points, 1.00 to 32.0 raw.

VALUES (stock 5JCZSJ40): 1408 to 40448 raw.

REFERENCE: data @0x182C98, X axis @0x182C58, descriptor @0x1842DC, code FUN_4e59e."
Cluster D :: Curve [index] 32pt FUN_4e59e #26D,Unidentified - Cluster D (IDs 0x1D9-0x2EE),0x182D18,Function not yet identified. Name reflects the inputs the code feeds this table.,"Function not yet identified. Name reflects the inputs the code feeds this table.

HOW THE ECU USES IT: looked up by FUN_4e59e; X input = PHI[RAM 0xfef0136e, RAM 0xfef01370, RAM 0xfef01372, RAM 0xfef01374].

AXES: X axis: 32 points, 1.00 to 32.0 raw.

VALUES (stock 5JCZSJ40): 1024 to 39552 raw.

REFERENCE: data @0x182D18, X axis @0x182CD8, descriptor @0x1842F0, code FUN_4e59e."
Cluster D :: Map [? x RPM] 9x40 #26E,Unidentified - Cluster D (IDs 0x1D9-0x2EE),0x18B158,Function not yet identified. ,"Function not yet identified. 

AXES: X axis: 9 points, 0.00 to 7680 raw; Y axis: 40 points, 800 to 12000 RPM.

VALUES (stock 5JCZSJ40): 0.00 to 37.0 raw.

REFERENCE: data @0x18B158, X axis @0x186B24, Y axis @0x18B108, descriptor @0x184304."
Cluster D :: Map [? x RPM] 9x40 #270,Unidentified - Cluster D (IDs 0x1D9-0x2EE),0x18B310,Function not yet identified. ,"Function not yet identified. 

AXES: X axis: 9 points, 0.00 to 7680 raw; Y axis: 40 points, 800 to 12000 RPM.

VALUES (stock 5JCZSJ40): 0.00 to 26.0 raw.

REFERENCE: data @0x18B310, X axis @0x186B38, Y axis @0x18B2C0, descriptor @0x184320."
Cluster D :: Map [? x RPM] 9x40 #272,Unidentified - Cluster D (IDs 0x1D9-0x2EE),0x18B4C8,Function not yet identified. ,"Function not yet identified. 

AXES: X axis: 9 points, 0.00 to 7680 raw; Y axis: 40 points, 800 to 12000 RPM.

VALUES (stock 5JCZSJ40): 0.00 to 20.0 raw.

REFERENCE: data @0x18B4C8, X axis @0x186B4C, Y axis @0x18B478, descriptor @0x18433C."
Cluster D :: Map [TP x RPM] 10x6 FUN_4e2b4 #276,Unidentified - Cluster D (IDs 0x1D9-0x2EE),0x1843FC,Function not yet identified. Name reflects the inputs the code feeds this table.,"Function not yet identified. Name reflects the inputs the code feeds this table.

HOW THE ECU USES IT: looked up by FUN_4e2b4; X input = Throttle valve position (selected/fail-safe) (RAM 0xFEF025FE); Y input = Engine speed (main) (RAM 0xFEF0258E).

AXES: X axis: 10 points, 0.46 to 112 deg (abs. TP angle); Y axis: 6 points, 2000 to 11000 RPM.

VALUES (stock 5JCZSJ40): 11.0 to 49.0 raw.

REFERENCE: data @0x1843FC, X axis @0x1843DC, Y axis @0x1843F0, descriptor @0x184438, code FUN_4e2b4."
Cluster D :: Map [TP x RPM] 10x6 FUN_4e2b4 #278,Unidentified - Cluster D (IDs 0x1D9-0x2EE),0x184474,Function not yet identified. Name reflects the inputs the code feeds this table.,"Function not yet identified. Name reflects the inputs the code feeds this table.

HOW THE ECU USES IT: looked up by FUN_4e2b4; X input = Throttle valve position (selected/fail-safe) (RAM 0xFEF025FE); Y input = Engine speed (main) (RAM 0xFEF0258E).

AXES: X axis: 10 points, 0.46 to 112 deg (abs. TP angle); Y axis: 6 points, 2000 to 11000 RPM.

VALUES (stock 5JCZSJ40): 24.0 to 64.0 raw.

REFERENCE: data @0x184474, X axis @0x184454, Y axis @0x184468, descriptor @0x1844B0, code FUN_4e2b4."
Cluster D :: Map [TP x RPM] 10x6 FUN_4e2b4 #27A,Unidentified - Cluster D (IDs 0x1D9-0x2EE),0x1844EC,Function not yet identified. Name reflects the inputs the code feeds this table.,"Function not yet identified. Name reflects the inputs the code feeds this table.

HOW THE ECU USES IT: looked up by FUN_4e2b4; X input = Throttle valve position (selected/fail-safe) (RAM 0xFEF025FE); Y input = Engine speed (main) (RAM 0xFEF0258E).

AXES: X axis: 10 points, 0.46 to 112 deg (abs. TP angle); Y axis: 6 points, 2000 to 11000 RPM.

VALUES (stock 5JCZSJ40): 36.0 to 79.0 raw.

REFERENCE: data @0x1844EC, X axis @0x1844CC, Y axis @0x1844E0, descriptor @0x184528, code FUN_4e2b4."
Cluster D :: Map [TP x RPM] 10x6 FUN_4e2b4 #27C,Unidentified - Cluster D (IDs 0x1D9-0x2EE),0x184564,Function not yet identified. Name reflects the inputs the code feeds this table.,"Function not yet identified. Name reflects the inputs the code feeds this table.

HOW THE ECU USES IT: looked up by FUN_4e2b4; X input = Throttle valve position (selected/fail-safe) (RAM 0xFEF025FE); Y input = Engine speed (main) (RAM 0xFEF0258E).

AXES: X axis: 10 points, 0.46 to 112 deg (abs. TP angle); Y axis: 6 points, 2000 to 11000 RPM.

VALUES (stock 5JCZSJ40): 49.0 to 93.0 raw.

REFERENCE: data @0x184564, X axis @0x184544, Y axis @0x184558, descriptor @0x1845A0, code FUN_4e2b4."
Cluster D :: Map [TP x RPM] 10x6 FUN_4e2b4 #27E,Unidentified - Cluster D (IDs 0x1D9-0x2EE),0x1845DC,Function not yet identified. Name reflects the inputs the code feeds this table.,"Function not yet identified. Name reflects the inputs the code feeds this table.

HOW THE ECU USES IT: looked up by FUN_4e2b4; X input = Throttle valve position (selected/fail-safe) (RAM 0xFEF025FE); Y input = Engine speed (main) (RAM 0xFEF0258E).

AXES: X axis: 10 points, 0.46 to 112 deg (abs. TP angle); Y axis: 6 points, 2000 to 11000 RPM.

VALUES (stock 5JCZSJ40): 62.0 to 109 raw.

REFERENCE: data @0x1845DC, X axis @0x1845BC, Y axis @0x1845D0, descriptor @0x184618, code FUN_4e2b4."
Cluster D :: Map [TP x RPM] 10x6 FUN_4e2b4 #280,Unidentified - Cluster D (IDs 0x1D9-0x2EE),0x184654,Function not yet identified. Name reflects the inputs the code feeds this table.,"Function not yet identified. Name reflects the inputs the code feeds this table.

HOW THE ECU USES IT: looked up by FUN_4e2b4; X input = Throttle valve position (selected/fail-safe) (RAM 0xFEF025FE); Y input = Engine speed (main) (RAM 0xFEF0258E).

AXES: X axis: 10 points, 0.46 to 112 deg (abs. TP angle); Y axis: 6 points, 2000 to 11000 RPM.

VALUES (stock 5JCZSJ40): 75.0 to 124 raw.

REFERENCE: data @0x184654, X axis @0x184634, Y axis @0x184648, descriptor @0x184690, code FUN_4e2b4."
Cluster D :: Map [TP x RPM] 10x6 FUN_4e2b4 #282,Unidentified - Cluster D (IDs 0x1D9-0x2EE),0x1846CC,Function not yet identified. Name reflects the inputs the code feeds this table.,"Function not yet identified. Name reflects the inputs the code feeds this table.

HOW THE ECU USES IT: looked up by FUN_4e2b4; X input = Throttle valve position (selected/fail-safe) (RAM 0xFEF025FE); Y input = Engine speed (main) (RAM 0xFEF0258E).

AXES: X axis: 10 points, 0.46 to 112 deg (abs. TP angle); Y axis: 6 points, 2000 to 11000 RPM.

VALUES (stock 5JCZSJ40): 88.0 to 140 raw.

REFERENCE: data @0x1846CC, X axis @0x1846AC, Y axis @0x1846C0, descriptor @0x184708, code FUN_4e2b4."
Cluster D :: Map [TP x RPM] 10x6 FUN_4e2b4 #284,Unidentified - Cluster D (IDs 0x1D9-0x2EE),0x184744,Function not yet identified. Name reflects the inputs the code feeds this table.,"Function not yet identified. Name reflects the inputs the code feeds this table.

HOW THE ECU USES IT: looked up by FUN_4e2b4; X input = Throttle valve position (selected/fail-safe) (RAM 0xFEF025FE); Y input = Engine speed (main) (RAM 0xFEF0258E).

AXES: X axis: 10 points, 0.46 to 112 deg (abs. TP angle); Y axis: 6 points, 2000 to 11000 RPM.

VALUES (stock 5JCZSJ40): 100 to 156 raw.

REFERENCE: data @0x184744, X axis @0x184724, Y axis @0x184738, descriptor @0x184780, code FUN_4e2b4."
Cluster D :: Map [TP x RPM] 10x6 FUN_4e2b4 #286,Unidentified - Cluster D (IDs 0x1D9-0x2EE),0x1847BC,Function not yet identified. Name reflects the inputs the code feeds this table.,"Function not yet identified. Name reflects the inputs the code feeds this table.

HOW THE ECU USES IT: looked up by FUN_4e2b4; X input = Throttle valve position (selected/fail-safe) (RAM 0xFEF025FE); Y input = Engine speed (main) (RAM 0xFEF0258E).

AXES: X axis: 10 points, 0.46 to 112 deg (abs. TP angle); Y axis: 6 points, 2000 to 11000 RPM.

VALUES (stock 5JCZSJ40): 113 to 174 raw.

REFERENCE: data @0x1847BC, X axis @0x18479C, Y axis @0x1847B0, descriptor @0x1847F8, code FUN_4e2b4."
Pressure Comp :: Curve [AP] 27pt FUN_500a8 #288 (flat),Pressure Compensation; Unidentified - Cluster D (IDs 0x1D9-0x2EE); Flat Maps (unused/disabled?),0x186D8C,Pressure-dependent correction indexed by manifold pressure (IAP) or barometric pressure (AP) - typically altitude / load compensation. (Family-level description - specific use not individually confirmed.),"Pressure-dependent correction indexed by manifold pressure (IAP) or barometric pressure (AP) - typically altitude / load compensation. (Family-level description - specific use not individually confirmed.)

HOW THE ECU USES IT: looked up by FUN_500a8; X input = Barometric/atmospheric pressure (AP sensor, ADC ch30) - used as the reference in calculated load and vacuum (RAM 0xFEF025C0).

AXES: X axis: 27 points, 50.0 to 125 kPa.

VALUES (stock 5JCZSJ40): 64.0 to 64.0 raw - every cell is the same (64.0), so the function is probably disabled or unused in this calibration.

REFERENCE: data @0x186D8C, X axis @0x186B60, descriptor @0x184814, code FUN_500a8."
Pressure Comp :: Curve [AP] 27pt FUN_500a8 #289 (flat),Pressure Compensation; Unidentified - Cluster D (IDs 0x1D9-0x2EE); Flat Maps (unused/disabled?),0x186DA8,Pressure-dependent correction indexed by manifold pressure (IAP) or barometric pressure (AP) - typically altitude / load compensation. (Family-level description - specific use not individually confirmed.),"Pressure-dependent correction indexed by manifold pressure (IAP) or barometric pressure (AP) - typically altitude / load compensation. (Family-level description - specific use not individually confirmed.)

HOW THE ECU USES IT: looked up by FUN_500a8; X input = Barometric/atmospheric pressure (AP sensor, ADC ch30) - used as the reference in calculated load and vacuum (RAM 0xFEF025C0).

AXES: X axis: 27 points, 50.0 to 125 kPa.

VALUES (stock 5JCZSJ40): 64.0 to 64.0 raw - every cell is the same (64.0), so the function is probably disabled or unused in this calibration.

REFERENCE: data @0x186DA8, X axis @0x186B98, descriptor @0x184828, code FUN_500a8."
Cluster D :: Curve [?] 8pt FUN_531ee #28B (flat),Unidentified - Cluster D (IDs 0x1D9-0x2EE); Flat Maps (unused/disabled?),0x18B7E4,Function not yet identified. Name reflects the inputs the code feeds this table.,"Function not yet identified. Name reflects the inputs the code feeds this table.

HOW THE ECU USES IT: looked up by FUN_531ee; X input = param0.

AXES: X axis: 8 points, 27520 to 57005 raw.

VALUES (stock 5JCZSJ40): 0.00 to 0.00 raw - every cell is the same (0.00), so the function is probably disabled or unused in this calibration.

REFERENCE: data @0x18B7E4, X axis @0x18B7D4, descriptor @0x18B890, code FUN_531ee."
Cluster D :: Curve [?] 8pt FUN_5321a #28C (flat),Unidentified - Cluster D (IDs 0x1D9-0x2EE); Flat Maps (unused/disabled?),0x18B7CC,Function not yet identified. Name reflects the inputs the code feeds this table.,"Function not yet identified. Name reflects the inputs the code feeds this table.

HOW THE ECU USES IT: looked up by FUN_5321a; X input = param0.

AXES: X axis: 8 points, 27520 to 57005 raw.

VALUES (stock 5JCZSJ40): 0.00 to 0.00 raw - every cell is the same (0.00), so the function is probably disabled or unused in this calibration.

REFERENCE: data @0x18B7CC, X axis @0x18B7F4, descriptor @0x18B8A4, code FUN_5321a."
Cluster D :: Curve [RAM_fef02594] 12pt FUN_52a2c #28E (flat),Unidentified - Cluster D (IDs 0x1D9-0x2EE); Flat Maps (unused/disabled?),0x18B81C,Function not yet identified. Name reflects the inputs the code feeds this table.,"Function not yet identified. Name reflects the inputs the code feeds this table.

HOW THE ECU USES IT: looked up by FUN_52a2c; X input = RAM 0xfef02594.

AXES: X axis: 12 points, 800 to 5200 RPM.

VALUES (stock 5JCZSJ40): 524 to 524 raw - every cell is the same (524), so the function is probably disabled or unused in this calibration.

REFERENCE: data @0x18B81C, X axis @0x18B804, descriptor @0x18B8F8, code FUN_52a2c."
Cluster D :: Curve [?] 9pt FUN_541e6 #28F,Unidentified - Cluster D (IDs 0x1D9-0x2EE),0x18BEDC,Function not yet identified. Name reflects the inputs the code feeds this table.,"Function not yet identified. Name reflects the inputs the code feeds this table.

HOW THE ECU USES IT: looked up by FUN_541e6; X input = .

AXES: X axis: 9 points, 64.0 to 110 raw.

VALUES (stock 5JCZSJ40): 0.00 to 1096 raw.

REFERENCE: data @0x18BEDC, X axis @0x18BFB8, descriptor @0x18B90C, code FUN_541e6."
Cluster D :: Curve [?] 9pt FUN_541e6 #290,Unidentified - Cluster D (IDs 0x1D9-0x2EE),0x18BEF0,Function not yet identified. Name reflects the inputs the code feeds this table.,"Function not yet identified. Name reflects the inputs the code feeds this table.

HOW THE ECU USES IT: looked up by FUN_541e6; X input = .

AXES: X axis: 9 points, 64.0 to 110 raw.

VALUES (stock 5JCZSJ40): 0.00 to 582 raw.

REFERENCE: data @0x18BEF0, X axis @0x18BFC4, descriptor @0x18B920, code FUN_541e6."
ECT Comp :: Curve [ECT] 22pt FUN_5425e #291,ECT Compensation; Unidentified - Cluster D (IDs 0x1D9-0x2EE),0x18BF04,Engine-coolant-temperature compensation (warm-up / cold-start / temperature-dependent correction). (Family-level description - specific use not individually confirmed.),"Engine-coolant-temperature compensation (warm-up / cold-start / temperature-dependent correction). (Family-level description - specific use not individually confirmed.)

HOW THE ECU USES IT: looked up by FUN_5425e; X input = Engine coolant temperature (ADC ch2D), 8-bit (RAM 0xFEF026BD).

AXES: X axis: 22 points, -19.7 to 190 deg C.

VALUES (stock 5JCZSJ40): 0.00 to 128 raw.

REFERENCE: data @0x18BF04, X axis @0x18B834, descriptor @0x18B934, code FUN_5425e."
ECT Comp :: Curve [ECT] 22pt FUN_53790 #294 (flat),ECT Compensation; Unidentified - Cluster D (IDs 0x1D9-0x2EE); Flat Maps (unused/disabled?),0x18BF1C,Engine-coolant-temperature compensation (warm-up / cold-start / temperature-dependent correction). (Family-level description - specific use not individually confirmed.),"Engine-coolant-temperature compensation (warm-up / cold-start / temperature-dependent correction). (Family-level description - specific use not individually confirmed.)

HOW THE ECU USES IT: looked up by FUN_53790; X input = Engine coolant temperature (ADC ch2D), 8-bit (RAM 0xFEF026BD).

AXES: X axis: 22 points, -19.7 to 190 deg C.

VALUES (stock 5JCZSJ40): 5.00 to 5.00 raw - every cell is the same (5.00), so the function is probably disabled or unused in this calibration.

REFERENCE: data @0x18BF1C, X axis @0x18B834, descriptor @0x18B9C8, code FUN_53790."
Cluster D :: Curve [?] 5pt FUN_53c2e #296,Unidentified - Cluster D (IDs 0x1D9-0x2EE),0x18BF40,Function not yet identified. Name reflects the inputs the code feeds this table.,"Function not yet identified. Name reflects the inputs the code feeds this table.

HOW THE ECU USES IT: looked up by FUN_53c2e; X input = .

AXES: X axis: 5 points, 128 to 640 raw.

VALUES (stock 5JCZSJ40): 1.00 to 19.0 raw.

REFERENCE: data @0x18BF40, X axis @0x18BF34, descriptor @0x18BA1C, code FUN_53c2e."
Cluster D :: Curve [?] 5pt FUN_53c2e #297,Unidentified - Cluster D (IDs 0x1D9-0x2EE),0x18BF58,Function not yet identified. Name reflects the inputs the code feeds this table.,"Function not yet identified. Name reflects the inputs the code feeds this table.

HOW THE ECU USES IT: looked up by FUN_53c2e; X input = .

AXES: X axis: 5 points, 128 to 640 raw.

VALUES (stock 5JCZSJ40): 1.00 to 19.0 raw.

REFERENCE: data @0x18BF58, X axis @0x18BF4C, descriptor @0x18BA30, code FUN_53c2e."
ECT Comp :: Curve [ECT] 22pt FUN_52f74 #299 (flat),ECT Compensation; Unidentified - Cluster D (IDs 0x1D9-0x2EE); Flat Maps (unused/disabled?),0x18BF64,Engine-coolant-temperature compensation (warm-up / cold-start / temperature-dependent correction). (Family-level description - specific use not individually confirmed.),"Engine-coolant-temperature compensation (warm-up / cold-start / temperature-dependent correction). (Family-level description - specific use not individually confirmed.)

HOW THE ECU USES IT: looked up by FUN_52f74; X input = Engine coolant temperature (ADC ch2D), 8-bit (RAM 0xFEF026BD).

AXES: X axis: 22 points, -19.7 to 190 deg C.

VALUES (stock 5JCZSJ40): 5.00 to 5.00 raw - every cell is the same (5.00), so the function is probably disabled or unused in this calibration.

REFERENCE: data @0x18BF64, X axis @0x18B834, descriptor @0x18BA84, code FUN_52f74."
Cluster D :: Curve [RPM] 22pt FUN_53fac #29B (flat),Unidentified - Cluster D (IDs 0x1D9-0x2EE); Flat Maps (unused/disabled?),0x18BB04,Function not yet identified. Name reflects the inputs the code feeds this table.,"Function not yet identified. Name reflects the inputs the code feeds this table.

HOW THE ECU USES IT: looked up by FUN_53fac; X input = Engine speed (main) (RAM 0xFEF0258E).

AXES: X axis: 22 points, 800 to 9600 RPM.

VALUES (stock 5JCZSJ40): 0.00 to 0.00 raw - every cell is the same (0.00), so the function is probably disabled or unused in this calibration.

REFERENCE: data @0x18BB04, X axis @0x18BAD8, descriptor @0x18BB30, code FUN_53fac."
Cluster D :: Curve [RPM] 22pt FUN_53fac #29C (flat),Unidentified - Cluster D (IDs 0x1D9-0x2EE); Flat Maps (unused/disabled?),0x18BB70,Function not yet identified. Name reflects the inputs the code feeds this table.,"Function not yet identified. Name reflects the inputs the code feeds this table.

HOW THE ECU USES IT: looked up by FUN_53fac; X input = Engine speed (main) (RAM 0xFEF0258E).

AXES: X axis: 22 points, 1200 to 9600 RPM.

VALUES (stock 5JCZSJ40): 0.00 to 0.00 raw - every cell is the same (0.00), so the function is probably disabled or unused in this calibration.

REFERENCE: data @0x18BB70, X axis @0x18BB44, descriptor @0x18BB9C, code FUN_53fac."
Cluster D :: Curve [RPM] 22pt FUN_53fac #29D (flat),Unidentified - Cluster D (IDs 0x1D9-0x2EE); Flat Maps (unused/disabled?),0x18BBDC,Function not yet identified. Name reflects the inputs the code feeds this table.,"Function not yet identified. Name reflects the inputs the code feeds this table.

HOW THE ECU USES IT: looked up by FUN_53fac; X input = Engine speed (main) (RAM 0xFEF0258E).

AXES: X axis: 22 points, 1200 to 9600 RPM.

VALUES (stock 5JCZSJ40): 0.00 to 0.00 raw - every cell is the same (0.00), so the function is probably disabled or unused in this calibration.

REFERENCE: data @0x18BBDC, X axis @0x18BBB0, descriptor @0x18BC08, code FUN_53fac."
ECT Comp :: Map [RPM x ECT] 22x9 FUN_53dd8 #2A5,ECT Compensation; Unidentified - Cluster D (IDs 0x1D9-0x2EE),0x18BFD0,Engine-coolant-temperature compensation (warm-up / cold-start / temperature-dependent correction). (Family-level description - specific use not individually confirmed.),"Engine-coolant-temperature compensation (warm-up / cold-start / temperature-dependent correction). (Family-level description - specific use not individually confirmed.)

HOW THE ECU USES IT: looked up by FUN_53dd8; X input = Engine speed (main) (RAM 0xFEF0258E); Y input = Engine coolant temperature (ADC ch2D), 8-bit (RAM 0xFEF026BD).

AXES: X axis: 22 points, 800 to 9600 RPM; Y axis: 9 points, -10.3 to 99.4 deg C.

VALUES (stock 5JCZSJ40): 0.00 to 1248 raw.

REFERENCE: data @0x18BFD0, X axis @0x18BDDC, Y axis @0x18BF7C, descriptor @0x18BE08, code FUN_53dd8."
ECT Comp :: Map [RPM x ECT] 22x9 FUN_53dd8 #2A7,ECT Compensation; Unidentified - Cluster D (IDs 0x1D9-0x2EE),0x18C15C,Engine-coolant-temperature compensation (warm-up / cold-start / temperature-dependent correction). (Family-level description - specific use not individually confirmed.),"Engine-coolant-temperature compensation (warm-up / cold-start / temperature-dependent correction). (Family-level description - specific use not individually confirmed.)

HOW THE ECU USES IT: looked up by FUN_53dd8; X input = Engine speed (main) (RAM 0xFEF0258E); Y input = Engine coolant temperature (ADC ch2D), 8-bit (RAM 0xFEF026BD).

AXES: X axis: 22 points, 800 to 9600 RPM; Y axis: 9 points, -10.3 to 99.4 deg C.

VALUES (stock 5JCZSJ40): 0.00 to 1248 raw.

REFERENCE: data @0x18C15C, X axis @0x18BE24, Y axis @0x18BF90, descriptor @0x18BE50, code FUN_53dd8."
ECT Comp :: Map [RPM x ECT] 22x9 FUN_53dd8 #2A9,ECT Compensation; Unidentified - Cluster D (IDs 0x1D9-0x2EE),0x18C2E8,Engine-coolant-temperature compensation (warm-up / cold-start / temperature-dependent correction). (Family-level description - specific use not individually confirmed.),"Engine-coolant-temperature compensation (warm-up / cold-start / temperature-dependent correction). (Family-level description - specific use not individually confirmed.)

HOW THE ECU USES IT: looked up by FUN_53dd8; X input = Engine speed (main) (RAM 0xFEF0258E); Y input = Engine coolant temperature (ADC ch2D), 8-bit (RAM 0xFEF026BD).

AXES: X axis: 22 points, 800 to 9600 RPM; Y axis: 9 points, -10.3 to 99.4 deg C.

VALUES (stock 5JCZSJ40): 0.00 to 1248 raw.

REFERENCE: data @0x18C2E8, X axis @0x18BE6C, Y axis @0x18BFA4, descriptor @0x18BE98, code FUN_53dd8."
IAT Comp :: Curve [IAT] 16pt FUN_5518e #2AC,IAT Compensation; Unidentified - Cluster D (IDs 0x1D9-0x2EE),0x18C544,Intake-air-temperature compensation (air-density / temperature correction). (Family-level description - specific use not individually confirmed.),"Intake-air-temperature compensation (air-density / temperature correction). (Family-level description - specific use not individually confirmed.)

HOW THE ECU USES IT: looked up by FUN_5518e; X input = Intake air temperature (ADC ch02, 8-bit) - used in calculated-load density correction (RAM 0xFEF026C3).

AXES: X axis: 16 points, -15.0 to 209 deg C.

VALUES (stock 5JCZSJ40): 123 to 137 raw.

REFERENCE: data @0x18C544, X axis @0x18C534, descriptor @0x18C5C8, code FUN_5518e."
Hardware Nr.,xdf moto bin files; ECU Info; Market Variant (10L1 vs 10L4),0x18C564,Function not yet identified. Name reflects the inputs the code feeds this table.,"Function not yet identified. Name reflects the inputs the code feeds this table.

HOW THE ECU USES IT: looked up by FUN_5602c; X input = PHI[ADD(PHI[ADD(PHI[deep],C:1), C:0],C:1), C:0].

AXES: X axis: 16 points, 0.00 to 15.0 raw.

VALUES (stock 5JCZSJ40): 0.00 to 76.0 raw. DIFFERS in the 10L1 file (5JCZSJ10): 1 cells changed.

REFERENCE: data @0x18C564, X axis @0x18C554, descriptor @0x18C5DC, code FUN_5602c."
Cluster D :: Curve [index] 11pt FUN_56056 #2AE,Unidentified - Cluster D (IDs 0x1D9-0x2EE),0x18C67C,Function not yet identified. Name reflects the inputs the code feeds this table.,"Function not yet identified. Name reflects the inputs the code feeds this table.

HOW THE ECU USES IT: looked up by FUN_56056; X input = PHI[ADD(PHI[ADD(PHI[deep],C:1), C:0],C:1), C:0].

AXES: X axis: 11 points, 0.00 to 10.0 raw.

VALUES (stock 5JCZSJ40): 45.0 to 77.0 raw.

REFERENCE: data @0x18C67C, X axis @0x18C670, descriptor @0x18C5F0, code FUN_56056."
Cluster D :: Curve [index] 11pt FUN_5607e #2AF,Unidentified - Cluster D (IDs 0x1D9-0x2EE); Market Variant (10L1 vs 10L4),0x18C694,Function not yet identified. Name reflects the inputs the code feeds this table.,"Function not yet identified. Name reflects the inputs the code feeds this table.

HOW THE ECU USES IT: looked up by FUN_5607e; X input = PHI[ADD(PHI[ADD(PHI[deep],C:1), C:0],C:1), C:0].

AXES: X axis: 11 points, 0.00 to 10.0 raw.

VALUES (stock 5JCZSJ40): 42.0 to 76.0 raw. DIFFERS in the 10L1 file (5JCZSJ10): 1 cells changed.

REFERENCE: data @0x18C694, X axis @0x18C688, descriptor @0x18C604, code FUN_5607e."
Software Upgrade Nr.,xdf moto bin files; ECU Info; Market Variant (10L1 vs 10L4),0x18C584,Function not yet identified. Name reflects the inputs the code feeds this table.,"Function not yet identified. Name reflects the inputs the code feeds this table.

HOW THE ECU USES IT: looked up by FUN_560a6; X input = PHI[ADD(PHI[ADD(PHI[deep],C:1), C:0],C:1), C:0].

AXES: X axis: 16 points, 0.00 to 15.0 raw.

VALUES (stock 5JCZSJ40): 0.00 to 76.0 raw. DIFFERS in the 10L1 file (5JCZSJ10): 1 cells changed.

REFERENCE: data @0x18C584, X axis @0x18C574, descriptor @0x18C618, code FUN_560a6."
Cluster D :: Curve [index] 16pt FUN_560d0 #2B1,Unidentified - Cluster D (IDs 0x1D9-0x2EE); Market Variant (10L1 vs 10L4),0x18C5A4,Function not yet identified. Name reflects the inputs the code feeds this table.,"Function not yet identified. Name reflects the inputs the code feeds this table.

HOW THE ECU USES IT: looked up by FUN_560d0; X input = INT_AND.

AXES: X axis: 16 points, 0.00 to 15.0 raw.

VALUES (stock 5JCZSJ40): 42.0 to 76.0 raw. DIFFERS in the 10L1 file (5JCZSJ10): 2 cells changed.

REFERENCE: data @0x18C5A4, X axis @0x18C594, descriptor @0x18C62C, code FUN_560d0."
Cluster D :: Curve [RAM_fef01f4e] 15pt FUN_5e564 #2B3,Unidentified - Cluster D (IDs 0x1D9-0x2EE),0x18CC10,Function not yet identified. Name reflects the inputs the code feeds this table.,"Function not yet identified. Name reflects the inputs the code feeds this table.

HOW THE ECU USES IT: looked up by FUN_5e564; X input = RAM 0xfef01f4e.

AXES: X axis: 15 points, 1000 to 8000 RPM.

VALUES (stock 5JCZSJ40): 30848 to 31488 raw.

REFERENCE: data @0x18CC10, X axis @0x18CBF0, descriptor @0x18C7C8, code FUN_5e564."
Cluster D :: Curve [RAM_fef01f4e] 15pt FUN_5e564 #2B4 (flat),Unidentified - Cluster D (IDs 0x1D9-0x2EE); Flat Maps (unused/disabled?),0x18CC50,Function not yet identified. Name reflects the inputs the code feeds this table.,"Function not yet identified. Name reflects the inputs the code feeds this table.

HOW THE ECU USES IT: looked up by FUN_5e564; X input = RAM 0xfef01f4e.

AXES: X axis: 15 points, 1000 to 8000 RPM.

VALUES (stock 5JCZSJ40): 32128 to 32128 raw - every cell is the same (32128), so the function is probably disabled or unused in this calibration.

REFERENCE: data @0x18CC50, X axis @0x18CC30, descriptor @0x18C7DC, code FUN_5e564."
Pressure Comp :: Curve [Vacuum] 17pt FUN_5e148 #2B5 (flat),Pressure Compensation; Unidentified - Cluster D (IDs 0x1D9-0x2EE); Flat Maps (unused/disabled?),0x18CFB4,Pressure-dependent correction indexed by manifold pressure (IAP) or barometric pressure (AP) - typically altitude / load compensation. (Family-level description - specific use not individually confirmed.),"Pressure-dependent correction indexed by manifold pressure (IAP) or barometric pressure (AP) - typically altitude / load compensation. (Family-level description - specific use not individually confirmed.)

HOW THE ECU USES IT: looked up by FUN_5e148; X input = Manifold vacuum = AP - IAP (offset 7862 = 0 kPa) (RAM 0xFEF02628).

AXES: X axis: 17 points, 20.0 to 103 vacuum kPa.

VALUES (stock 5JCZSJ40): 128 to 128 raw - every cell is the same (128), so the function is probably disabled or unused in this calibration.

REFERENCE: data @0x18CFB4, X axis @0x18CC70, descriptor @0x18C7F0, code FUN_5e148."
ECT Comp :: Curve [ECT] 22pt FUN_5d1e8 #2B6 (flat),ECT Compensation; Unidentified - Cluster D (IDs 0x1D9-0x2EE); Flat Maps (unused/disabled?),0x18CC94,Engine-coolant-temperature compensation (warm-up / cold-start / temperature-dependent correction). (Family-level description - specific use not individually confirmed.),"Engine-coolant-temperature compensation (warm-up / cold-start / temperature-dependent correction). (Family-level description - specific use not individually confirmed.)

HOW THE ECU USES IT: looked up by FUN_5d1e8; X input = Engine coolant temperature (ADC ch2D), 8-bit (RAM 0xFEF026BD).

AXES: X axis: 22 points, -19.7 to 190 deg C.

VALUES (stock 5JCZSJ40): 128 to 128 raw - every cell is the same (128), so the function is probably disabled or unused in this calibration.

REFERENCE: data @0x18CC94, X axis @0x18C788, descriptor @0x18C804, code FUN_5d1e8."
Pressure Comp :: Curve [AP] 8pt FUN_5d20c #2B7 (flat),Pressure Compensation; Unidentified - Cluster D (IDs 0x1D9-0x2EE); Flat Maps (unused/disabled?),0x18C6A0,Pressure-dependent correction indexed by manifold pressure (IAP) or barometric pressure (AP) - typically altitude / load compensation. (Family-level description - specific use not individually confirmed.),"Pressure-dependent correction indexed by manifold pressure (IAP) or barometric pressure (AP) - typically altitude / load compensation. (Family-level description - specific use not individually confirmed.)

HOW THE ECU USES IT: looked up by FUN_5d20c; X input = Barometric/atmospheric pressure (AP sensor, ADC ch30) - used as the reference in calculated load and vacuum (RAM 0xFEF025C0).

AXES: X axis: 8 points, 47.7 to 121 kPa.

VALUES (stock 5JCZSJ40): 128 to 128 raw - every cell is the same (128), so the function is probably disabled or unused in this calibration.

REFERENCE: data @0x18C6A0, X axis @0x18C6B8, descriptor @0x18C818, code FUN_5d20c."
Cluster D :: Curve [RAM_fef020ca] 10pt FUN_5d494 #2B8 (flat),Unidentified - Cluster D (IDs 0x1D9-0x2EE); Flat Maps (unused/disabled?),0x18CCAC,Function not yet identified. Name reflects the inputs the code feeds this table.,"Function not yet identified. Name reflects the inputs the code feeds this table.

HOW THE ECU USES IT: looked up by FUN_5d494; X input = RAM 0xfef020ca.

AXES: X axis: 10 points, 0.00 to 540 raw.

VALUES (stock 5JCZSJ40): 128 to 128 raw - every cell is the same (128), so the function is probably disabled or unused in this calibration.

REFERENCE: data @0x18CCAC, X axis @0x18C82C, descriptor @0x18C840, code FUN_5d494."
Cluster D :: Curve [RAM_fef0263c] 16pt FUN_6a926 #2BA,Unidentified - Cluster D (IDs 0x1D9-0x2EE),0x18C6E8,Function not yet identified. Name reflects the inputs the code feeds this table.,"Function not yet identified. Name reflects the inputs the code feeds this table.

HOW THE ECU USES IT: looked up by FUN_6a926; X input = RAM 0xfef0263c.

AXES: X axis: 16 points, 0.00 to 105 deg (TP angle).

VALUES (stock 5JCZSJ40): 0.00 to 16351 raw.

REFERENCE: data @0x18C6E8, X axis @0x18C6C8, descriptor @0x18C884, code FUN_6a926."
Cluster D :: Curve [RAM_fef0263c] 16pt FUN_6a926 #2BB,Unidentified - Cluster D (IDs 0x1D9-0x2EE),0x18C728,Function not yet identified. Name reflects the inputs the code feeds this table.,"Function not yet identified. Name reflects the inputs the code feeds this table.

HOW THE ECU USES IT: looked up by FUN_6a926; X input = RAM 0xfef0263c.

AXES: X axis: 16 points, 0.00 to 105 deg (TP angle).

VALUES (stock 5JCZSJ40): 0.00 to 16351 raw.

REFERENCE: data @0x18C728, X axis @0x18C708, descriptor @0x18C898, code FUN_6a926."
Cluster D :: Curve [RAM_fef0263c] 16pt FUN_6a926 #2BC,Unidentified - Cluster D (IDs 0x1D9-0x2EE),0x18C768,Function not yet identified. Name reflects the inputs the code feeds this table.,"Function not yet identified. Name reflects the inputs the code feeds this table.

HOW THE ECU USES IT: looked up by FUN_6a926; X input = RAM 0xfef0263c.

AXES: X axis: 16 points, 0.00 to 105 deg (TP angle).

VALUES (stock 5JCZSJ40): 0.00 to 16351 raw.

REFERENCE: data @0x18C768, X axis @0x18C748, descriptor @0x18C8AC, code FUN_6a926."
Cluster D :: Curve [RAM_fef0267a] 37pt FUN_6a89c #2BD,Unidentified - Cluster D (IDs 0x1D9-0x2EE),0x18D014,Function not yet identified. Name reflects the inputs the code feeds this table.,"Function not yet identified. Name reflects the inputs the code feeds this table.

HOW THE ECU USES IT: looked up by FUN_6a89c; X input = RAM 0xfef0267a.

AXES: X axis: 37 points, 12380 to 53156 raw.

VALUES (stock 5JCZSJ40): 0.00 to 18350 raw.

REFERENCE: data @0x18D014, X axis @0x18CFC8, descriptor @0x18C8C0, code FUN_6a89c."
Cluster D :: Curve [RAM_fef0267a] 37pt FUN_6a89c #2BE,Unidentified - Cluster D (IDs 0x1D9-0x2EE),0x18D0AC,Function not yet identified. Name reflects the inputs the code feeds this table.,"Function not yet identified. Name reflects the inputs the code feeds this table.

HOW THE ECU USES IT: looked up by FUN_6a89c; X input = RAM 0xfef0267a.

AXES: X axis: 37 points, 12380 to 53156 raw.

VALUES (stock 5JCZSJ40): 0.00 to 18350 raw.

REFERENCE: data @0x18D0AC, X axis @0x18D060, descriptor @0x18C8D4, code FUN_6a89c."
Cluster D :: Curve [RAM_fef0267a] 37pt FUN_6a89c #2BF,Unidentified - Cluster D (IDs 0x1D9-0x2EE),0x18D144,Function not yet identified. Name reflects the inputs the code feeds this table.,"Function not yet identified. Name reflects the inputs the code feeds this table.

HOW THE ECU USES IT: looked up by FUN_6a89c; X input = RAM 0xfef0267a.

AXES: X axis: 37 points, 12380 to 53156 raw.

VALUES (stock 5JCZSJ40): 0.00 to 18350 raw.

REFERENCE: data @0x18D144, X axis @0x18D0F8, descriptor @0x18C8E8, code FUN_6a89c."
Cluster D :: Curve [RAM_fef0268c] 31pt FUN_6a8ee #2C0,Unidentified - Cluster D (IDs 0x1D9-0x2EE),0x18CD08,Function not yet identified. Name reflects the inputs the code feeds this table.,"Function not yet identified. Name reflects the inputs the code feeds this table.

HOW THE ECU USES IT: looked up by FUN_6a8ee; X input = RAM 0xfef0268c.

AXES: X axis: 31 points, 16384 to 49152 raw.

VALUES (stock 5JCZSJ40): 0.00 to 32768 raw.

REFERENCE: data @0x18CD08, X axis @0x18CCC8, descriptor @0x18C8FC, code FUN_6a8ee."
Gear :: Curve [Gear] 7pt FUN_6a6ca #2C1,Gear Dependent; Unidentified - Cluster D (IDs 0x1D9-0x2EE),0x18CD48,"Gear-dependent setting. The gear axis is a bitmask: 1 = Neutral, 2 = 1st, 4 = 2nd, 8 = 3rd, 16 = 4th, 32 = 5th, 64 = 6th. (Family-level description - specific use not individually confirmed.)","Gear-dependent setting. The gear axis is a bitmask: 1 = Neutral, 2 = 1st, 4 = 2nd, 8 = 3rd, 16 = 4th, 32 = 5th, 64 = 6th. (Family-level description - specific use not individually confirmed.)

HOW THE ECU USES IT: looked up by FUN_6a6ca; X input = Gear position bitmask (1=N, 2=1st ... 0x40=6th) from GP sensor ADC ch2E (RAM 0xFEF026C2).

AXES: X axis: 7 points, 0.00 to 6.00 gear bit.

VALUES (stock 5JCZSJ40): 492 to 3277 raw.

REFERENCE: data @0x18CD48, X axis @0x18C6A8, descriptor @0x18C910, code FUN_6a6ca."
Gear :: Curve [Gear] 7pt FUN_6a6ca #2C2 (flat),Gear Dependent; Unidentified - Cluster D (IDs 0x1D9-0x2EE); Flat Maps (unused/disabled?),0x18CD58,"Gear-dependent setting. The gear axis is a bitmask: 1 = Neutral, 2 = 1st, 4 = 2nd, 8 = 3rd, 16 = 4th, 32 = 5th, 64 = 6th. (Family-level description - specific use not individually confirmed.)","Gear-dependent setting. The gear axis is a bitmask: 1 = Neutral, 2 = 1st, 4 = 2nd, 8 = 3rd, 16 = 4th, 32 = 5th, 64 = 6th. (Family-level description - specific use not individually confirmed.)

HOW THE ECU USES IT: looked up by FUN_6a6ca; X input = Gear position bitmask (1=N, 2=1st ... 0x40=6th) from GP sensor ADC ch2E (RAM 0xFEF026C2).

AXES: X axis: 7 points, 0.00 to 6.00 gear bit.

VALUES (stock 5JCZSJ40): 164 to 164 raw - every cell is the same (164), so the function is probably disabled or unused in this calibration.

REFERENCE: data @0x18CD58, X axis @0x18C6B0, descriptor @0x18C924, code FUN_6a6ca."
Cluster D :: Curve [RAM_fef026b2] 5pt FUN_6abc6 #2C3,Unidentified - Cluster D (IDs 0x1D9-0x2EE),0x18CD74,Function not yet identified. Name reflects the inputs the code feeds this table.,"Function not yet identified. Name reflects the inputs the code feeds this table.

HOW THE ECU USES IT: looked up by FUN_6abc6; X input = RAM 0xfef026b2.

AXES: X axis: 5 points, 614 to 819 raw.

VALUES (stock 5JCZSJ40): 28672 to 38229 raw.

REFERENCE: data @0x18CD74, X axis @0x18CD68, descriptor @0x18C938, code FUN_6abc6."
Cluster D :: Map [TP x RPM] 10x21 FUN_5e16c #2C4,Unidentified - Cluster D (IDs 0x1D9-0x2EE),0x18D190,Function not yet identified. Name reflects the inputs the code feeds this table.,"Function not yet identified. Name reflects the inputs the code feeds this table.

HOW THE ECU USES IT: looked up by FUN_5e16c; X input = Throttle valve position (from TP sensors, ADC ch0B/ch2C) (RAM 0xFEF02602); Y input = Engine speed (main) (RAM 0xFEF0258E).

AXES: X axis: 10 points, 3.34 to 121 deg (abs. TP angle); Y axis: 21 points, 1150 to 11200 RPM.

VALUES (stock 5JCZSJ40): 123 to 255 raw.

REFERENCE: data @0x18D190, X axis @0x18C94C, Y axis @0x18CD80, descriptor @0x18C960, code FUN_5e16c."
Cluster D :: Map [? x RPM] 10x14 #2C6,Unidentified - Cluster D (IDs 0x1D9-0x2EE),0x18D264,Function not yet identified. ,"Function not yet identified. 

AXES: X axis: 10 points, 786 to 20736 raw; Y axis: 14 points, 1700 to 10000 RPM.

VALUES (stock 5JCZSJ40): 0.00 to 1.00 raw.

REFERENCE: data @0x18D264, X axis @0x18C97C, Y axis @0x18C990, descriptor @0x18C9AC."
Cluster D :: Map [TP x RPM] 10x14 FUN_5d1b4 #2C8,Unidentified - Cluster D (IDs 0x1D9-0x2EE),0x18D2F0,Function not yet identified. Name reflects the inputs the code feeds this table.,"Function not yet identified. Name reflects the inputs the code feeds this table.

HOW THE ECU USES IT: looked up by FUN_5d1b4; X input = Throttle valve position (from TP sensors, ADC ch0B/ch2C) (RAM 0xFEF02602); Y input = Engine speed (main) (RAM 0xFEF0258E).

AXES: X axis: 10 points, 2.16 to 57.0 deg (abs. TP angle); Y axis: 14 points, 1500 to 7000 RPM.

VALUES (stock 5JCZSJ40): 0.00 to 256 raw.

REFERENCE: data @0x18D2F0, X axis @0x18C9C8, Y axis @0x18C9DC, descriptor @0x18C9F8, code FUN_5d1b4."
Cluster D :: Map [TP x RPM] 6x25 FUN_6ba2e #2CA,Unidentified - Cluster D (IDs 0x1D9-0x2EE),0x18D408,Function not yet identified. Name reflects the inputs the code feeds this table.,"Function not yet identified. Name reflects the inputs the code feeds this table.

HOW THE ECU USES IT: looked up by FUN_6ba2e; X input = Throttle valve position (from TP sensors, ADC ch0B/ch2C) (RAM 0xFEF02602); Y input = Engine speed (main) (RAM 0xFEF0258E).

AXES: X axis: 6 points, 7.49 to 118 deg (abs. TP angle); Y axis: 25 points, 2000 to 11600 RPM.

VALUES (stock 5JCZSJ40): 64.0 to 255 raw.

REFERENCE: data @0x18D408, X axis @0x18CA14, Y axis @0x18CDAC, descriptor @0x18CA20, code FUN_6ba2e."
Cluster D :: Map [TP x RPM] 6x25 FUN_6ba2e #2CC,Unidentified - Cluster D (IDs 0x1D9-0x2EE),0x18D4A0,Function not yet identified. Name reflects the inputs the code feeds this table.,"Function not yet identified. Name reflects the inputs the code feeds this table.

HOW THE ECU USES IT: looked up by FUN_6ba2e; X input = Throttle valve position (from TP sensors, ADC ch0B/ch2C) (RAM 0xFEF02602); Y input = Engine speed (main) (RAM 0xFEF0258E).

AXES: X axis: 6 points, 7.49 to 118 deg (abs. TP angle); Y axis: 25 points, 2000 to 11600 RPM.

VALUES (stock 5JCZSJ40): 64.0 to 255 raw.

REFERENCE: data @0x18D4A0, X axis @0x18CA3C, Y axis @0x18CDE0, descriptor @0x18CA48, code FUN_6ba2e."
Cluster D :: Map [TP x RPM] 6x25 FUN_6ba2e #2CE,Unidentified - Cluster D (IDs 0x1D9-0x2EE),0x18D538,Function not yet identified. Name reflects the inputs the code feeds this table.,"Function not yet identified. Name reflects the inputs the code feeds this table.

HOW THE ECU USES IT: looked up by FUN_6ba2e; X input = Throttle valve position (from TP sensors, ADC ch0B/ch2C) (RAM 0xFEF02602); Y input = Engine speed (main) (RAM 0xFEF0258E).

AXES: X axis: 6 points, 7.49 to 118 deg (abs. TP angle); Y axis: 25 points, 2000 to 11600 RPM.

VALUES (stock 5JCZSJ40): 70.0 to 255 raw.

REFERENCE: data @0x18D538, X axis @0x18CA64, Y axis @0x18CE14, descriptor @0x18CA70, code FUN_6ba2e."
Cluster D :: Map [TP x RPM] 6x25 FUN_6b18e #2D0,Unidentified - Cluster D (IDs 0x1D9-0x2EE),0x18D5D0,Function not yet identified. Name reflects the inputs the code feeds this table.,"Function not yet identified. Name reflects the inputs the code feeds this table.

HOW THE ECU USES IT: looked up by FUN_6b18e; X input = Throttle valve position (from TP sensors, ADC ch0B/ch2C) (RAM 0xFEF02602); Y input = Engine speed (main) (RAM 0xFEF0258E).

AXES: X axis: 6 points, 7.49 to 118 deg (abs. TP angle); Y axis: 25 points, 2000 to 11600 RPM.

VALUES (stock 5JCZSJ40): 77.0 to 225 raw.

REFERENCE: data @0x18D5D0, X axis @0x18CA8C, Y axis @0x18CE48, descriptor @0x18CA98, code FUN_6b18e."
Cluster D :: Map [TP x RPM] 6x25 FUN_6b18e #2D2,Unidentified - Cluster D (IDs 0x1D9-0x2EE),0x18D668,Function not yet identified. Name reflects the inputs the code feeds this table.,"Function not yet identified. Name reflects the inputs the code feeds this table.

HOW THE ECU USES IT: looked up by FUN_6b18e; X input = Throttle valve position (from TP sensors, ADC ch0B/ch2C) (RAM 0xFEF02602); Y input = Engine speed (main) (RAM 0xFEF0258E).

AXES: X axis: 6 points, 7.49 to 118 deg (abs. TP angle); Y axis: 25 points, 2000 to 11600 RPM.

VALUES (stock 5JCZSJ40): 128 to 255 raw.

REFERENCE: data @0x18D668, X axis @0x18CAB4, Y axis @0x18CE7C, descriptor @0x18CAC0, code FUN_6b18e."
Cluster D :: Map [TP x RPM] 6x25 FUN_6b18e #2D4,Unidentified - Cluster D (IDs 0x1D9-0x2EE),0x18D700,Function not yet identified. Name reflects the inputs the code feeds this table.,"Function not yet identified. Name reflects the inputs the code feeds this table.

HOW THE ECU USES IT: looked up by FUN_6b18e; X input = Throttle valve position (from TP sensors, ADC ch0B/ch2C) (RAM 0xFEF02602); Y input = Engine speed (main) (RAM 0xFEF0258E).

AXES: X axis: 6 points, 7.49 to 118 deg (abs. TP angle); Y axis: 25 points, 2000 to 11600 RPM.

VALUES (stock 5JCZSJ40): 64.0 to 255 raw.

REFERENCE: data @0x18D700, X axis @0x18CADC, Y axis @0x18CEB0, descriptor @0x18CAE8, code FUN_6b18e."
Cluster D :: Map [TP x RPM] 6x25 FUN_6b18e #2D6,Unidentified - Cluster D (IDs 0x1D9-0x2EE),0x18D798,Function not yet identified. Name reflects the inputs the code feeds this table.,"Function not yet identified. Name reflects the inputs the code feeds this table.

HOW THE ECU USES IT: looked up by FUN_6b18e; X input = Throttle valve position (from TP sensors, ADC ch0B/ch2C) (RAM 0xFEF02602); Y input = Engine speed (main) (RAM 0xFEF0258E).

AXES: X axis: 6 points, 7.49 to 118 deg (abs. TP angle); Y axis: 25 points, 2000 to 11600 RPM.

VALUES (stock 5JCZSJ40): 64.0 to 255 raw.

REFERENCE: data @0x18D798, X axis @0x18CB04, Y axis @0x18CEE4, descriptor @0x18CB10, code FUN_6b18e."
Cluster D :: Map [TP x RPM] 6x25 FUN_6b18e #2D8,Unidentified - Cluster D (IDs 0x1D9-0x2EE),0x18D830,Function not yet identified. Name reflects the inputs the code feeds this table.,"Function not yet identified. Name reflects the inputs the code feeds this table.

HOW THE ECU USES IT: looked up by FUN_6b18e; X input = Throttle valve position (from TP sensors, ADC ch0B/ch2C) (RAM 0xFEF02602); Y input = Engine speed (main) (RAM 0xFEF0258E).

AXES: X axis: 6 points, 7.49 to 118 deg (abs. TP angle); Y axis: 25 points, 2000 to 11600 RPM.

VALUES (stock 5JCZSJ40): 70.0 to 255 raw.

REFERENCE: data @0x18D830, X axis @0x18CB2C, Y axis @0x18CF18, descriptor @0x18CB38, code FUN_6b18e."
Cluster D :: Map [TP x RPM] 6x25 FUN_6b18e #2DA,Unidentified - Cluster D (IDs 0x1D9-0x2EE),0x18D8C8,Function not yet identified. Name reflects the inputs the code feeds this table.,"Function not yet identified. Name reflects the inputs the code feeds this table.

HOW THE ECU USES IT: looked up by FUN_6b18e; X input = Throttle valve position (from TP sensors, ADC ch0B/ch2C) (RAM 0xFEF02602); Y input = Engine speed (main) (RAM 0xFEF0258E).

AXES: X axis: 6 points, 7.49 to 118 deg (abs. TP angle); Y axis: 25 points, 2000 to 11600 RPM.

VALUES (stock 5JCZSJ40): 77.0 to 255 raw.

REFERENCE: data @0x18D8C8, X axis @0x18CB54, Y axis @0x18CF4C, descriptor @0x18CB60, code FUN_6b18e."
Cluster D :: Map [TP x RPM] 6x25 FUN_6b18e #2DC,Unidentified - Cluster D (IDs 0x1D9-0x2EE),0x18D960,Function not yet identified. Name reflects the inputs the code feeds this table.,"Function not yet identified. Name reflects the inputs the code feeds this table.

HOW THE ECU USES IT: looked up by FUN_6b18e; X input = Throttle valve position (from TP sensors, ADC ch0B/ch2C) (RAM 0xFEF02602); Y input = Engine speed (main) (RAM 0xFEF0258E).

AXES: X axis: 6 points, 7.49 to 118 deg (abs. TP angle); Y axis: 25 points, 2000 to 11600 RPM.

VALUES (stock 5JCZSJ40): 77.0 to 255 raw.

REFERENCE: data @0x18D960, X axis @0x18CB7C, Y axis @0x18CF80, descriptor @0x18CB88, code FUN_6b18e."
Cluster D :: Curve [RAM_fef025ac] 29pt FUN_73714 #2DF,Unidentified - Cluster D (IDs 0x1D9-0x2EE),0x18E194,Function not yet identified. Name reflects the inputs the code feeds this table.,"Function not yet identified. Name reflects the inputs the code feeds this table.

HOW THE ECU USES IT: looked up by FUN_73714; X input = RAM 0xfef025ac.

AXES: X axis: 29 points, 3067 to 59113 raw.

VALUES (stock 5JCZSJ40): 9.00 to 169 raw.

REFERENCE: data @0x18E194, X axis @0x18DEAC, descriptor @0x18DC38, code FUN_73714."
Cluster D :: Curve [RAM_fef0257c] 30pt FUN_6d29c #2E0,Unidentified - Cluster D (IDs 0x1D9-0x2EE),0x18DEE8,Function not yet identified. Name reflects the inputs the code feeds this table.,"Function not yet identified. Name reflects the inputs the code feeds this table.

HOW THE ECU USES IT: looked up by FUN_6d29c; X input = RAM 0xfef0257c.

AXES: X axis: 30 points, 13.0 to 1000 raw.

VALUES (stock 5JCZSJ40): 0.00 to 255 raw.

REFERENCE: data @0x18DEE8, X axis @0x18DC4C, descriptor @0x18DC88, code FUN_6d29c."
Pressure Comp :: Curve [AP] 29pt FUN_79724 #2E1,Pressure Compensation; Unidentified - Cluster D (IDs 0x1D9-0x2EE),0x18E1B4,Pressure-dependent correction indexed by manifold pressure (IAP) or barometric pressure (AP) - typically altitude / load compensation. (Family-level description - specific use not individually confirmed.),"Pressure-dependent correction indexed by manifold pressure (IAP) or barometric pressure (AP) - typically altitude / load compensation. (Family-level description - specific use not individually confirmed.)

HOW THE ECU USES IT: looked up by FUN_79724; X input = Barometric/atmospheric pressure (AP sensor, ADC ch30) - used as the reference in calculated load and vacuum (RAM 0xFEF025C0).

AXES: X axis: 29 points, 50.0 to 125 kPa.

VALUES (stock 5JCZSJ40): 10.0 to 255 raw.

REFERENCE: data @0x18E1B4, X axis @0x18DF08, descriptor @0x18DC9C, code FUN_79724."
Cluster D :: Curve [RPM] 29pt #2E2,Unidentified - Cluster D (IDs 0x1D9-0x2EE),0x18DF80,Function not yet identified. ,"Function not yet identified. 

AXES: X axis: 29 points, 800 to 12000 RPM.

VALUES (stock 5JCZSJ40): 15808 to 58624 raw.

REFERENCE: data @0x18DF80, X axis @0x18DF44, descriptor @0x18DCB0."
Cluster D :: Curve [RPM] 29pt #2E3,Unidentified - Cluster D (IDs 0x1D9-0x2EE),0x18DFF8,Function not yet identified. ,"Function not yet identified. 

AXES: X axis: 29 points, 800 to 12000 RPM.

VALUES (stock 5JCZSJ40): 14654 to 58624 raw.

REFERENCE: data @0x18DFF8, X axis @0x18DFBC, descriptor @0x18DCC4."
Cluster D :: Curve [?] 30pt FUN_73902 #2E4,Unidentified - Cluster D (IDs 0x1D9-0x2EE),0x18E034,Function not yet identified. Name reflects the inputs the code feeds this table.,"Function not yet identified. Name reflects the inputs the code feeds this table.

HOW THE ECU USES IT: looked up by FUN_73902; X input = INT_SRIGHT.

AXES: X axis: 30 points, 33.0 to 961 raw.

VALUES (stock 5JCZSJ40): 0.00 to 255 raw.

REFERENCE: data @0x18E034, X axis @0x18DCD8, descriptor @0x18DD14, code FUN_73902."
Gear :: Curve [Gear] 7pt FUN_756ec #2E5,Gear Dependent; Unidentified - Cluster D (IDs 0x1D9-0x2EE),0x18E064,"Gear-dependent setting. The gear axis is a bitmask: 1 = Neutral, 2 = 1st, 4 = 2nd, 8 = 3rd, 16 = 4th, 32 = 5th, 64 = 6th. (Family-level description - specific use not individually confirmed.)","Gear-dependent setting. The gear axis is a bitmask: 1 = Neutral, 2 = 1st, 4 = 2nd, 8 = 3rd, 16 = 4th, 32 = 5th, 64 = 6th. (Family-level description - specific use not individually confirmed.)

HOW THE ECU USES IT: looked up by FUN_756ec; X input = Gear position bitmask (1=N, 2=1st ... 0x40=6th) from GP sensor ADC ch2E (RAM 0xFEF026C2).

AXES: X axis: 7 points, 1.00 to 64.0 gear bit.

VALUES (stock 5JCZSJ40): 1311 to 3015 raw.

REFERENCE: data @0x18E064, X axis @0x18E054, descriptor @0x18DD28, code FUN_756ec."
Gear :: Curve [Gear] 7pt FUN_756ec #2E6,Gear Dependent; Unidentified - Cluster D (IDs 0x1D9-0x2EE),0x18E084,"Gear-dependent setting. The gear axis is a bitmask: 1 = Neutral, 2 = 1st, 4 = 2nd, 8 = 3rd, 16 = 4th, 32 = 5th, 64 = 6th. (Family-level description - specific use not individually confirmed.)","Gear-dependent setting. The gear axis is a bitmask: 1 = Neutral, 2 = 1st, 4 = 2nd, 8 = 3rd, 16 = 4th, 32 = 5th, 64 = 6th. (Family-level description - specific use not individually confirmed.)

HOW THE ECU USES IT: looked up by FUN_756ec; X input = Gear position bitmask (1=N, 2=1st ... 0x40=6th) from GP sensor ADC ch2E (RAM 0xFEF026C2).

AXES: X axis: 7 points, 1.00 to 64.0 gear bit.

VALUES (stock 5JCZSJ40): 1311 to 3015 raw.

REFERENCE: data @0x18E084, X axis @0x18E074, descriptor @0x18DD3C, code FUN_756ec."
Lean Angle :: Curve [Lean] 9pt FUN_76de6 #2E7,Lean Angle; Unidentified - Cluster D (IDs 0x1D9-0x2EE),0x18E0A8,"Lean-angle-dependent curve. Input is the IMU bank angle (0 = upright, degrees). Used by the cornering-aware traction control (FUN_4D9DE / FUN_4DDFC choose one of 11 curves, matching TC levels 1-10 plus one). (Family-level description - specific use not individually confirmed.)","Lean-angle-dependent curve. Input is the IMU bank angle (0 = upright, degrees). Used by the cornering-aware traction control (FUN_4D9DE / FUN_4DDFC choose one of 11 curves, matching TC levels 1-10 plus one). (Family-level description - specific use not individually confirmed.)

HOW THE ECU USES IT: looked up by FUN_76de6; X input = Lean (bank) angle magnitude from IMU (0x8000 = upright) (RAM 0xFEF0268E).

AXES: X axis: 9 points, 0.00 to 60.0 deg (est.).

VALUES (stock 5JCZSJ40): 0.00 to 606 raw.

REFERENCE: data @0x18E0A8, X axis @0x18E094, descriptor @0x18DD50, code FUN_76de6."
Lean Angle :: Curve [Lean] 9pt FUN_76de6 #2E8,Lean Angle; Unidentified - Cluster D (IDs 0x1D9-0x2EE),0x18E0D0,"Lean-angle-dependent curve. Input is the IMU bank angle (0 = upright, degrees). Used by the cornering-aware traction control (FUN_4D9DE / FUN_4DDFC choose one of 11 curves, matching TC levels 1-10 plus one). (Family-level description - specific use not individually confirmed.)","Lean-angle-dependent curve. Input is the IMU bank angle (0 = upright, degrees). Used by the cornering-aware traction control (FUN_4D9DE / FUN_4DDFC choose one of 11 curves, matching TC levels 1-10 plus one). (Family-level description - specific use not individually confirmed.)

HOW THE ECU USES IT: looked up by FUN_76de6; X input = Lean (bank) angle magnitude from IMU (0x8000 = upright) (RAM 0xFEF0268E).

AXES: X axis: 9 points, 0.00 to 60.0 deg (est.).

VALUES (stock 5JCZSJ40): 0.00 to 606 raw.

REFERENCE: data @0x18E0D0, X axis @0x18E0BC, descriptor @0x18DD64, code FUN_76de6."
Lean Angle :: Curve [Lean] 9pt FUN_76ea0 #2E9,Lean Angle; Unidentified - Cluster D (IDs 0x1D9-0x2EE),0x18E0F8,"Lean-angle-dependent curve. Input is the IMU bank angle (0 = upright, degrees). Used by the cornering-aware traction control (FUN_4D9DE / FUN_4DDFC choose one of 11 curves, matching TC levels 1-10 plus one). (Family-level description - specific use not individually confirmed.)","Lean-angle-dependent curve. Input is the IMU bank angle (0 = upright, degrees). Used by the cornering-aware traction control (FUN_4D9DE / FUN_4DDFC choose one of 11 curves, matching TC levels 1-10 plus one). (Family-level description - specific use not individually confirmed.)

HOW THE ECU USES IT: looked up by FUN_76ea0; X input = Lean (bank) angle magnitude from IMU (0x8000 = upright) (RAM 0xFEF0268E).

AXES: X axis: 9 points, 0.00 to 60.0 deg (est.).

VALUES (stock 5JCZSJ40): 0.00 to 1132 raw.

REFERENCE: data @0x18E0F8, X axis @0x18E0E4, descriptor @0x18DD78, code FUN_76ea0."
Gear :: Curve [Gear] 7pt FUN_7722c #2EA,Gear Dependent; Unidentified - Cluster D (IDs 0x1D9-0x2EE),0x18E11C,"Gear-dependent setting. The gear axis is a bitmask: 1 = Neutral, 2 = 1st, 4 = 2nd, 8 = 3rd, 16 = 4th, 32 = 5th, 64 = 6th. (Family-level description - specific use not individually confirmed.)","Gear-dependent setting. The gear axis is a bitmask: 1 = Neutral, 2 = 1st, 4 = 2nd, 8 = 3rd, 16 = 4th, 32 = 5th, 64 = 6th. (Family-level description - specific use not individually confirmed.)

HOW THE ECU USES IT: looked up by FUN_7722c; X input = Gear position bitmask (1=N, 2=1st ... 0x40=6th) from GP sensor ADC ch2E (RAM 0xFEF026C2).

AXES: X axis: 7 points, 1.00 to 64.0 gear bit.

VALUES (stock 5JCZSJ40): 1068 to 2678 raw.

REFERENCE: data @0x18E11C, X axis @0x18E10C, descriptor @0x18DD8C, code FUN_7722c."
Cluster D :: Curve [RPM] 14pt FUN_77568 #2EB,Unidentified - Cluster D (IDs 0x1D9-0x2EE),0x18DDBC,Function not yet identified. Name reflects the inputs the code feeds this table.,"Function not yet identified. Name reflects the inputs the code feeds this table.

HOW THE ECU USES IT: looked up by FUN_77568; X input = CALL(919b6).

AXES: X axis: 14 points, 1500 to 14000 RPM.

VALUES (stock 5JCZSJ40): 1026 to 1047 raw.

REFERENCE: data @0x18DDBC, X axis @0x18DDA0, descriptor @0x18DDD8, code FUN_77568."
Cluster D :: Curve [RAM_fef0296a] 37pt FUN_7a43e #2EC,Unidentified - Cluster D (IDs 0x1D9-0x2EE),0x18E220,Function not yet identified. Name reflects the inputs the code feeds this table.,"Function not yet identified. Name reflects the inputs the code feeds this table.

HOW THE ECU USES IT: looked up by FUN_7a43e; X input = RAM 0xfef0296a.

AXES: X axis: 37 points, 22769 to 42768 raw.

VALUES (stock 5JCZSJ40): 16384 to 49152 raw.

REFERENCE: data @0x18E220, X axis @0x18E1D4, descriptor @0x18DDEC, code FUN_7a43e."
Cluster D :: Curve [RAM_fef0296c] 37pt FUN_7a43e #2ED,Unidentified - Cluster D (IDs 0x1D9-0x2EE),0x18E2B8,Function not yet identified. Name reflects the inputs the code feeds this table.,"Function not yet identified. Name reflects the inputs the code feeds this table.

HOW THE ECU USES IT: looked up by FUN_7a43e; X input = RAM 0xfef0296c.

AXES: X axis: 37 points, 22769 to 42768 raw.

VALUES (stock 5JCZSJ40): 32768 to 65535 raw.

REFERENCE: data @0x18E2B8, X axis @0x18E26C, descriptor @0x18DE00, code FUN_7a43e."
Cluster D :: Curve [RAM_fef0268c] 37pt FUN_7a0d6 #2EE,Unidentified - Cluster D (IDs 0x1D9-0x2EE),0x18E350,Function not yet identified. Name reflects the inputs the code feeds this table.,"Function not yet identified. Name reflects the inputs the code feeds this table.

HOW THE ECU USES IT: looked up by FUN_7a0d6; X input = RAM 0xfef0268c.

AXES: X axis: 37 points, 16384 to 49152 raw.

VALUES (stock 5JCZSJ40): 22769 to 42768 raw.

REFERENCE: data @0x18E350, X axis @0x18E304, descriptor @0x18DE14, code FUN_7a0d6."
Cluster D :: Curve [RAM_fef0094e] 37pt FUN_29d18 #2EF,Unidentified - Cluster D (IDs 0x1D9-0x2EE),0x18E3E8,Function not yet identified. Name reflects the inputs the code feeds this table.,"Function not yet identified. Name reflects the inputs the code feeds this table.

HOW THE ECU USES IT: looked up by FUN_29d18; X input = RAM 0xfef0094e.

AXES: X axis: 37 points, 32768 to 65535 raw.

VALUES (stock 5JCZSJ40): 22769 to 42768 raw.

REFERENCE: data @0x18E3E8, X axis @0x18E39C, descriptor @0x18DE28, code FUN_29d18."
ETV - Helper 1,Throttle By Wire; Other ETV Maps,0x18E4C8,Small curve/map stored just before the ETV block; used in throttle-by-wire set-up (axis/limit helper). Function unconfirmed. (Family-level description - specific use not individually confirmed.),"Small curve/map stored just before the ETV block; used in throttle-by-wire set-up (axis/limit helper). Function unconfirmed. (Family-level description - specific use not individually confirmed.)

HOW THE ECU USES IT: looked up by FUN_7a7ca; X input = RAM 0xfef0268c; Y input = RAM 0xfef02978.

AXES: X axis: 37 points, 16384 to 49152 raw; Y axis: 36 points, 0.00 to 105 deg (TP angle).

VALUES (stock 5JCZSJ40): 0.00 to 65535 raw.

REFERENCE: data @0x18E4C8, X axis @0x18E434, Y axis @0x18E480, descriptor @0x18DE3C, code FUN_7a7ca."
ETV - Helper 2,Throttle By Wire; Other ETV Maps; Flat Maps (unused/disabled?),0x18E150,Small curve/map stored just before the ETV block; used in throttle-by-wire set-up (axis/limit helper). Function unconfirmed. (Family-level description - specific use not individually confirmed.),"Small curve/map stored just before the ETV block; used in throttle-by-wire set-up (axis/limit helper). Function unconfirmed. (Family-level description - specific use not individually confirmed.)

HOW THE ECU USES IT: looked up by FUN_7a0d6; X input = RAM 0xfef02690.

AXES: X axis: 17 points, 0.00 to 14563 raw.

VALUES (stock 5JCZSJ40): 32768 to 32768 raw - every cell is the same (32768), so the function is probably disabled or unused in this calibration.

REFERENCE: data @0x18E150, X axis @0x18E12C, descriptor @0x18DE58, code FUN_7a0d6."
ETV - Helper 3,Throttle By Wire; Other ETV Maps,0x18FD9C,Small curve/map stored just before the ETV block; used in throttle-by-wire set-up (axis/limit helper). Function unconfirmed. (Family-level description - specific use not individually confirmed.),"Small curve/map stored just before the ETV block; used in throttle-by-wire set-up (axis/limit helper). Function unconfirmed. (Family-level description - specific use not individually confirmed.)

HOW THE ECU USES IT: looked up by FUN_7cbac; X input = Engine coolant temperature (ADC ch2D), 8-bit (RAM 0xFEF026BD).

AXES: X axis: 14 points, -15.0 to 180 deg C.

VALUES (stock 5JCZSJ40): 0.00 to 128 raw.

REFERENCE: data @0x18FD9C, X axis @0x18FD8C, descriptor @0x18F2CC, code FUN_7cbac."
ETV - Helper 4,Throttle By Wire; Other ETV Maps; Flat Maps (unused/disabled?),0x190AAC,Small curve/map stored just before the ETV block; used in throttle-by-wire set-up (axis/limit helper). Function unconfirmed. (Family-level description - specific use not individually confirmed.),"Small curve/map stored just before the ETV block; used in throttle-by-wire set-up (axis/limit helper). Function unconfirmed. (Family-level description - specific use not individually confirmed.)

HOW THE ECU USES IT: looked up by FUN_7cea6; X input = Engine speed (variant) (RAM 0xFEF02590).

AXES: X axis: 39 points, 800 to 16000 RPM.

VALUES (stock 5JCZSJ40): 45351 to 45351 raw - every cell is the same (45351), so the function is probably disabled or unused in this calibration.

REFERENCE: data @0x190AAC, X axis @0x190A5C, descriptor @0x18F2E0, code FUN_7cea6."
ETV - Helper 5,Throttle By Wire; Other ETV Maps,0x18FDB8,Small curve/map stored just before the ETV block; used in throttle-by-wire set-up (axis/limit helper). Function unconfirmed. (Family-level description - specific use not individually confirmed.),"Small curve/map stored just before the ETV block; used in throttle-by-wire set-up (axis/limit helper). Function unconfirmed. (Family-level description - specific use not individually confirmed.)

HOW THE ECU USES IT: looked up by FUN_7b5d8; X input = RAM 0xfef025f8.

AXES: X axis: 5 points, 512 to 921 raw.

VALUES (stock 5JCZSJ40): 100 to 179 raw.

REFERENCE: data @0x18FDB8, X axis @0x18FDAC, descriptor @0x18F2F4, code FUN_7b5d8."
ETV - Helper 6,Throttle By Wire; Other ETV Maps; Flat Maps (unused/disabled?),0x18FDD0,Small curve/map stored just before the ETV block; used in throttle-by-wire set-up (axis/limit helper). Function unconfirmed. (Family-level description - specific use not individually confirmed.),"Small curve/map stored just before the ETV block; used in throttle-by-wire set-up (axis/limit helper). Function unconfirmed. (Family-level description - specific use not individually confirmed.)

HOW THE ECU USES IT: looked up by FUN_7af06; X input = RAM 0xfef02a2e.

AXES: X axis: 5 points, 32781 to 33554 raw.

VALUES (stock 5JCZSJ40): 32768 to 32768 raw - every cell is the same (32768), so the function is probably disabled or unused in this calibration.

REFERENCE: data @0x18FDD0, X axis @0x18FDC4, descriptor @0x18F308, code FUN_7af06."
ETV - Helper 7,Throttle By Wire; Other ETV Maps; Flat Maps (unused/disabled?),0x190A0C,Small curve/map stored just before the ETV block; used in throttle-by-wire set-up (axis/limit helper). Function unconfirmed. (Family-level description - specific use not individually confirmed.),"Small curve/map stored just before the ETV block; used in throttle-by-wire set-up (axis/limit helper). Function unconfirmed. (Family-level description - specific use not individually confirmed.)

HOW THE ECU USES IT: looked up by FUN_7b42e; X input = Engine speed (variant) (RAM 0xFEF02590).

AXES: X axis: 39 points, 800 to 16000 RPM.

VALUES (stock 5JCZSJ40): 0.00 to 0.00 raw - every cell is the same (0.00), so the function is probably disabled or unused in this calibration.

REFERENCE: data @0x190A0C, X axis @0x190AFC, descriptor @0x18F31C, code FUN_7b42e."
ETV - Helper 8,Throttle By Wire; Other ETV Maps; Flat Maps (unused/disabled?),0x190A34,Small curve/map stored just before the ETV block; used in throttle-by-wire set-up (axis/limit helper). Function unconfirmed. (Family-level description - specific use not individually confirmed.),"Small curve/map stored just before the ETV block; used in throttle-by-wire set-up (axis/limit helper). Function unconfirmed. (Family-level description - specific use not individually confirmed.)

HOW THE ECU USES IT: looked up by FUN_7b42e; X input = Engine speed (variant) (RAM 0xFEF02590).

AXES: X axis: 39 points, 800 to 16000 RPM.

VALUES (stock 5JCZSJ40): 0.00 to 0.00 raw - every cell is the same (0.00), so the function is probably disabled or unused in this calibration.

REFERENCE: data @0x190A34, X axis @0x190B4C, descriptor @0x18F330, code FUN_7b42e."
ETV - PWR 1 | Neutral,Throttle By Wire; PWR-1,0x190BEC,"Throttle-by-wire target map for Power Mode 1, neutral: converts grip (accelerator) angle and RPM into the throttle-valve angle the ECU drives the throttle motor to.","Throttle-by-wire target map for Power Mode 1, neutral: converts grip (accelerator) angle and RPM into the throttle-valve angle the ECU drives the throttle motor to.

HOW THE ECU USES IT: FUN_7C4CE picks the map from pointer table 0x1AD7A4[gear*6 + slot] (gear: N=0..6th=6). The slot comes from per-gear selector bytes 0x18F13A-0x18F155 using the power mode of the active ride mode; stock: PWR 1 -> slot 1, PWR 2 -> slot 2, PWR 3 (and 4) -> slot 3; this map is slot 1. Ride mode presets at 0x18F120 (A), 0x18F127 (B), 0x18F12E (C) set PW = 1/2/3. The result can be further capped by the ETV Limit maps (min()).

AXES: X axis: 23 points, 0.00 to 107 deg (abs. accel angle); Y axis: 39 points, 400 to 15600 RPM.

VALUES (stock 5JCZSJ40): 0.00 to 122 target throttle angle (deg).

TUNING NOTES: Values are target throttle angle in degrees (same scale as the SDS absolute throttle angle; ~118 deg is wide open). Raising cells opens the throttle further for the same grip input - this changes power delivery and is also capped by the limit maps and traction control.

CONFIDENCE: Selection logic confirmed from code. Was ""ETV - Mode A | Neutral/Clutch-In"" in the DanCycles naming (their Mode A/B/C = Power mode 1/2/3).

REFERENCE: data @0x190BEC, X axis @0x18FDDC, Y axis @0x190B9C, descriptor @0x18F344, code FUN_7c4ce."
ETV - PWR 1 | Gear 1,Throttle By Wire; PWR-1,0x191340,"Throttle-by-wire target map for Power Mode 1, gear 1: converts grip (accelerator) angle and RPM into the throttle-valve angle the ECU drives the throttle motor to.","Throttle-by-wire target map for Power Mode 1, gear 1: converts grip (accelerator) angle and RPM into the throttle-valve angle the ECU drives the throttle motor to.

HOW THE ECU USES IT: FUN_7C4CE picks the map from pointer table 0x1AD7A4[gear*6 + slot] (gear: N=0..6th=6). The slot comes from per-gear selector bytes 0x18F13A-0x18F155 using the power mode of the active ride mode; stock: PWR 1 -> slot 1, PWR 2 -> slot 2, PWR 3 (and 4) -> slot 3; this map is slot 1. Ride mode presets at 0x18F120 (A), 0x18F127 (B), 0x18F12E (C) set PW = 1/2/3. The result can be further capped by the ETV Limit maps (min()).

AXES: X axis: 23 points, 0.00 to 107 deg (abs. accel angle); Y axis: 39 points, 800 to 16000 RPM.

VALUES (stock 5JCZSJ40): 0.00 to 122 target throttle angle (deg).

TUNING NOTES: Values are target throttle angle in degrees (same scale as the SDS absolute throttle angle; ~118 deg is wide open). Raising cells opens the throttle further for the same grip input - this changes power delivery and is also capped by the limit maps and traction control.

CONFIDENCE: Selection logic confirmed from code. Was ""ETV - Mode A | Gear 1"" in the DanCycles naming (their Mode A/B/C = Power mode 1/2/3).

REFERENCE: data @0x191340, X axis @0x18FE0C, Y axis @0x1912F0, descriptor @0x18F360, code FUN_7c4ce."
ETV - PWR 1 | Gear 2,Throttle By Wire; PWR-1,0x191A94,"Throttle-by-wire target map for Power Mode 1, gear 2: converts grip (accelerator) angle and RPM into the throttle-valve angle the ECU drives the throttle motor to.","Throttle-by-wire target map for Power Mode 1, gear 2: converts grip (accelerator) angle and RPM into the throttle-valve angle the ECU drives the throttle motor to.

HOW THE ECU USES IT: FUN_7C4CE picks the map from pointer table 0x1AD7A4[gear*6 + slot] (gear: N=0..6th=6). The slot comes from per-gear selector bytes 0x18F13A-0x18F155 using the power mode of the active ride mode; stock: PWR 1 -> slot 1, PWR 2 -> slot 2, PWR 3 (and 4) -> slot 3; this map is slot 1. Ride mode presets at 0x18F120 (A), 0x18F127 (B), 0x18F12E (C) set PW = 1/2/3. The result can be further capped by the ETV Limit maps (min()).

AXES: X axis: 23 points, 0.00 to 107 deg (abs. accel angle); Y axis: 39 points, 800 to 16000 RPM.

VALUES (stock 5JCZSJ40): 0.00 to 122 target throttle angle (deg).

TUNING NOTES: Values are target throttle angle in degrees (same scale as the SDS absolute throttle angle; ~118 deg is wide open). Raising cells opens the throttle further for the same grip input - this changes power delivery and is also capped by the limit maps and traction control.

CONFIDENCE: Selection logic confirmed from code. Was ""ETV - Mode A | Gear 2"" in the DanCycles naming (their Mode A/B/C = Power mode 1/2/3).

REFERENCE: data @0x191A94, X axis @0x18FE3C, Y axis @0x191A44, descriptor @0x18F37C, code FUN_7c4ce."
ETV - PWR 1 | Gear 3,Throttle By Wire; PWR-1,0x1921E8,"Throttle-by-wire target map for Power Mode 1, gear 3: converts grip (accelerator) angle and RPM into the throttle-valve angle the ECU drives the throttle motor to.","Throttle-by-wire target map for Power Mode 1, gear 3: converts grip (accelerator) angle and RPM into the throttle-valve angle the ECU drives the throttle motor to.

HOW THE ECU USES IT: FUN_7C4CE picks the map from pointer table 0x1AD7A4[gear*6 + slot] (gear: N=0..6th=6). The slot comes from per-gear selector bytes 0x18F13A-0x18F155 using the power mode of the active ride mode; stock: PWR 1 -> slot 1, PWR 2 -> slot 2, PWR 3 (and 4) -> slot 3; this map is slot 1. Ride mode presets at 0x18F120 (A), 0x18F127 (B), 0x18F12E (C) set PW = 1/2/3. The result can be further capped by the ETV Limit maps (min()).

AXES: X axis: 23 points, 0.00 to 107 deg (abs. accel angle); Y axis: 39 points, 800 to 16000 RPM.

VALUES (stock 5JCZSJ40): 0.00 to 122 target throttle angle (deg).

TUNING NOTES: Values are target throttle angle in degrees (same scale as the SDS absolute throttle angle; ~118 deg is wide open). Raising cells opens the throttle further for the same grip input - this changes power delivery and is also capped by the limit maps and traction control.

CONFIDENCE: Selection logic confirmed from code. Was ""ETV - Mode A | Gear 3"" in the DanCycles naming (their Mode A/B/C = Power mode 1/2/3).

REFERENCE: data @0x1921E8, X axis @0x18FE6C, Y axis @0x192198, descriptor @0x18F398, code FUN_7c4ce."
ETV - PWR 1 | Gear 4,Throttle By Wire; PWR-1,0x19293C,"Throttle-by-wire target map for Power Mode 1, gear 4: converts grip (accelerator) angle and RPM into the throttle-valve angle the ECU drives the throttle motor to.","Throttle-by-wire target map for Power Mode 1, gear 4: converts grip (accelerator) angle and RPM into the throttle-valve angle the ECU drives the throttle motor to.

HOW THE ECU USES IT: FUN_7C4CE picks the map from pointer table 0x1AD7A4[gear*6 + slot] (gear: N=0..6th=6). The slot comes from per-gear selector bytes 0x18F13A-0x18F155 using the power mode of the active ride mode; stock: PWR 1 -> slot 1, PWR 2 -> slot 2, PWR 3 (and 4) -> slot 3; this map is slot 1. Ride mode presets at 0x18F120 (A), 0x18F127 (B), 0x18F12E (C) set PW = 1/2/3. The result can be further capped by the ETV Limit maps (min()).

AXES: X axis: 23 points, 0.00 to 107 deg (abs. accel angle); Y axis: 39 points, 800 to 16000 RPM.

VALUES (stock 5JCZSJ40): 0.00 to 122 target throttle angle (deg).

TUNING NOTES: Values are target throttle angle in degrees (same scale as the SDS absolute throttle angle; ~118 deg is wide open). Raising cells opens the throttle further for the same grip input - this changes power delivery and is also capped by the limit maps and traction control.

CONFIDENCE: Selection logic confirmed from code. Was ""ETV - Mode A | Gear 4"" in the DanCycles naming (their Mode A/B/C = Power mode 1/2/3).

REFERENCE: data @0x19293C, X axis @0x18FE9C, Y axis @0x1928EC, descriptor @0x18F3B4, code FUN_7c4ce."
ETV - PWR 1 | Gear 5,Throttle By Wire; PWR-1,0x193090,"Throttle-by-wire target map for Power Mode 1, gear 5: converts grip (accelerator) angle and RPM into the throttle-valve angle the ECU drives the throttle motor to.","Throttle-by-wire target map for Power Mode 1, gear 5: converts grip (accelerator) angle and RPM into the throttle-valve angle the ECU drives the throttle motor to.

HOW THE ECU USES IT: FUN_7C4CE picks the map from pointer table 0x1AD7A4[gear*6 + slot] (gear: N=0..6th=6). The slot comes from per-gear selector bytes 0x18F13A-0x18F155 using the power mode of the active ride mode; stock: PWR 1 -> slot 1, PWR 2 -> slot 2, PWR 3 (and 4) -> slot 3; this map is slot 1. Ride mode presets at 0x18F120 (A), 0x18F127 (B), 0x18F12E (C) set PW = 1/2/3. The result can be further capped by the ETV Limit maps (min()).

AXES: X axis: 23 points, 0.00 to 107 deg (abs. accel angle); Y axis: 39 points, 800 to 16000 RPM.

VALUES (stock 5JCZSJ40): 0.00 to 122 target throttle angle (deg).

TUNING NOTES: Values are target throttle angle in degrees (same scale as the SDS absolute throttle angle; ~118 deg is wide open). Raising cells opens the throttle further for the same grip input - this changes power delivery and is also capped by the limit maps and traction control.

CONFIDENCE: Selection logic confirmed from code. Was ""ETV - Mode A | Gear 5"" in the DanCycles naming (their Mode A/B/C = Power mode 1/2/3).

REFERENCE: data @0x193090, X axis @0x18FECC, Y axis @0x193040, descriptor @0x18F3D0, code FUN_7c4ce."
ETV - PWR 1 | Gear 6,Throttle By Wire; PWR-1,0x1937E4,"Throttle-by-wire target map for Power Mode 1, gear 6: converts grip (accelerator) angle and RPM into the throttle-valve angle the ECU drives the throttle motor to.","Throttle-by-wire target map for Power Mode 1, gear 6: converts grip (accelerator) angle and RPM into the throttle-valve angle the ECU drives the throttle motor to.

HOW THE ECU USES IT: FUN_7C4CE picks the map from pointer table 0x1AD7A4[gear*6 + slot] (gear: N=0..6th=6). The slot comes from per-gear selector bytes 0x18F13A-0x18F155 using the power mode of the active ride mode; stock: PWR 1 -> slot 1, PWR 2 -> slot 2, PWR 3 (and 4) -> slot 3; this map is slot 1. Ride mode presets at 0x18F120 (A), 0x18F127 (B), 0x18F12E (C) set PW = 1/2/3. The result can be further capped by the ETV Limit maps (min()).

AXES: X axis: 23 points, 0.00 to 107 deg (abs. accel angle); Y axis: 39 points, 800 to 16000 RPM.

VALUES (stock 5JCZSJ40): 0.00 to 122 target throttle angle (deg).

TUNING NOTES: Values are target throttle angle in degrees (same scale as the SDS absolute throttle angle; ~118 deg is wide open). Raising cells opens the throttle further for the same grip input - this changes power delivery and is also capped by the limit maps and traction control.

CONFIDENCE: Selection logic confirmed from code. Was ""ETV - Mode A | Gear 6"" in the DanCycles naming (their Mode A/B/C = Power mode 1/2/3).

REFERENCE: data @0x1937E4, X axis @0x18FEFC, Y axis @0x193794, descriptor @0x18F3EC, code FUN_7c4ce."
ETV - PWR 2 | Neutral,Throttle By Wire; PWR-2,0x193F38,"Throttle-by-wire target map for Power Mode 2, neutral: converts grip (accelerator) angle and RPM into the throttle-valve angle the ECU drives the throttle motor to.","Throttle-by-wire target map for Power Mode 2, neutral: converts grip (accelerator) angle and RPM into the throttle-valve angle the ECU drives the throttle motor to.

HOW THE ECU USES IT: FUN_7C4CE picks the map from pointer table 0x1AD7A4[gear*6 + slot] (gear: N=0..6th=6). The slot comes from per-gear selector bytes 0x18F13A-0x18F155 using the power mode of the active ride mode; stock: PWR 1 -> slot 1, PWR 2 -> slot 2, PWR 3 (and 4) -> slot 3; this map is slot 2. Ride mode presets at 0x18F120 (A), 0x18F127 (B), 0x18F12E (C) set PW = 1/2/3. The result can be further capped by the ETV Limit maps (min()).

AXES: X axis: 23 points, 0.00 to 107 deg (abs. accel angle); Y axis: 39 points, 400 to 15600 RPM.

VALUES (stock 5JCZSJ40): 0.00 to 122 target throttle angle (deg).

TUNING NOTES: Values are target throttle angle in degrees (same scale as the SDS absolute throttle angle; ~118 deg is wide open). Raising cells opens the throttle further for the same grip input - this changes power delivery and is also capped by the limit maps and traction control.

CONFIDENCE: Selection logic confirmed from code. Was ""ETV - Mode B | Neutral/Clutch-In"" in the DanCycles naming (their Mode A/B/C = Power mode 1/2/3).

REFERENCE: data @0x193F38, X axis @0x18FF2C, Y axis @0x193EE8, descriptor @0x18F408, code FUN_7c4ce."
ETV - PWR 2 | Gear 1,Throttle By Wire; PWR-2,0x19468C,"Throttle-by-wire target map for Power Mode 2, gear 1: converts grip (accelerator) angle and RPM into the throttle-valve angle the ECU drives the throttle motor to.","Throttle-by-wire target map for Power Mode 2, gear 1: converts grip (accelerator) angle and RPM into the throttle-valve angle the ECU drives the throttle motor to.

HOW THE ECU USES IT: FUN_7C4CE picks the map from pointer table 0x1AD7A4[gear*6 + slot] (gear: N=0..6th=6). The slot comes from per-gear selector bytes 0x18F13A-0x18F155 using the power mode of the active ride mode; stock: PWR 1 -> slot 1, PWR 2 -> slot 2, PWR 3 (and 4) -> slot 3; this map is slot 2. Ride mode presets at 0x18F120 (A), 0x18F127 (B), 0x18F12E (C) set PW = 1/2/3. The result can be further capped by the ETV Limit maps (min()).

AXES: X axis: 23 points, 0.00 to 107 deg (abs. accel angle); Y axis: 39 points, 800 to 16000 RPM.

VALUES (stock 5JCZSJ40): 0.00 to 122 target throttle angle (deg).

TUNING NOTES: Values are target throttle angle in degrees (same scale as the SDS absolute throttle angle; ~118 deg is wide open). Raising cells opens the throttle further for the same grip input - this changes power delivery and is also capped by the limit maps and traction control.

CONFIDENCE: Selection logic confirmed from code. Was ""ETV - Mode B | Gear 1"" in the DanCycles naming (their Mode A/B/C = Power mode 1/2/3).

REFERENCE: data @0x19468C, X axis @0x18FF5C, Y axis @0x19463C, descriptor @0x18F424, code FUN_7c4ce."
ETV - PWR 2 | Gear 2,Throttle By Wire; PWR-2,0x194DE0,"Throttle-by-wire target map for Power Mode 2, gear 2: converts grip (accelerator) angle and RPM into the throttle-valve angle the ECU drives the throttle motor to.","Throttle-by-wire target map for Power Mode 2, gear 2: converts grip (accelerator) angle and RPM into the throttle-valve angle the ECU drives the throttle motor to.

HOW THE ECU USES IT: FUN_7C4CE picks the map from pointer table 0x1AD7A4[gear*6 + slot] (gear: N=0..6th=6). The slot comes from per-gear selector bytes 0x18F13A-0x18F155 using the power mode of the active ride mode; stock: PWR 1 -> slot 1, PWR 2 -> slot 2, PWR 3 (and 4) -> slot 3; this map is slot 2. Ride mode presets at 0x18F120 (A), 0x18F127 (B), 0x18F12E (C) set PW = 1/2/3. The result can be further capped by the ETV Limit maps (min()).

AXES: X axis: 23 points, 0.00 to 107 deg (abs. accel angle); Y axis: 39 points, 800 to 16000 RPM.

VALUES (stock 5JCZSJ40): 0.00 to 122 target throttle angle (deg).

TUNING NOTES: Values are target throttle angle in degrees (same scale as the SDS absolute throttle angle; ~118 deg is wide open). Raising cells opens the throttle further for the same grip input - this changes power delivery and is also capped by the limit maps and traction control.

CONFIDENCE: Selection logic confirmed from code. Was ""ETV - Mode B | Gear 2"" in the DanCycles naming (their Mode A/B/C = Power mode 1/2/3).

REFERENCE: data @0x194DE0, X axis @0x18FF8C, Y axis @0x194D90, descriptor @0x18F440, code FUN_7c4ce."
ETV - PWR 2 | Gear 3,Throttle By Wire; PWR-2,0x195534,"Throttle-by-wire target map for Power Mode 2, gear 3: converts grip (accelerator) angle and RPM into the throttle-valve angle the ECU drives the throttle motor to.","Throttle-by-wire target map for Power Mode 2, gear 3: converts grip (accelerator) angle and RPM into the throttle-valve angle the ECU drives the throttle motor to.

HOW THE ECU USES IT: FUN_7C4CE picks the map from pointer table 0x1AD7A4[gear*6 + slot] (gear: N=0..6th=6). The slot comes from per-gear selector bytes 0x18F13A-0x18F155 using the power mode of the active ride mode; stock: PWR 1 -> slot 1, PWR 2 -> slot 2, PWR 3 (and 4) -> slot 3; this map is slot 2. Ride mode presets at 0x18F120 (A), 0x18F127 (B), 0x18F12E (C) set PW = 1/2/3. The result can be further capped by the ETV Limit maps (min()).

AXES: X axis: 23 points, 0.00 to 107 deg (abs. accel angle); Y axis: 39 points, 800 to 16000 RPM.

VALUES (stock 5JCZSJ40): 0.00 to 122 target throttle angle (deg).

TUNING NOTES: Values are target throttle angle in degrees (same scale as the SDS absolute throttle angle; ~118 deg is wide open). Raising cells opens the throttle further for the same grip input - this changes power delivery and is also capped by the limit maps and traction control.

CONFIDENCE: Selection logic confirmed from code. Was ""ETV - Mode B | Gear 3"" in the DanCycles naming (their Mode A/B/C = Power mode 1/2/3).

REFERENCE: data @0x195534, X axis @0x18FFBC, Y axis @0x1954E4, descriptor @0x18F45C, code FUN_7c4ce."
ETV - PWR 2 | Gear 4,Throttle By Wire; PWR-2,0x195C88,"Throttle-by-wire target map for Power Mode 2, gear 4: converts grip (accelerator) angle and RPM into the throttle-valve angle the ECU drives the throttle motor to.","Throttle-by-wire target map for Power Mode 2, gear 4: converts grip (accelerator) angle and RPM into the throttle-valve angle the ECU drives the throttle motor to.

HOW THE ECU USES IT: FUN_7C4CE picks the map from pointer table 0x1AD7A4[gear*6 + slot] (gear: N=0..6th=6). The slot comes from per-gear selector bytes 0x18F13A-0x18F155 using the power mode of the active ride mode; stock: PWR 1 -> slot 1, PWR 2 -> slot 2, PWR 3 (and 4) -> slot 3; this map is slot 2. Ride mode presets at 0x18F120 (A), 0x18F127 (B), 0x18F12E (C) set PW = 1/2/3. The result can be further capped by the ETV Limit maps (min()).

AXES: X axis: 23 points, 0.00 to 107 deg (abs. accel angle); Y axis: 39 points, 800 to 16000 RPM.

VALUES (stock 5JCZSJ40): 0.00 to 122 target throttle angle (deg).

TUNING NOTES: Values are target throttle angle in degrees (same scale as the SDS absolute throttle angle; ~118 deg is wide open). Raising cells opens the throttle further for the same grip input - this changes power delivery and is also capped by the limit maps and traction control.

CONFIDENCE: Selection logic confirmed from code. Was ""ETV - Mode B | Gear 4"" in the DanCycles naming (their Mode A/B/C = Power mode 1/2/3).

REFERENCE: data @0x195C88, X axis @0x18FFEC, Y axis @0x195C38, descriptor @0x18F478, code FUN_7c4ce."
ETV - PWR 2 | Gear 5,Throttle By Wire; PWR-2,0x1963DC,"Throttle-by-wire target map for Power Mode 2, gear 5: converts grip (accelerator) angle and RPM into the throttle-valve angle the ECU drives the throttle motor to.","Throttle-by-wire target map for Power Mode 2, gear 5: converts grip (accelerator) angle and RPM into the throttle-valve angle the ECU drives the throttle motor to.

HOW THE ECU USES IT: FUN_7C4CE picks the map from pointer table 0x1AD7A4[gear*6 + slot] (gear: N=0..6th=6). The slot comes from per-gear selector bytes 0x18F13A-0x18F155 using the power mode of the active ride mode; stock: PWR 1 -> slot 1, PWR 2 -> slot 2, PWR 3 (and 4) -> slot 3; this map is slot 2. Ride mode presets at 0x18F120 (A), 0x18F127 (B), 0x18F12E (C) set PW = 1/2/3. The result can be further capped by the ETV Limit maps (min()).

AXES: X axis: 23 points, 0.00 to 107 deg (abs. accel angle); Y axis: 39 points, 800 to 16000 RPM.

VALUES (stock 5JCZSJ40): 0.00 to 122 target throttle angle (deg).

TUNING NOTES: Values are target throttle angle in degrees (same scale as the SDS absolute throttle angle; ~118 deg is wide open). Raising cells opens the throttle further for the same grip input - this changes power delivery and is also capped by the limit maps and traction control.

CONFIDENCE: Selection logic confirmed from code. Was ""ETV - Mode B | Gear 5"" in the DanCycles naming (their Mode A/B/C = Power mode 1/2/3).

REFERENCE: data @0x1963DC, X axis @0x19001C, Y axis @0x19638C, descriptor @0x18F494, code FUN_7c4ce."
ETV - PWR 2 | Gear 6,Throttle By Wire; PWR-2,0x196B30,"Throttle-by-wire target map for Power Mode 2, gear 6: converts grip (accelerator) angle and RPM into the throttle-valve angle the ECU drives the throttle motor to.","Throttle-by-wire target map for Power Mode 2, gear 6: converts grip (accelerator) angle and RPM into the throttle-valve angle the ECU drives the throttle motor to.

HOW THE ECU USES IT: FUN_7C4CE picks the map from pointer table 0x1AD7A4[gear*6 + slot] (gear: N=0..6th=6). The slot comes from per-gear selector bytes 0x18F13A-0x18F155 using the power mode of the active ride mode; stock: PWR 1 -> slot 1, PWR 2 -> slot 2, PWR 3 (and 4) -> slot 3; this map is slot 2. Ride mode presets at 0x18F120 (A), 0x18F127 (B), 0x18F12E (C) set PW = 1/2/3. The result can be further capped by the ETV Limit maps (min()).

AXES: X axis: 23 points, 0.00 to 107 deg (abs. accel angle); Y axis: 39 points, 800 to 16000 RPM.

VALUES (stock 5JCZSJ40): 0.00 to 122 target throttle angle (deg).

TUNING NOTES: Values are target throttle angle in degrees (same scale as the SDS absolute throttle angle; ~118 deg is wide open). Raising cells opens the throttle further for the same grip input - this changes power delivery and is also capped by the limit maps and traction control.

CONFIDENCE: Selection logic confirmed from code. Was ""ETV - Mode B | Gear 6"" in the DanCycles naming (their Mode A/B/C = Power mode 1/2/3).

REFERENCE: data @0x196B30, X axis @0x19004C, Y axis @0x196AE0, descriptor @0x18F4B0, code FUN_7c4ce."
ETV - PWR 3 | Neutral,Throttle By Wire; PWR-3,0x197284,"Throttle-by-wire target map for Power Mode 3, neutral: converts grip (accelerator) angle and RPM into the throttle-valve angle the ECU drives the throttle motor to.","Throttle-by-wire target map for Power Mode 3, neutral: converts grip (accelerator) angle and RPM into the throttle-valve angle the ECU drives the throttle motor to.

HOW THE ECU USES IT: FUN_7C4CE picks the map from pointer table 0x1AD7A4[gear*6 + slot] (gear: N=0..6th=6). The slot comes from per-gear selector bytes 0x18F13A-0x18F155 using the power mode of the active ride mode; stock: PWR 1 -> slot 1, PWR 2 -> slot 2, PWR 3 (and 4) -> slot 3; this map is slot 3. Ride mode presets at 0x18F120 (A), 0x18F127 (B), 0x18F12E (C) set PW = 1/2/3. The result can be further capped by the ETV Limit maps (min()).

AXES: X axis: 23 points, 0.00 to 107 deg (abs. accel angle); Y axis: 39 points, 400 to 15600 RPM.

VALUES (stock 5JCZSJ40): 0.00 to 122 target throttle angle (deg).

TUNING NOTES: Values are target throttle angle in degrees (same scale as the SDS absolute throttle angle; ~118 deg is wide open). Raising cells opens the throttle further for the same grip input - this changes power delivery and is also capped by the limit maps and traction control.

CONFIDENCE: Selection logic confirmed from code. Was ""ETV - Mode C | Neutral/Clutch-In"" in the DanCycles naming (their Mode A/B/C = Power mode 1/2/3).

REFERENCE: data @0x197284, X axis @0x19007C, Y axis @0x197234, descriptor @0x18F4CC, code FUN_7c4ce."
ETV - PWR 3 | Gear 1,Throttle By Wire; PWR-3,0x1979D8,"Throttle-by-wire target map for Power Mode 3, gear 1: converts grip (accelerator) angle and RPM into the throttle-valve angle the ECU drives the throttle motor to.","Throttle-by-wire target map for Power Mode 3, gear 1: converts grip (accelerator) angle and RPM into the throttle-valve angle the ECU drives the throttle motor to.

HOW THE ECU USES IT: FUN_7C4CE picks the map from pointer table 0x1AD7A4[gear*6 + slot] (gear: N=0..6th=6). The slot comes from per-gear selector bytes 0x18F13A-0x18F155 using the power mode of the active ride mode; stock: PWR 1 -> slot 1, PWR 2 -> slot 2, PWR 3 (and 4) -> slot 3; this map is slot 3. Ride mode presets at 0x18F120 (A), 0x18F127 (B), 0x18F12E (C) set PW = 1/2/3. The result can be further capped by the ETV Limit maps (min()).

AXES: X axis: 23 points, 0.00 to 107 deg (abs. accel angle); Y axis: 39 points, 800 to 16000 RPM.

VALUES (stock 5JCZSJ40): 0.00 to 63.9 target throttle angle (deg).

TUNING NOTES: Values are target throttle angle in degrees (same scale as the SDS absolute throttle angle; ~118 deg is wide open). Raising cells opens the throttle further for the same grip input - this changes power delivery and is also capped by the limit maps and traction control.

CONFIDENCE: Selection logic confirmed from code. Was ""ETV - Mode C | Gear 1"" in the DanCycles naming (their Mode A/B/C = Power mode 1/2/3).

REFERENCE: data @0x1979D8, X axis @0x1900AC, Y axis @0x197988, descriptor @0x18F4E8, code FUN_7c4ce."
ETV - PWR 3 | Gear 2,Throttle By Wire; PWR-3,0x19812C,"Throttle-by-wire target map for Power Mode 3, gear 2: converts grip (accelerator) angle and RPM into the throttle-valve angle the ECU drives the throttle motor to.","Throttle-by-wire target map for Power Mode 3, gear 2: converts grip (accelerator) angle and RPM into the throttle-valve angle the ECU drives the throttle motor to.

HOW THE ECU USES IT: FUN_7C4CE picks the map from pointer table 0x1AD7A4[gear*6 + slot] (gear: N=0..6th=6). The slot comes from per-gear selector bytes 0x18F13A-0x18F155 using the power mode of the active ride mode; stock: PWR 1 -> slot 1, PWR 2 -> slot 2, PWR 3 (and 4) -> slot 3; this map is slot 3. Ride mode presets at 0x18F120 (A), 0x18F127 (B), 0x18F12E (C) set PW = 1/2/3. The result can be further capped by the ETV Limit maps (min()).

AXES: X axis: 23 points, 0.00 to 107 deg (abs. accel angle); Y axis: 39 points, 800 to 16000 RPM.

VALUES (stock 5JCZSJ40): 0.00 to 74.9 target throttle angle (deg).

TUNING NOTES: Values are target throttle angle in degrees (same scale as the SDS absolute throttle angle; ~118 deg is wide open). Raising cells opens the throttle further for the same grip input - this changes power delivery and is also capped by the limit maps and traction control.

CONFIDENCE: Selection logic confirmed from code. Was ""ETV - Mode C | Gear 2"" in the DanCycles naming (their Mode A/B/C = Power mode 1/2/3).

REFERENCE: data @0x19812C, X axis @0x1900DC, Y axis @0x1980DC, descriptor @0x18F504, code FUN_7c4ce."
ETV - PWR 3 | Gear 3,Throttle By Wire; PWR-3,0x198880,"Throttle-by-wire target map for Power Mode 3, gear 3: converts grip (accelerator) angle and RPM into the throttle-valve angle the ECU drives the throttle motor to.","Throttle-by-wire target map for Power Mode 3, gear 3: converts grip (accelerator) angle and RPM into the throttle-valve angle the ECU drives the throttle motor to.

HOW THE ECU USES IT: FUN_7C4CE picks the map from pointer table 0x1AD7A4[gear*6 + slot] (gear: N=0..6th=6). The slot comes from per-gear selector bytes 0x18F13A-0x18F155 using the power mode of the active ride mode; stock: PWR 1 -> slot 1, PWR 2 -> slot 2, PWR 3 (and 4) -> slot 3; this map is slot 3. Ride mode presets at 0x18F120 (A), 0x18F127 (B), 0x18F12E (C) set PW = 1/2/3. The result can be further capped by the ETV Limit maps (min()).

AXES: X axis: 23 points, 0.00 to 107 deg (abs. accel angle); Y axis: 39 points, 800 to 16000 RPM.

VALUES (stock 5JCZSJ40): 0.00 to 74.9 target throttle angle (deg).

TUNING NOTES: Values are target throttle angle in degrees (same scale as the SDS absolute throttle angle; ~118 deg is wide open). Raising cells opens the throttle further for the same grip input - this changes power delivery and is also capped by the limit maps and traction control.

CONFIDENCE: Selection logic confirmed from code. Was ""ETV - Mode C | Gear 3"" in the DanCycles naming (their Mode A/B/C = Power mode 1/2/3).

REFERENCE: data @0x198880, X axis @0x19010C, Y axis @0x198830, descriptor @0x18F520, code FUN_7c4ce."
ETV - PWR 3 | Gear 4,Throttle By Wire; PWR-3,0x198FD4,"Throttle-by-wire target map for Power Mode 3, gear 4: converts grip (accelerator) angle and RPM into the throttle-valve angle the ECU drives the throttle motor to.","Throttle-by-wire target map for Power Mode 3, gear 4: converts grip (accelerator) angle and RPM into the throttle-valve angle the ECU drives the throttle motor to.

HOW THE ECU USES IT: FUN_7C4CE picks the map from pointer table 0x1AD7A4[gear*6 + slot] (gear: N=0..6th=6). The slot comes from per-gear selector bytes 0x18F13A-0x18F155 using the power mode of the active ride mode; stock: PWR 1 -> slot 1, PWR 2 -> slot 2, PWR 3 (and 4) -> slot 3; this map is slot 3. Ride mode presets at 0x18F120 (A), 0x18F127 (B), 0x18F12E (C) set PW = 1/2/3. The result can be further capped by the ETV Limit maps (min()).

AXES: X axis: 23 points, 0.00 to 107 deg (abs. accel angle); Y axis: 39 points, 800 to 16000 RPM.

VALUES (stock 5JCZSJ40): 0.00 to 74.9 target throttle angle (deg).

TUNING NOTES: Values are target throttle angle in degrees (same scale as the SDS absolute throttle angle; ~118 deg is wide open). Raising cells opens the throttle further for the same grip input - this changes power delivery and is also capped by the limit maps and traction control.

CONFIDENCE: Selection logic confirmed from code. Was ""ETV - Mode C | Gear 4"" in the DanCycles naming (their Mode A/B/C = Power mode 1/2/3).

REFERENCE: data @0x198FD4, X axis @0x19013C, Y axis @0x198F84, descriptor @0x18F53C, code FUN_7c4ce."
ETV - PWR 3 | Gear 5,Throttle By Wire; PWR-3,0x199728,"Throttle-by-wire target map for Power Mode 3, gear 5: converts grip (accelerator) angle and RPM into the throttle-valve angle the ECU drives the throttle motor to.","Throttle-by-wire target map for Power Mode 3, gear 5: converts grip (accelerator) angle and RPM into the throttle-valve angle the ECU drives the throttle motor to.

HOW THE ECU USES IT: FUN_7C4CE picks the map from pointer table 0x1AD7A4[gear*6 + slot] (gear: N=0..6th=6). The slot comes from per-gear selector bytes 0x18F13A-0x18F155 using the power mode of the active ride mode; stock: PWR 1 -> slot 1, PWR 2 -> slot 2, PWR 3 (and 4) -> slot 3; this map is slot 3. Ride mode presets at 0x18F120 (A), 0x18F127 (B), 0x18F12E (C) set PW = 1/2/3. The result can be further capped by the ETV Limit maps (min()).

AXES: X axis: 23 points, 0.00 to 107 deg (abs. accel angle); Y axis: 39 points, 800 to 16000 RPM.

VALUES (stock 5JCZSJ40): 0.00 to 74.9 target throttle angle (deg).

TUNING NOTES: Values are target throttle angle in degrees (same scale as the SDS absolute throttle angle; ~118 deg is wide open). Raising cells opens the throttle further for the same grip input - this changes power delivery and is also capped by the limit maps and traction control.

CONFIDENCE: Selection logic confirmed from code. Was ""ETV - Mode C | Gear 5"" in the DanCycles naming (their Mode A/B/C = Power mode 1/2/3).

REFERENCE: data @0x199728, X axis @0x19016C, Y axis @0x1996D8, descriptor @0x18F558, code FUN_7c4ce."
ETV - PWR 3 | Gear 6,Throttle By Wire; PWR-3,0x199E7C,"Throttle-by-wire target map for Power Mode 3, gear 6: converts grip (accelerator) angle and RPM into the throttle-valve angle the ECU drives the throttle motor to.","Throttle-by-wire target map for Power Mode 3, gear 6: converts grip (accelerator) angle and RPM into the throttle-valve angle the ECU drives the throttle motor to.

HOW THE ECU USES IT: FUN_7C4CE picks the map from pointer table 0x1AD7A4[gear*6 + slot] (gear: N=0..6th=6). The slot comes from per-gear selector bytes 0x18F13A-0x18F155 using the power mode of the active ride mode; stock: PWR 1 -> slot 1, PWR 2 -> slot 2, PWR 3 (and 4) -> slot 3; this map is slot 3. Ride mode presets at 0x18F120 (A), 0x18F127 (B), 0x18F12E (C) set PW = 1/2/3. The result can be further capped by the ETV Limit maps (min()).

AXES: X axis: 23 points, 0.00 to 107 deg (abs. accel angle); Y axis: 39 points, 800 to 16000 RPM.

VALUES (stock 5JCZSJ40): 0.00 to 74.9 target throttle angle (deg).

TUNING NOTES: Values are target throttle angle in degrees (same scale as the SDS absolute throttle angle; ~118 deg is wide open). Raising cells opens the throttle further for the same grip input - this changes power delivery and is also capped by the limit maps and traction control.

CONFIDENCE: Selection logic confirmed from code. Was ""ETV - Mode C | Gear 6"" in the DanCycles naming (their Mode A/B/C = Power mode 1/2/3).

REFERENCE: data @0x199E7C, X axis @0x19019C, Y axis @0x199E2C, descriptor @0x18F574, code FUN_7c4ce."
ETV - Slot 4 | Neutral (unused stock),Throttle By Wire; Other ETV Maps; Unused / Inactive (stock),0x19A5D0,"Throttle-by-wire target map in slot 4 of the 6-slot ETV table, neutral.","Throttle-by-wire target map in slot 4 of the 6-slot ETV table, neutral.

HOW THE ECU USES IT: Same lookup as the PWR maps (FUN_7C4CE, pointer table 0x1AD7A4[gear*6+slot]). The stock per-gear selector bytes 0x18F13A-0x18F155 only ever choose slots 1-3, so slots 4-6 are never selected in this calibration (they may be reserved for another market/model or launch logic).

AXES: X axis: 23 points, 0.00 to 118 deg (abs. accel angle); Y axis: 39 points, 800 to 16000 RPM.

VALUES (stock 5JCZSJ40): 0.00 to 119 throttle angle (deg).

TUNING NOTES: No effect unless a selector byte at 0x18F13A-0x18F155 is changed to 3/4/5 (zero-based slot). Could be used as a custom throttle map by editing the selector - untested.

CONFIDENCE: Confirmed from the pointer table and selector bytes. Was ""ETV - 1"".

REFERENCE: data @0x19A5D0, X axis @0x1901CC, Y axis @0x19A580, descriptor @0x18F590, code FUN_7c4ce."
ETV - Slot 4 | Gear 1 (unused stock),Throttle By Wire; Other ETV Maps; Unused / Inactive (stock),0x19AD24,"Throttle-by-wire target map in slot 4 of the 6-slot ETV table, gear 1.","Throttle-by-wire target map in slot 4 of the 6-slot ETV table, gear 1.

HOW THE ECU USES IT: Same lookup as the PWR maps (FUN_7C4CE, pointer table 0x1AD7A4[gear*6+slot]). The stock per-gear selector bytes 0x18F13A-0x18F155 only ever choose slots 1-3, so slots 4-6 are never selected in this calibration (they may be reserved for another market/model or launch logic).

AXES: X axis: 23 points, 0.00 to 118 deg (abs. accel angle); Y axis: 39 points, 800 to 16000 RPM.

VALUES (stock 5JCZSJ40): 0.00 to 119 throttle angle (deg).

TUNING NOTES: No effect unless a selector byte at 0x18F13A-0x18F155 is changed to 3/4/5 (zero-based slot). Could be used as a custom throttle map by editing the selector - untested.

CONFIDENCE: Confirmed from the pointer table and selector bytes. Was ""ETV - 2"".

REFERENCE: data @0x19AD24, X axis @0x1901FC, Y axis @0x19ACD4, descriptor @0x18F5AC, code FUN_7c4ce."
ETV - Slot 4 | Gear 2 (unused stock),Throttle By Wire; Other ETV Maps; Unused / Inactive (stock),0x19B478,"Throttle-by-wire target map in slot 4 of the 6-slot ETV table, gear 2.","Throttle-by-wire target map in slot 4 of the 6-slot ETV table, gear 2.

HOW THE ECU USES IT: Same lookup as the PWR maps (FUN_7C4CE, pointer table 0x1AD7A4[gear*6+slot]). The stock per-gear selector bytes 0x18F13A-0x18F155 only ever choose slots 1-3, so slots 4-6 are never selected in this calibration (they may be reserved for another market/model or launch logic).

AXES: X axis: 23 points, 0.00 to 118 deg (abs. accel angle); Y axis: 39 points, 800 to 16000 RPM.

VALUES (stock 5JCZSJ40): 0.00 to 119 throttle angle (deg).

TUNING NOTES: No effect unless a selector byte at 0x18F13A-0x18F155 is changed to 3/4/5 (zero-based slot). Could be used as a custom throttle map by editing the selector - untested.

CONFIDENCE: Confirmed from the pointer table and selector bytes. Was ""ETV - 3"".

REFERENCE: data @0x19B478, X axis @0x19022C, Y axis @0x19B428, descriptor @0x18F5C8, code FUN_7c4ce."
ETV - Slot 4 | Gear 3 (unused stock),Throttle By Wire; Other ETV Maps; Unused / Inactive (stock),0x19BBCC,"Throttle-by-wire target map in slot 4 of the 6-slot ETV table, gear 3.","Throttle-by-wire target map in slot 4 of the 6-slot ETV table, gear 3.

HOW THE ECU USES IT: Same lookup as the PWR maps (FUN_7C4CE, pointer table 0x1AD7A4[gear*6+slot]). The stock per-gear selector bytes 0x18F13A-0x18F155 only ever choose slots 1-3, so slots 4-6 are never selected in this calibration (they may be reserved for another market/model or launch logic).

AXES: X axis: 23 points, 0.00 to 118 deg (abs. accel angle); Y axis: 39 points, 800 to 16000 RPM.

VALUES (stock 5JCZSJ40): 0.00 to 119 throttle angle (deg).

TUNING NOTES: No effect unless a selector byte at 0x18F13A-0x18F155 is changed to 3/4/5 (zero-based slot). Could be used as a custom throttle map by editing the selector - untested.

CONFIDENCE: Confirmed from the pointer table and selector bytes. Was ""ETV - 4"".

REFERENCE: data @0x19BBCC, X axis @0x19025C, Y axis @0x19BB7C, descriptor @0x18F5E4, code FUN_7c4ce."
ETV - Slot 4 | Gear 4 (unused stock),Throttle By Wire; Other ETV Maps; Unused / Inactive (stock),0x19C320,"Throttle-by-wire target map in slot 4 of the 6-slot ETV table, gear 4.","Throttle-by-wire target map in slot 4 of the 6-slot ETV table, gear 4.

HOW THE ECU USES IT: Same lookup as the PWR maps (FUN_7C4CE, pointer table 0x1AD7A4[gear*6+slot]). The stock per-gear selector bytes 0x18F13A-0x18F155 only ever choose slots 1-3, so slots 4-6 are never selected in this calibration (they may be reserved for another market/model or launch logic).

AXES: X axis: 23 points, 0.00 to 118 deg (abs. accel angle); Y axis: 39 points, 800 to 16000 RPM.

VALUES (stock 5JCZSJ40): 0.00 to 119 throttle angle (deg).

TUNING NOTES: No effect unless a selector byte at 0x18F13A-0x18F155 is changed to 3/4/5 (zero-based slot). Could be used as a custom throttle map by editing the selector - untested.

CONFIDENCE: Confirmed from the pointer table and selector bytes. Was ""ETV - 5"".

REFERENCE: data @0x19C320, X axis @0x19028C, Y axis @0x19C2D0, descriptor @0x18F600, code FUN_7c4ce."
ETV - Slot 4 | Gear 5 (unused stock),Throttle By Wire; Other ETV Maps; Unused / Inactive (stock),0x19CA74,"Throttle-by-wire target map in slot 4 of the 6-slot ETV table, gear 5.","Throttle-by-wire target map in slot 4 of the 6-slot ETV table, gear 5.

HOW THE ECU USES IT: Same lookup as the PWR maps (FUN_7C4CE, pointer table 0x1AD7A4[gear*6+slot]). The stock per-gear selector bytes 0x18F13A-0x18F155 only ever choose slots 1-3, so slots 4-6 are never selected in this calibration (they may be reserved for another market/model or launch logic).

AXES: X axis: 23 points, 0.00 to 118 deg (abs. accel angle); Y axis: 39 points, 800 to 16000 RPM.

VALUES (stock 5JCZSJ40): 0.00 to 119 throttle angle (deg).

TUNING NOTES: No effect unless a selector byte at 0x18F13A-0x18F155 is changed to 3/4/5 (zero-based slot). Could be used as a custom throttle map by editing the selector - untested.

CONFIDENCE: Confirmed from the pointer table and selector bytes. Was ""ETV - 6"".

REFERENCE: data @0x19CA74, X axis @0x1902BC, Y axis @0x19CA24, descriptor @0x18F61C, code FUN_7c4ce."
ETV - Slot 4 | Gear 6 (unused stock),Throttle By Wire; Other ETV Maps; Unused / Inactive (stock),0x19D1C8,"Throttle-by-wire target map in slot 4 of the 6-slot ETV table, gear 6.","Throttle-by-wire target map in slot 4 of the 6-slot ETV table, gear 6.

HOW THE ECU USES IT: Same lookup as the PWR maps (FUN_7C4CE, pointer table 0x1AD7A4[gear*6+slot]). The stock per-gear selector bytes 0x18F13A-0x18F155 only ever choose slots 1-3, so slots 4-6 are never selected in this calibration (they may be reserved for another market/model or launch logic).

AXES: X axis: 23 points, 0.00 to 118 deg (abs. accel angle); Y axis: 39 points, 800 to 16000 RPM.

VALUES (stock 5JCZSJ40): 0.00 to 119 throttle angle (deg).

TUNING NOTES: No effect unless a selector byte at 0x18F13A-0x18F155 is changed to 3/4/5 (zero-based slot). Could be used as a custom throttle map by editing the selector - untested.

CONFIDENCE: Confirmed from the pointer table and selector bytes. Was ""ETV - 7"".

REFERENCE: data @0x19D1C8, X axis @0x1902EC, Y axis @0x19D178, descriptor @0x18F638, code FUN_7c4ce."
ETV - Slot 5 | Neutral (unused stock),Throttle By Wire; Other ETV Maps; Unused / Inactive (stock),0x19D91C,"Throttle-by-wire target map in slot 5 of the 6-slot ETV table, neutral.","Throttle-by-wire target map in slot 5 of the 6-slot ETV table, neutral.

HOW THE ECU USES IT: Same lookup as the PWR maps (FUN_7C4CE, pointer table 0x1AD7A4[gear*6+slot]). The stock per-gear selector bytes 0x18F13A-0x18F155 only ever choose slots 1-3, so slots 4-6 are never selected in this calibration (they may be reserved for another market/model or launch logic).

AXES: X axis: 23 points, 0.00 to 118 deg (abs. accel angle); Y axis: 39 points, 800 to 16000 RPM.

VALUES (stock 5JCZSJ40): 0.00 to 119 throttle angle (deg).

TUNING NOTES: No effect unless a selector byte at 0x18F13A-0x18F155 is changed to 3/4/5 (zero-based slot). Could be used as a custom throttle map by editing the selector - untested.

CONFIDENCE: Confirmed from the pointer table and selector bytes. Was ""ETV - 8"".

REFERENCE: data @0x19D91C, X axis @0x19031C, Y axis @0x19D8CC, descriptor @0x18F654, code FUN_7c4ce."
ETV - Slot 5 | Gear 1 (unused stock),Throttle By Wire; Other ETV Maps; Unused / Inactive (stock),0x19E070,"Throttle-by-wire target map in slot 5 of the 6-slot ETV table, gear 1.","Throttle-by-wire target map in slot 5 of the 6-slot ETV table, gear 1.

HOW THE ECU USES IT: Same lookup as the PWR maps (FUN_7C4CE, pointer table 0x1AD7A4[gear*6+slot]). The stock per-gear selector bytes 0x18F13A-0x18F155 only ever choose slots 1-3, so slots 4-6 are never selected in this calibration (they may be reserved for another market/model or launch logic).

AXES: X axis: 23 points, 0.00 to 118 deg (abs. accel angle); Y axis: 39 points, 800 to 16000 RPM.

VALUES (stock 5JCZSJ40): 0.00 to 123 throttle angle (deg).

TUNING NOTES: No effect unless a selector byte at 0x18F13A-0x18F155 is changed to 3/4/5 (zero-based slot). Could be used as a custom throttle map by editing the selector - untested.

CONFIDENCE: Confirmed from the pointer table and selector bytes. Was ""ETV - 9"".

REFERENCE: data @0x19E070, X axis @0x19034C, Y axis @0x19E020, descriptor @0x18F670, code FUN_7c4ce."
ETV - Slot 5 | Gear 2 (unused stock),Throttle By Wire; Other ETV Maps; Unused / Inactive (stock),0x19E7C4,"Throttle-by-wire target map in slot 5 of the 6-slot ETV table, gear 2.","Throttle-by-wire target map in slot 5 of the 6-slot ETV table, gear 2.

HOW THE ECU USES IT: Same lookup as the PWR maps (FUN_7C4CE, pointer table 0x1AD7A4[gear*6+slot]). The stock per-gear selector bytes 0x18F13A-0x18F155 only ever choose slots 1-3, so slots 4-6 are never selected in this calibration (they may be reserved for another market/model or launch logic).

AXES: X axis: 23 points, 0.00 to 118 deg (abs. accel angle); Y axis: 39 points, 800 to 16000 RPM.

VALUES (stock 5JCZSJ40): 0.00 to 123 throttle angle (deg).

TUNING NOTES: No effect unless a selector byte at 0x18F13A-0x18F155 is changed to 3/4/5 (zero-based slot). Could be used as a custom throttle map by editing the selector - untested.

CONFIDENCE: Confirmed from the pointer table and selector bytes. Was ""ETV - 10"".

REFERENCE: data @0x19E7C4, X axis @0x19037C, Y axis @0x19E774, descriptor @0x18F68C, code FUN_7c4ce."
ETV - Slot 5 | Gear 3 (unused stock),Throttle By Wire; Other ETV Maps; Unused / Inactive (stock),0x19EF18,"Throttle-by-wire target map in slot 5 of the 6-slot ETV table, gear 3.","Throttle-by-wire target map in slot 5 of the 6-slot ETV table, gear 3.

HOW THE ECU USES IT: Same lookup as the PWR maps (FUN_7C4CE, pointer table 0x1AD7A4[gear*6+slot]). The stock per-gear selector bytes 0x18F13A-0x18F155 only ever choose slots 1-3, so slots 4-6 are never selected in this calibration (they may be reserved for another market/model or launch logic).

AXES: X axis: 23 points, 0.00 to 118 deg (abs. accel angle); Y axis: 39 points, 800 to 16000 RPM.

VALUES (stock 5JCZSJ40): 0.00 to 123 throttle angle (deg).

TUNING NOTES: No effect unless a selector byte at 0x18F13A-0x18F155 is changed to 3/4/5 (zero-based slot). Could be used as a custom throttle map by editing the selector - untested.

CONFIDENCE: Confirmed from the pointer table and selector bytes. Was ""ETV - 11"".

REFERENCE: data @0x19EF18, X axis @0x1903AC, Y axis @0x19EEC8, descriptor @0x18F6A8, code FUN_7c4ce."
ETV - Slot 5 | Gear 4 (unused stock),Throttle By Wire; Other ETV Maps; Unused / Inactive (stock),0x19F66C,"Throttle-by-wire target map in slot 5 of the 6-slot ETV table, gear 4.","Throttle-by-wire target map in slot 5 of the 6-slot ETV table, gear 4.

HOW THE ECU USES IT: Same lookup as the PWR maps (FUN_7C4CE, pointer table 0x1AD7A4[gear*6+slot]). The stock per-gear selector bytes 0x18F13A-0x18F155 only ever choose slots 1-3, so slots 4-6 are never selected in this calibration (they may be reserved for another market/model or launch logic).

AXES: X axis: 23 points, 0.00 to 118 deg (abs. accel angle); Y axis: 39 points, 800 to 16000 RPM.

VALUES (stock 5JCZSJ40): 0.00 to 123 throttle angle (deg).

TUNING NOTES: No effect unless a selector byte at 0x18F13A-0x18F155 is changed to 3/4/5 (zero-based slot). Could be used as a custom throttle map by editing the selector - untested.

CONFIDENCE: Confirmed from the pointer table and selector bytes. Was ""ETV - 12"".

REFERENCE: data @0x19F66C, X axis @0x1903DC, Y axis @0x19F61C, descriptor @0x18F6C4, code FUN_7c4ce."
ETV - Slot 5 | Gear 5 (unused stock),Throttle By Wire; Other ETV Maps; Unused / Inactive (stock),0x19FDC0,"Throttle-by-wire target map in slot 5 of the 6-slot ETV table, gear 5.","Throttle-by-wire target map in slot 5 of the 6-slot ETV table, gear 5.

HOW THE ECU USES IT: Same lookup as the PWR maps (FUN_7C4CE, pointer table 0x1AD7A4[gear*6+slot]). The stock per-gear selector bytes 0x18F13A-0x18F155 only ever choose slots 1-3, so slots 4-6 are never selected in this calibration (they may be reserved for another market/model or launch logic).

AXES: X axis: 23 points, 0.00 to 118 deg (abs. accel angle); Y axis: 39 points, 800 to 16000 RPM.

VALUES (stock 5JCZSJ40): 0.00 to 123 throttle angle (deg).

TUNING NOTES: No effect unless a selector byte at 0x18F13A-0x18F155 is changed to 3/4/5 (zero-based slot). Could be used as a custom throttle map by editing the selector - untested.

CONFIDENCE: Confirmed from the pointer table and selector bytes. Was ""ETV - 13"".

REFERENCE: data @0x19FDC0, X axis @0x19040C, Y axis @0x19FD70, descriptor @0x18F6E0, code FUN_7c4ce."
ETV - Slot 5 | Gear 6 (unused stock),Throttle By Wire; Other ETV Maps; Unused / Inactive (stock),0x1A0514,"Throttle-by-wire target map in slot 5 of the 6-slot ETV table, gear 6.","Throttle-by-wire target map in slot 5 of the 6-slot ETV table, gear 6.

HOW THE ECU USES IT: Same lookup as the PWR maps (FUN_7C4CE, pointer table 0x1AD7A4[gear*6+slot]). The stock per-gear selector bytes 0x18F13A-0x18F155 only ever choose slots 1-3, so slots 4-6 are never selected in this calibration (they may be reserved for another market/model or launch logic).

AXES: X axis: 23 points, 0.00 to 118 deg (abs. accel angle); Y axis: 39 points, 800 to 16000 RPM.

VALUES (stock 5JCZSJ40): 0.00 to 123 throttle angle (deg).

TUNING NOTES: No effect unless a selector byte at 0x18F13A-0x18F155 is changed to 3/4/5 (zero-based slot). Could be used as a custom throttle map by editing the selector - untested.

CONFIDENCE: Confirmed from the pointer table and selector bytes. Was ""ETV - 14"".

REFERENCE: data @0x1A0514, X axis @0x19043C, Y axis @0x1A04C4, descriptor @0x18F6FC, code FUN_7c4ce."
ETV - Slot 6 | Neutral (unused stock),Throttle By Wire; Other ETV Maps; Unused / Inactive (stock),0x1A0C68,"Throttle-by-wire target map in slot 6 of the 6-slot ETV table, neutral.","Throttle-by-wire target map in slot 6 of the 6-slot ETV table, neutral.

HOW THE ECU USES IT: Same lookup as the PWR maps (FUN_7C4CE, pointer table 0x1AD7A4[gear*6+slot]). The stock per-gear selector bytes 0x18F13A-0x18F155 only ever choose slots 1-3, so slots 4-6 are never selected in this calibration (they may be reserved for another market/model or launch logic).

AXES: X axis: 23 points, 0.00 to 118 deg (abs. accel angle); Y axis: 39 points, 800 to 16000 RPM.

VALUES (stock 5JCZSJ40): 0.00 to 119 throttle angle (deg).

TUNING NOTES: No effect unless a selector byte at 0x18F13A-0x18F155 is changed to 3/4/5 (zero-based slot). Could be used as a custom throttle map by editing the selector - untested.

CONFIDENCE: Confirmed from the pointer table and selector bytes. Was ""ETV - 15"".

REFERENCE: data @0x1A0C68, X axis @0x19046C, Y axis @0x1A0C18, descriptor @0x18F718, code FUN_7c4ce."
ETV - Slot 6 | Gear 1 (unused stock),Throttle By Wire; Other ETV Maps; Unused / Inactive (stock),0x1A13BC,"Throttle-by-wire target map in slot 6 of the 6-slot ETV table, gear 1.","Throttle-by-wire target map in slot 6 of the 6-slot ETV table, gear 1.

HOW THE ECU USES IT: Same lookup as the PWR maps (FUN_7C4CE, pointer table 0x1AD7A4[gear*6+slot]). The stock per-gear selector bytes 0x18F13A-0x18F155 only ever choose slots 1-3, so slots 4-6 are never selected in this calibration (they may be reserved for another market/model or launch logic).

AXES: X axis: 23 points, 0.00 to 118 deg (abs. accel angle); Y axis: 39 points, 800 to 16000 RPM.

VALUES (stock 5JCZSJ40): 0.00 to 123 throttle angle (deg).

TUNING NOTES: No effect unless a selector byte at 0x18F13A-0x18F155 is changed to 3/4/5 (zero-based slot). Could be used as a custom throttle map by editing the selector - untested.

CONFIDENCE: Confirmed from the pointer table and selector bytes. Was ""ETV - 16"".

REFERENCE: data @0x1A13BC, X axis @0x19049C, Y axis @0x1A136C, descriptor @0x18F734, code FUN_7c4ce."
ETV - Slot 6 | Gear 2 (unused stock),Throttle By Wire; Other ETV Maps; Unused / Inactive (stock),0x1A1B10,"Throttle-by-wire target map in slot 6 of the 6-slot ETV table, gear 2.","Throttle-by-wire target map in slot 6 of the 6-slot ETV table, gear 2.

HOW THE ECU USES IT: Same lookup as the PWR maps (FUN_7C4CE, pointer table 0x1AD7A4[gear*6+slot]). The stock per-gear selector bytes 0x18F13A-0x18F155 only ever choose slots 1-3, so slots 4-6 are never selected in this calibration (they may be reserved for another market/model or launch logic).

AXES: X axis: 23 points, 0.00 to 118 deg (abs. accel angle); Y axis: 39 points, 800 to 16000 RPM.

VALUES (stock 5JCZSJ40): 0.00 to 123 throttle angle (deg).

TUNING NOTES: No effect unless a selector byte at 0x18F13A-0x18F155 is changed to 3/4/5 (zero-based slot). Could be used as a custom throttle map by editing the selector - untested.

CONFIDENCE: Confirmed from the pointer table and selector bytes. Was ""ETV - 17"".

REFERENCE: data @0x1A1B10, X axis @0x1904CC, Y axis @0x1A1AC0, descriptor @0x18F750, code FUN_7c4ce."
ETV - Slot 6 | Gear 3 (unused stock),Throttle By Wire; Other ETV Maps; Unused / Inactive (stock),0x1A2264,"Throttle-by-wire target map in slot 6 of the 6-slot ETV table, gear 3.","Throttle-by-wire target map in slot 6 of the 6-slot ETV table, gear 3.

HOW THE ECU USES IT: Same lookup as the PWR maps (FUN_7C4CE, pointer table 0x1AD7A4[gear*6+slot]). The stock per-gear selector bytes 0x18F13A-0x18F155 only ever choose slots 1-3, so slots 4-6 are never selected in this calibration (they may be reserved for another market/model or launch logic).

AXES: X axis: 23 points, 0.00 to 118 deg (abs. accel angle); Y axis: 39 points, 800 to 16000 RPM.

VALUES (stock 5JCZSJ40): 0.00 to 123 throttle angle (deg).

TUNING NOTES: No effect unless a selector byte at 0x18F13A-0x18F155 is changed to 3/4/5 (zero-based slot). Could be used as a custom throttle map by editing the selector - untested.

CONFIDENCE: Confirmed from the pointer table and selector bytes. Was ""ETV - 18"".

REFERENCE: data @0x1A2264, X axis @0x1904FC, Y axis @0x1A2214, descriptor @0x18F76C, code FUN_7c4ce."
ETV - Slot 6 | Gear 4 (unused stock),Throttle By Wire; Other ETV Maps; Unused / Inactive (stock),0x1A29B8,"Throttle-by-wire target map in slot 6 of the 6-slot ETV table, gear 4.","Throttle-by-wire target map in slot 6 of the 6-slot ETV table, gear 4.

HOW THE ECU USES IT: Same lookup as the PWR maps (FUN_7C4CE, pointer table 0x1AD7A4[gear*6+slot]). The stock per-gear selector bytes 0x18F13A-0x18F155 only ever choose slots 1-3, so slots 4-6 are never selected in this calibration (they may be reserved for another market/model or launch logic).

AXES: X axis: 23 points, 0.00 to 118 deg (abs. accel angle); Y axis: 39 points, 800 to 16000 RPM.

VALUES (stock 5JCZSJ40): 0.00 to 123 throttle angle (deg).

TUNING NOTES: No effect unless a selector byte at 0x18F13A-0x18F155 is changed to 3/4/5 (zero-based slot). Could be used as a custom throttle map by editing the selector - untested.

CONFIDENCE: Confirmed from the pointer table and selector bytes. Was ""ETV - 19"".

REFERENCE: data @0x1A29B8, X axis @0x19052C, Y axis @0x1A2968, descriptor @0x18F788, code FUN_7c4ce."
ETV - Slot 6 | Gear 5 (unused stock),Throttle By Wire; Other ETV Maps; Unused / Inactive (stock),0x1A310C,"Throttle-by-wire target map in slot 6 of the 6-slot ETV table, gear 5.","Throttle-by-wire target map in slot 6 of the 6-slot ETV table, gear 5.

HOW THE ECU USES IT: Same lookup as the PWR maps (FUN_7C4CE, pointer table 0x1AD7A4[gear*6+slot]). The stock per-gear selector bytes 0x18F13A-0x18F155 only ever choose slots 1-3, so slots 4-6 are never selected in this calibration (they may be reserved for another market/model or launch logic).

AXES: X axis: 23 points, 0.00 to 118 deg (abs. accel angle); Y axis: 39 points, 800 to 16000 RPM.

VALUES (stock 5JCZSJ40): 0.00 to 123 throttle angle (deg).

TUNING NOTES: No effect unless a selector byte at 0x18F13A-0x18F155 is changed to 3/4/5 (zero-based slot). Could be used as a custom throttle map by editing the selector - untested.

CONFIDENCE: Confirmed from the pointer table and selector bytes. Was ""ETV - 20"".

REFERENCE: data @0x1A310C, X axis @0x19055C, Y axis @0x1A30BC, descriptor @0x18F7A4, code FUN_7c4ce."
ETV - Slot 6 | Gear 6 (unused stock),Throttle By Wire; Other ETV Maps; Unused / Inactive (stock),0x1A3860,"Throttle-by-wire target map in slot 6 of the 6-slot ETV table, gear 6.","Throttle-by-wire target map in slot 6 of the 6-slot ETV table, gear 6.

HOW THE ECU USES IT: Same lookup as the PWR maps (FUN_7C4CE, pointer table 0x1AD7A4[gear*6+slot]). The stock per-gear selector bytes 0x18F13A-0x18F155 only ever choose slots 1-3, so slots 4-6 are never selected in this calibration (they may be reserved for another market/model or launch logic).

AXES: X axis: 23 points, 0.00 to 118 deg (abs. accel angle); Y axis: 39 points, 800 to 16000 RPM.

VALUES (stock 5JCZSJ40): 0.00 to 123 throttle angle (deg).

TUNING NOTES: No effect unless a selector byte at 0x18F13A-0x18F155 is changed to 3/4/5 (zero-based slot). Could be used as a custom throttle map by editing the selector - untested.

CONFIDENCE: Confirmed from the pointer table and selector bytes. Was ""ETV - 21"".

REFERENCE: data @0x1A3860, X axis @0x19058C, Y axis @0x1A3810, descriptor @0x18F7C0, code FUN_7c4ce."
ETV Limit A | Spare (unreferenced),Throttle By Wire; Throttle Limit Maps,0x1A3FB4,Throttle LIMIT map (cap) for none.,"Throttle LIMIT map (cap) for none.

HOW THE ECU USES IT: FUN_7C570 looks this map up via gear-indexed pointer table 0x18FD0C; FUN_7C944 applies it as min(limit, normal target) when ETV control state 0xFEF02AF2 = 1 (set by FUN_7C8F4 from status flags in the traction/anti-lift area). This slot is not referenced by the table, so it is unused. 

AXES: X axis: 23 points, 0.00 to 118 deg (abs. accel angle); Y axis: 39 points, 800 to 16000 RPM.

VALUES (stock 5JCZSJ40): 0.00 to 122 throttle angle (deg).

TUNING NOTES: Lowering cells limits throttle opening while that control state is active. Exact trigger (likely anti-lift / wheelie or low-speed limiting) not yet confirmed.

CONFIDENCE: Use as a min() limit confirmed from code; trigger condition inferred. Was ""ETV - 22"".

REFERENCE: data @0x1A3FB4, X axis @0x1905BC, Y axis @0x1A3F64, descriptor @0x18F7DC, code FUN_7c50e."
"ETV Limit A | Neutral, Gears 1-2",Throttle By Wire; Throttle Limit Maps,0x1A4708,"Throttle LIMIT map (cap) for N, 1st, 2nd.","Throttle LIMIT map (cap) for N, 1st, 2nd.

HOW THE ECU USES IT: FUN_7C570 looks this map up via gear-indexed pointer table 0x18FD0C; FUN_7C944 applies it as min(limit, normal target) when ETV control state 0xFEF02AF2 = 1 (set by FUN_7C8F4 from status flags in the traction/anti-lift area). MARKET-SPECIFIC: values differ between 10L1 and 10L4. 

AXES: X axis: 23 points, 0.00 to 118 deg (abs. accel angle); Y axis: 39 points, 800 to 16000 RPM.

VALUES (stock 5JCZSJ40): 0.00 to 119 throttle angle (deg). DIFFERS in the 10L1 file (5JCZSJ10): 559 cells changed.

TUNING NOTES: Lowering cells limits throttle opening while that control state is active. Exact trigger (likely anti-lift / wheelie or low-speed limiting) not yet confirmed.

CONFIDENCE: Use as a min() limit confirmed from code; trigger condition inferred. Was ""ETV - 23"".

REFERENCE: data @0x1A4708, X axis @0x1905EC, Y axis @0x1A46B8, descriptor @0x18F7F8, code FUN_7c570."
ETV Limit A | Gear 3,Throttle By Wire; Throttle Limit Maps,0x1A4E5C,Throttle LIMIT map (cap) for 3rd.,"Throttle LIMIT map (cap) for 3rd.

HOW THE ECU USES IT: FUN_7C570 looks this map up via gear-indexed pointer table 0x18FD0C; FUN_7C944 applies it as min(limit, normal target) when ETV control state 0xFEF02AF2 = 1 (set by FUN_7C8F4 from status flags in the traction/anti-lift area). 

AXES: X axis: 23 points, 0.00 to 118 deg (abs. accel angle); Y axis: 39 points, 800 to 16000 RPM.

VALUES (stock 5JCZSJ40): 0.00 to 119 throttle angle (deg).

TUNING NOTES: Lowering cells limits throttle opening while that control state is active. Exact trigger (likely anti-lift / wheelie or low-speed limiting) not yet confirmed.

CONFIDENCE: Use as a min() limit confirmed from code; trigger condition inferred. Was ""ETV - 24"".

REFERENCE: data @0x1A4E5C, X axis @0x19061C, Y axis @0x1A4E0C, descriptor @0x18F814, code FUN_7c570."
ETV Limit A | Gears 4-6,Throttle By Wire; Throttle Limit Maps,0x1A55B0,Throttle LIMIT map (cap) for 4th-6th.,"Throttle LIMIT map (cap) for 4th-6th.

HOW THE ECU USES IT: FUN_7C570 looks this map up via gear-indexed pointer table 0x18FD0C; FUN_7C944 applies it as min(limit, normal target) when ETV control state 0xFEF02AF2 = 1 (set by FUN_7C8F4 from status flags in the traction/anti-lift area). 

AXES: X axis: 23 points, 0.00 to 118 deg (abs. accel angle); Y axis: 39 points, 800 to 16000 RPM.

VALUES (stock 5JCZSJ40): 0.00 to 119 throttle angle (deg).

TUNING NOTES: Lowering cells limits throttle opening while that control state is active. Exact trigger (likely anti-lift / wheelie or low-speed limiting) not yet confirmed.

CONFIDENCE: Use as a min() limit confirmed from code; trigger condition inferred. Was ""ETV - 25"".

REFERENCE: data @0x1A55B0, X axis @0x19064C, Y axis @0x1A5560, descriptor @0x18F830, code FUN_7c570."
ETV 2 - 1,Throttle By Wire; Other ETV Maps,0x1A5D04,Throttle-type map (grip angle x RPM) in the ETV block.,"Throttle-type map (grip angle x RPM) in the ETV block.

HOW THE ECU USES IT: Used by FUN_7c570; selection logic not traced yet.

AXES: X axis: 23 points, 0.00 to 121 deg (abs. accel angle); Y axis: 39 points, 800 to 16000 RPM.

VALUES (stock 5JCZSJ40): 0.00 to 44.2 throttle angle (deg).

TUNING NOTES: Purpose unconfirmed - leave stock.

CONFIDENCE: Inferred.

REFERENCE: data @0x1A5D04, X axis @0x19067C, Y axis @0x1A5CB4, descriptor @0x18F84C, code FUN_7c570."
ETV 2 - 2,Throttle By Wire; Other ETV Maps,0x1A6458,Throttle-type map (grip angle x RPM) in the ETV block.,"Throttle-type map (grip angle x RPM) in the ETV block.

HOW THE ECU USES IT: Used by FUN_7c570; selection logic not traced yet.

AXES: X axis: 23 points, 0.00 to 121 deg (abs. accel angle); Y axis: 39 points, 800 to 16000 RPM.

VALUES (stock 5JCZSJ40): 0.00 to 44.2 throttle angle (deg).

TUNING NOTES: Purpose unconfirmed - leave stock.

CONFIDENCE: Inferred.

REFERENCE: data @0x1A6458, X axis @0x1906AC, Y axis @0x1A6408, descriptor @0x18F868, code FUN_7c570."
ETV 2 - 3,Throttle By Wire; Other ETV Maps,0x1A6BAC,Throttle-type map (grip angle x RPM) in the ETV block.,"Throttle-type map (grip angle x RPM) in the ETV block.

HOW THE ECU USES IT: Used by FUN_7c570; selection logic not traced yet.

AXES: X axis: 23 points, 0.00 to 121 deg (abs. accel angle); Y axis: 39 points, 800 to 16000 RPM.

VALUES (stock 5JCZSJ40): 0.00 to 44.2 throttle angle (deg).

TUNING NOTES: Purpose unconfirmed - leave stock.

CONFIDENCE: Inferred.

REFERENCE: data @0x1A6BAC, X axis @0x1906DC, Y axis @0x1A6B5C, descriptor @0x18F884, code FUN_7c570."
ETV 2 - 4,Throttle By Wire; Other ETV Maps,0x1A7300,Throttle-type map (grip angle x RPM) in the ETV block.,"Throttle-type map (grip angle x RPM) in the ETV block.

HOW THE ECU USES IT: Used by FUN_7c570; selection logic not traced yet.

AXES: X axis: 23 points, 0.00 to 121 deg (abs. accel angle); Y axis: 39 points, 800 to 16000 RPM.

VALUES (stock 5JCZSJ40): 0.00 to 44.2 throttle angle (deg).

TUNING NOTES: Purpose unconfirmed - leave stock.

CONFIDENCE: Inferred.

REFERENCE: data @0x1A7300, X axis @0x19070C, Y axis @0x1A72B0, descriptor @0x18F8A0, code FUN_7c570."
ETV 2 - 5,Throttle By Wire; Other ETV Maps,0x1A7A54,Throttle-type map (grip angle x RPM) in the ETV block.,"Throttle-type map (grip angle x RPM) in the ETV block.

HOW THE ECU USES IT: Used by FUN_7c570; selection logic not traced yet.

AXES: X axis: 23 points, 0.00 to 121 deg (abs. accel angle); Y axis: 39 points, 800 to 16000 RPM.

VALUES (stock 5JCZSJ40): 0.00 to 44.2 throttle angle (deg).

TUNING NOTES: Purpose unconfirmed - leave stock.

CONFIDENCE: Inferred.

REFERENCE: data @0x1A7A54, X axis @0x19073C, Y axis @0x1A7A04, descriptor @0x18F8BC, code FUN_7c570."
ETV 2 - 6,Throttle By Wire; Other ETV Maps,0x1A81A8,Throttle-type map (grip angle x RPM) in the ETV block.,"Throttle-type map (grip angle x RPM) in the ETV block.

HOW THE ECU USES IT: Used by FUN_7c570; selection logic not traced yet.

AXES: X axis: 23 points, 0.00 to 121 deg (abs. accel angle); Y axis: 39 points, 800 to 16000 RPM.

VALUES (stock 5JCZSJ40): 0.00 to 44.2 throttle angle (deg).

TUNING NOTES: Purpose unconfirmed - leave stock.

CONFIDENCE: Inferred.

REFERENCE: data @0x1A81A8, X axis @0x19076C, Y axis @0x1A8158, descriptor @0x18F8D8, code FUN_7c570."
ETV 2 Aux - 1,Throttle By Wire; Other ETV Maps,0x1A88AC,14x10 map stored inside the ETV 2 block (RPM x unknown input). Function unconfirmed. (Family-level description - specific use not individually confirmed.),"14x10 map stored inside the ETV 2 block (RPM x unknown input). Function unconfirmed. (Family-level description - specific use not individually confirmed.)

HOW THE ECU USES IT: looked up by FUN_7c62a; X input = Engine speed (copy) (RAM 0xFEF02AD4); Y input = RAM 0xfef01567.

AXES: X axis: 14 points, 1000 to 14000 RPM; Y axis: 10 points, 64.0 to 192 raw.

VALUES (stock 5JCZSJ40): 1929 to 14508 raw.

REFERENCE: data @0x1A88AC, X axis @0x18F8F4, Y axis @0x18F910, descriptor @0x18F924, code FUN_7c62a."
ETV 2 Aux - 2,Throttle By Wire; Other ETV Maps; Flat Maps (unused/disabled?),0x1A89C4,14x10 map stored inside the ETV 2 block (RPM x unknown input). Function unconfirmed. (Family-level description - specific use not individually confirmed.),"14x10 map stored inside the ETV 2 block (RPM x unknown input). Function unconfirmed. (Family-level description - specific use not individually confirmed.)

HOW THE ECU USES IT: looked up by FUN_7c62a; X input = Engine speed (copy) (RAM 0xFEF02AD4); Y input = RAM 0xfef01567.

AXES: X axis: 14 points, 1000 to 14000 RPM; Y axis: 10 points, 64.0 to 192 raw.

VALUES (stock 5JCZSJ40): 0.00 to 0.00 raw - every cell is the same (0.00), so the function is probably disabled or unused in this calibration.

REFERENCE: data @0x1A89C4, X axis @0x18F940, Y axis @0x18F95C, descriptor @0x18F970, code FUN_7c62a."
ETV 2 Aux - 3,Throttle By Wire; Other ETV Maps,0x1A8ADC,14x10 map stored inside the ETV 2 block (RPM x unknown input). Function unconfirmed. (Family-level description - specific use not individually confirmed.),"14x10 map stored inside the ETV 2 block (RPM x unknown input). Function unconfirmed. (Family-level description - specific use not individually confirmed.)

HOW THE ECU USES IT: looked up by FUN_7c62a; X input = Engine speed (copy) (RAM 0xFEF02AD4); Y input = RAM 0xfef01567.

AXES: X axis: 14 points, 1000 to 14000 RPM; Y axis: 10 points, 64.0 to 192 raw.

VALUES (stock 5JCZSJ40): 316 to 18745 raw.

REFERENCE: data @0x1A8ADC, X axis @0x18F98C, Y axis @0x18F9A8, descriptor @0x18F9BC, code FUN_7c62a."
ETV 2 Aux - 4,Throttle By Wire; Other ETV Maps,0x1A8BF4,14x10 map stored inside the ETV 2 block (RPM x unknown input). Function unconfirmed. (Family-level description - specific use not individually confirmed.),"14x10 map stored inside the ETV 2 block (RPM x unknown input). Function unconfirmed. (Family-level description - specific use not individually confirmed.)

HOW THE ECU USES IT: looked up by FUN_7c62a; X input = Engine speed (copy) (RAM 0xFEF02AD4); Y input = RAM 0xfef01567.

AXES: X axis: 14 points, 1000 to 14000 RPM; Y axis: 10 points, 64.0 to 192 raw.

VALUES (stock 5JCZSJ40): 316 to 18745 raw.

REFERENCE: data @0x1A8BF4, X axis @0x18F9D8, Y axis @0x18F9F4, descriptor @0x18FA08, code FUN_7c62a."
ETV 2 Aux - 5,Throttle By Wire; Other ETV Maps,0x1A8D0C,14x10 map stored inside the ETV 2 block (RPM x unknown input). Function unconfirmed. (Family-level description - specific use not individually confirmed.),"14x10 map stored inside the ETV 2 block (RPM x unknown input). Function unconfirmed. (Family-level description - specific use not individually confirmed.)

HOW THE ECU USES IT: looked up by FUN_7c62a; X input = Engine speed (copy) (RAM 0xFEF02AD4); Y input = RAM 0xfef01567.

AXES: X axis: 14 points, 1000 to 14000 RPM; Y axis: 10 points, 64.0 to 192 raw.

VALUES (stock 5JCZSJ40): 316 to 18745 raw.

REFERENCE: data @0x1A8D0C, X axis @0x18FA24, Y axis @0x18FA40, descriptor @0x18FA54, code FUN_7c62a."
ETV 2 Aux - 6,Throttle By Wire; Other ETV Maps,0x1A8E24,14x10 map stored inside the ETV 2 block (RPM x unknown input). Function unconfirmed. (Family-level description - specific use not individually confirmed.),"14x10 map stored inside the ETV 2 block (RPM x unknown input). Function unconfirmed. (Family-level description - specific use not individually confirmed.)

HOW THE ECU USES IT: looked up by FUN_7c62a; X input = Engine speed (copy) (RAM 0xFEF02AD4); Y input = RAM 0xfef01567.

AXES: X axis: 14 points, 1000 to 14000 RPM; Y axis: 10 points, 64.0 to 192 raw.

VALUES (stock 5JCZSJ40): 316 to 17697 raw.

REFERENCE: data @0x1A8E24, X axis @0x18FA70, Y axis @0x18FA8C, descriptor @0x18FAA0, code FUN_7c62a."
ETV 2 Aux - 7,Throttle By Wire; Other ETV Maps,0x1A8F3C,14x10 map stored inside the ETV 2 block (RPM x unknown input). Function unconfirmed. (Family-level description - specific use not individually confirmed.),"14x10 map stored inside the ETV 2 block (RPM x unknown input). Function unconfirmed. (Family-level description - specific use not individually confirmed.)

HOW THE ECU USES IT: looked up by FUN_7c62a; X input = Engine speed (copy) (RAM 0xFEF02AD4); Y input = RAM 0xfef01567.

AXES: X axis: 14 points, 1000 to 14000 RPM; Y axis: 10 points, 64.0 to 192 raw.

VALUES (stock 5JCZSJ40): 316 to 17697 raw.

REFERENCE: data @0x1A8F3C, X axis @0x18FABC, Y axis @0x18FAD8, descriptor @0x18FAEC, code FUN_7c62a."
ETV 2 Aux - 8,Throttle By Wire; Other ETV Maps,0x1A9054,14x10 map stored inside the ETV 2 block (RPM x unknown input). Function unconfirmed. (Family-level description - specific use not individually confirmed.),"14x10 map stored inside the ETV 2 block (RPM x unknown input). Function unconfirmed. (Family-level description - specific use not individually confirmed.)

HOW THE ECU USES IT: looked up by FUN_7c62a; X input = Engine speed (copy) (RAM 0xFEF02AD4); Y input = RAM 0xfef01567.

AXES: X axis: 14 points, 1000 to 14000 RPM; Y axis: 10 points, 64.0 to 192 raw.

VALUES (stock 5JCZSJ40): 316 to 17697 raw.

REFERENCE: data @0x1A9054, X axis @0x18FB08, Y axis @0x18FB24, descriptor @0x18FB38, code FUN_7c62a."
ETV 2 Aux - 9,Throttle By Wire; Other ETV Maps,0x1A916C,14x10 map stored inside the ETV 2 block (RPM x unknown input). Function unconfirmed. (Family-level description - specific use not individually confirmed.),"14x10 map stored inside the ETV 2 block (RPM x unknown input). Function unconfirmed. (Family-level description - specific use not individually confirmed.)

HOW THE ECU USES IT: looked up by FUN_7c62a; X input = Engine speed (copy) (RAM 0xFEF02AD4); Y input = RAM 0xfef01567.

AXES: X axis: 14 points, 1000 to 14000 RPM; Y axis: 10 points, 64.0 to 192 raw.

VALUES (stock 5JCZSJ40): 786 to 6501 raw.

REFERENCE: data @0x1A916C, X axis @0x18FB54, Y axis @0x18FB70, descriptor @0x18FB84, code FUN_7c62a."
"ETV Limit B | Neutral, Gear 1",Throttle By Wire; Throttle Limit Maps,0x1A92D4,"Throttle LIMIT map (cap) for neutral, gear 1.","Throttle LIMIT map (cap) for neutral, gear 1.

HOW THE ECU USES IT: FUN_7C8C2 looks it up via gear-indexed pointer table 0x18FD44; FUN_7C944 applies it as min(limit, normal target) when ETV control state 0xFEF02AF2 = 4.

AXES: X axis: 23 points, 0.00 to 107 deg (abs. accel angle); Y axis: 39 points, 800 to 16000 RPM.

VALUES (stock 5JCZSJ40): 0.00 to 98.3 throttle angle (deg).

TUNING NOTES: Lower cells to reduce maximum throttle opening in that gear while the state is active.

CONFIDENCE: Confirmed from code; trigger condition not identified. Was ""ETV 2 - 7"".

REFERENCE: data @0x1A92D4, X axis @0x19079C, Y axis @0x1A9284, descriptor @0x18FBA0, code FUN_7c8c2."
ETV Limit B | Gear 2,Throttle By Wire; Throttle Limit Maps,0x1A9A28,Throttle LIMIT map (cap) for gear 2.,"Throttle LIMIT map (cap) for gear 2.

HOW THE ECU USES IT: FUN_7C8C2 looks it up via gear-indexed pointer table 0x18FD44; FUN_7C944 applies it as min(limit, normal target) when ETV control state 0xFEF02AF2 = 4.

AXES: X axis: 23 points, 0.00 to 107 deg (abs. accel angle); Y axis: 39 points, 800 to 16000 RPM.

VALUES (stock 5JCZSJ40): 0.00 to 98.3 throttle angle (deg).

TUNING NOTES: Lower cells to reduce maximum throttle opening in that gear while the state is active.

CONFIDENCE: Confirmed from code; trigger condition not identified. Was ""ETV 2 - 8"".

REFERENCE: data @0x1A9A28, X axis @0x1907CC, Y axis @0x1A99D8, descriptor @0x18FBBC, code FUN_7c8c2."
ETV Limit B | Gear 3,Throttle By Wire; Throttle Limit Maps,0x1AA17C,Throttle LIMIT map (cap) for gear 3.,"Throttle LIMIT map (cap) for gear 3.

HOW THE ECU USES IT: FUN_7C8C2 looks it up via gear-indexed pointer table 0x18FD44; FUN_7C944 applies it as min(limit, normal target) when ETV control state 0xFEF02AF2 = 4.

AXES: X axis: 23 points, 0.00 to 107 deg (abs. accel angle); Y axis: 39 points, 800 to 16000 RPM.

VALUES (stock 5JCZSJ40): 0.00 to 98.3 throttle angle (deg).

TUNING NOTES: Lower cells to reduce maximum throttle opening in that gear while the state is active.

CONFIDENCE: Confirmed from code; trigger condition not identified. Was ""ETV 2 - 9"".

REFERENCE: data @0x1AA17C, X axis @0x1907FC, Y axis @0x1AA12C, descriptor @0x18FBD8, code FUN_7c8c2."
ETV Limit B | Gear 4,Throttle By Wire; Throttle Limit Maps,0x1AA8D0,Throttle LIMIT map (cap) for gear 4.,"Throttle LIMIT map (cap) for gear 4.

HOW THE ECU USES IT: FUN_7C8C2 looks it up via gear-indexed pointer table 0x18FD44; FUN_7C944 applies it as min(limit, normal target) when ETV control state 0xFEF02AF2 = 4.

AXES: X axis: 23 points, 0.00 to 107 deg (abs. accel angle); Y axis: 39 points, 800 to 16000 RPM.

VALUES (stock 5JCZSJ40): 0.00 to 98.3 throttle angle (deg).

TUNING NOTES: Lower cells to reduce maximum throttle opening in that gear while the state is active.

CONFIDENCE: Confirmed from code; trigger condition not identified. Was ""ETV 2 - 10"".

REFERENCE: data @0x1AA8D0, X axis @0x19082C, Y axis @0x1AA880, descriptor @0x18FBF4, code FUN_7c8c2."
ETV Limit B | Gear 5,Throttle By Wire; Throttle Limit Maps,0x1AB024,Throttle LIMIT map (cap) for gear 5.,"Throttle LIMIT map (cap) for gear 5.

HOW THE ECU USES IT: FUN_7C8C2 looks it up via gear-indexed pointer table 0x18FD44; FUN_7C944 applies it as min(limit, normal target) when ETV control state 0xFEF02AF2 = 4.

AXES: X axis: 23 points, 0.00 to 107 deg (abs. accel angle); Y axis: 39 points, 800 to 16000 RPM.

VALUES (stock 5JCZSJ40): 0.00 to 98.3 throttle angle (deg).

TUNING NOTES: Lower cells to reduce maximum throttle opening in that gear while the state is active.

CONFIDENCE: Confirmed from code; trigger condition not identified. Was ""ETV 2 - 11"".

REFERENCE: data @0x1AB024, X axis @0x19085C, Y axis @0x1AAFD4, descriptor @0x18FC10, code FUN_7c8c2."
ETV Limit B | Gear 6,Throttle By Wire; Throttle Limit Maps,0x1AB778,Throttle LIMIT map (cap) for gear 6.,"Throttle LIMIT map (cap) for gear 6.

HOW THE ECU USES IT: FUN_7C8C2 looks it up via gear-indexed pointer table 0x18FD44; FUN_7C944 applies it as min(limit, normal target) when ETV control state 0xFEF02AF2 = 4.

AXES: X axis: 23 points, 0.00 to 107 deg (abs. accel angle); Y axis: 39 points, 800 to 16000 RPM.

VALUES (stock 5JCZSJ40): 0.00 to 98.3 throttle angle (deg).

TUNING NOTES: Lower cells to reduce maximum throttle opening in that gear while the state is active.

CONFIDENCE: Confirmed from code; trigger condition not identified. Was ""ETV 2 - 12"".

REFERENCE: data @0x1AB778, X axis @0x19088C, Y axis @0x1AB728, descriptor @0x18FC2C, code FUN_7c8c2."
ETV 3 - 1,Throttle By Wire; Other ETV Maps,0x1ABE7C,"23x20 map group right after the ETV 2 block using the grip-angle axis; small raw values, so likely a rate or limit rather than a throttle target. Function unconfirmed. (Family-level description - specific use not individually confirmed.)","23x20 map group right after the ETV 2 block using the grip-angle axis; small raw values, so likely a rate or limit rather than a throttle target. Function unconfirmed. (Family-level description - specific use not individually confirmed.)

HOW THE ECU USES IT: looked up by FUN_7c8c2; X input = Accelerator (grip) position (ETV copy) (RAM 0xFEF02AEA); Y input = Engine speed (ETV copy) (RAM 0xFEF02AEC).

AXES: X axis: 23 points, 0.00 to 73.1 deg (abs. accel angle); Y axis: 20 points, 800 to 4400 RPM.

VALUES (stock 5JCZSJ40): 0.00 to 891 raw.

REFERENCE: data @0x1ABE7C, X axis @0x1908BC, Y axis @0x18F1A0, descriptor @0x18FC48, code FUN_7c8c2."
ETV 3 - 2,Throttle By Wire; Other ETV Maps,0x1AC214,"23x20 map group right after the ETV 2 block using the grip-angle axis; small raw values, so likely a rate or limit rather than a throttle target. Function unconfirmed. (Family-level description - specific use not individually confirmed.)","23x20 map group right after the ETV 2 block using the grip-angle axis; small raw values, so likely a rate or limit rather than a throttle target. Function unconfirmed. (Family-level description - specific use not individually confirmed.)

HOW THE ECU USES IT: looked up by FUN_7c8c2; X input = Accelerator (grip) position (ETV copy) (RAM 0xFEF02AEA); Y input = Engine speed (ETV copy) (RAM 0xFEF02AEC).

AXES: X axis: 23 points, 0.00 to 86.4 deg (abs. accel angle); Y axis: 20 points, 800 to 4400 RPM.

VALUES (stock 5JCZSJ40): 0.00 to 524 raw.

REFERENCE: data @0x1AC214, X axis @0x1908EC, Y axis @0x18F1C8, descriptor @0x18FC64, code FUN_7c8c2."
ETV 3 - 3,Throttle By Wire; Other ETV Maps,0x1AC5AC,"23x20 map group right after the ETV 2 block using the grip-angle axis; small raw values, so likely a rate or limit rather than a throttle target. Function unconfirmed. (Family-level description - specific use not individually confirmed.)","23x20 map group right after the ETV 2 block using the grip-angle axis; small raw values, so likely a rate or limit rather than a throttle target. Function unconfirmed. (Family-level description - specific use not individually confirmed.)

HOW THE ECU USES IT: looked up by FUN_7c8c2; X input = Accelerator (grip) position (ETV copy) (RAM 0xFEF02AEA); Y input = Engine speed (ETV copy) (RAM 0xFEF02AEC).

AXES: X axis: 23 points, 0.00 to 86.4 deg (abs. accel angle); Y axis: 20 points, 800 to 4400 RPM.

VALUES (stock 5JCZSJ40): 0.00 to 524 raw.

REFERENCE: data @0x1AC5AC, X axis @0x19091C, Y axis @0x18F1F0, descriptor @0x18FC80, code FUN_7c8c2."
ETV 3 - 4,Throttle By Wire; Other ETV Maps; Flat Maps (unused/disabled?),0x1AC944,"23x20 map group right after the ETV 2 block using the grip-angle axis; small raw values, so likely a rate or limit rather than a throttle target. Function unconfirmed. (Family-level description - specific use not individually confirmed.)","23x20 map group right after the ETV 2 block using the grip-angle axis; small raw values, so likely a rate or limit rather than a throttle target. Function unconfirmed. (Family-level description - specific use not individually confirmed.)

HOW THE ECU USES IT: looked up by FUN_7c8c2; X input = Accelerator (grip) position (ETV copy) (RAM 0xFEF02AEA); Y input = Engine speed (ETV copy) (RAM 0xFEF02AEC).

AXES: X axis: 23 points, 0.00 to 86.4 deg (abs. accel angle); Y axis: 20 points, 800 to 4400 RPM.

VALUES (stock 5JCZSJ40): 0.00 to 0.00 raw - every cell is the same (0.00), so the function is probably disabled or unused in this calibration.

REFERENCE: data @0x1AC944, X axis @0x19094C, Y axis @0x18F218, descriptor @0x18FC9C, code FUN_7c8c2."
ETV 3 - 5,Throttle By Wire; Other ETV Maps; Flat Maps (unused/disabled?),0x1ACCDC,"23x20 map group right after the ETV 2 block using the grip-angle axis; small raw values, so likely a rate or limit rather than a throttle target. Function unconfirmed. (Family-level description - specific use not individually confirmed.)","23x20 map group right after the ETV 2 block using the grip-angle axis; small raw values, so likely a rate or limit rather than a throttle target. Function unconfirmed. (Family-level description - specific use not individually confirmed.)

HOW THE ECU USES IT: looked up by FUN_7c8c2; X input = Accelerator (grip) position (ETV copy) (RAM 0xFEF02AEA); Y input = Engine speed (ETV copy) (RAM 0xFEF02AEC).

AXES: X axis: 23 points, 0.00 to 86.4 deg (abs. accel angle); Y axis: 20 points, 800 to 4400 RPM.

VALUES (stock 5JCZSJ40): 0.00 to 0.00 raw - every cell is the same (0.00), so the function is probably disabled or unused in this calibration.

REFERENCE: data @0x1ACCDC, X axis @0x19097C, Y axis @0x18F240, descriptor @0x18FCB8, code FUN_7c8c2."
ETV 3 - 6,Throttle By Wire; Other ETV Maps; Flat Maps (unused/disabled?),0x1AD074,"23x20 map group right after the ETV 2 block using the grip-angle axis; small raw values, so likely a rate or limit rather than a throttle target. Function unconfirmed. (Family-level description - specific use not individually confirmed.)","23x20 map group right after the ETV 2 block using the grip-angle axis; small raw values, so likely a rate or limit rather than a throttle target. Function unconfirmed. (Family-level description - specific use not individually confirmed.)

HOW THE ECU USES IT: looked up by FUN_7c8c2; X input = Accelerator (grip) position (ETV copy) (RAM 0xFEF02AEA); Y input = Engine speed (ETV copy) (RAM 0xFEF02AEC).

AXES: X axis: 23 points, 0.00 to 86.4 deg (abs. accel angle); Y axis: 20 points, 800 to 4400 RPM.

VALUES (stock 5JCZSJ40): 0.00 to 0.00 raw - every cell is the same (0.00), so the function is probably disabled or unused in this calibration.

REFERENCE: data @0x1AD074, X axis @0x1909AC, Y axis @0x18F268, descriptor @0x18FCD4, code FUN_7c8c2."
ETV 3 - 7,Throttle By Wire; Other ETV Maps; Flat Maps (unused/disabled?),0x1AD40C,"23x20 map group right after the ETV 2 block using the grip-angle axis; small raw values, so likely a rate or limit rather than a throttle target. Function unconfirmed. (Family-level description - specific use not individually confirmed.)","23x20 map group right after the ETV 2 block using the grip-angle axis; small raw values, so likely a rate or limit rather than a throttle target. Function unconfirmed. (Family-level description - specific use not individually confirmed.)

HOW THE ECU USES IT: looked up by FUN_7c8c2; X input = Accelerator (grip) position (ETV copy) (RAM 0xFEF02AEA); Y input = Engine speed (ETV copy) (RAM 0xFEF02AEC).

AXES: X axis: 23 points, 0.00 to 86.4 deg (abs. accel angle); Y axis: 20 points, 800 to 4400 RPM.

VALUES (stock 5JCZSJ40): 0.00 to 0.00 raw - every cell is the same (0.00), so the function is probably disabled or unused in this calibration.

REFERENCE: data @0x1AD40C, X axis @0x1909DC, Y axis @0x18F290, descriptor @0x18FCF0, code FUN_7c8c2."
Cluster E :: Curve [RPM] 21pt FUN_7f430 #38F,"Unidentified - Cluster E (IDs 0x38E-0x455, post-ETV)",0x1AE8E0,Function not yet identified. Name reflects the inputs the code feeds this table.,"Function not yet identified. Name reflects the inputs the code feeds this table.

HOW THE ECU USES IT: looked up by FUN_7f430; X input = .

AXES: X axis: 21 points, 800 to 10000 RPM.

VALUES (stock 5JCZSJ40): 157 to 49793 raw.

REFERENCE: data @0x1AE8E0, X axis @0x1AE8B4, descriptor @0x1AD988, code FUN_7f430."
ECT Comp :: Curve [ECT] 16pt FUN_81480 #390 (flat),"ECT Compensation; Unidentified - Cluster E (IDs 0x38E-0x455, post-ETV); Flat Maps (unused/disabled?)",0x1AD92C,Engine-coolant-temperature compensation (warm-up / cold-start / temperature-dependent correction). (Family-level description - specific use not individually confirmed.),"Engine-coolant-temperature compensation (warm-up / cold-start / temperature-dependent correction). (Family-level description - specific use not individually confirmed.)

HOW THE ECU USES IT: looked up by FUN_81480; X input = Engine coolant temperature (ADC ch2D), 8-bit (RAM 0xFEF026BD).

AXES: X axis: 16 points, -30.0 to 120 deg C.

VALUES (stock 5JCZSJ40): 1000 to 1000 raw - every cell is the same (1000), so the function is probably disabled or unused in this calibration.

REFERENCE: data @0x1AD92C, X axis @0x1AD91C, descriptor @0x1AD99C, code FUN_81480."
Cluster E :: Curve [RAM_fef030a0] 11pt FUN_814a2 #391 (flat),"Unidentified - Cluster E (IDs 0x38E-0x455, post-ETV); Flat Maps (unused/disabled?)",0x1AE924,Function not yet identified. Name reflects the inputs the code feeds this table.,"Function not yet identified. Name reflects the inputs the code feeds this table.

HOW THE ECU USES IT: looked up by FUN_814a2; X input = RAM 0xfef030a0.

AXES: X axis: 11 points, 0.00 to 20.0 raw.

VALUES (stock 5JCZSJ40): 1000 to 1000 raw - every cell is the same (1000), so the function is probably disabled or unused in this calibration.

REFERENCE: data @0x1AE924, X axis @0x1AE90C, descriptor @0x1AD9B0, code FUN_814a2."
Pressure Comp :: Map [AP x RPM] 5x21 FUN_7f556 #392,"Pressure Compensation; Unidentified - Cluster E (IDs 0x38E-0x455, post-ETV)",0x1AFD68,Pressure-dependent correction indexed by manifold pressure (IAP) or barometric pressure (AP) - typically altitude / load compensation. (Family-level description - specific use not individually confirmed.),"Pressure-dependent correction indexed by manifold pressure (IAP) or barometric pressure (AP) - typically altitude / load compensation. (Family-level description - specific use not individually confirmed.)

HOW THE ECU USES IT: looked up by FUN_7f556; X input = Barometric/atmospheric pressure (AP sensor, ADC ch30) - used as the reference in calculated load and vacuum (RAM 0xFEF025C0); Y input = Engine speed (variant) (RAM 0xFEF02592).

AXES: X axis: 5 points, 60.0 to 100 kPa; Y axis: 21 points, 600 to 10000 RPM.

VALUES (stock 5JCZSJ40): 19581 to 47697 raw.

REFERENCE: data @0x1AFD68, X axis @0x1AE93C, Y axis @0x1AE948, descriptor @0x1AD9C4, code FUN_7f556."
Pressure Comp :: Map [IAP x RPM] 10x21 FUN_7fc6a #394,"Pressure Compensation; Unidentified - Cluster E (IDs 0x38E-0x455, post-ETV)",0x1AFE3C,Pressure-dependent correction indexed by manifold pressure (IAP) or barometric pressure (AP) - typically altitude / load compensation. (Family-level description - specific use not individually confirmed.),"Pressure-dependent correction indexed by manifold pressure (IAP) or barometric pressure (AP) - typically altitude / load compensation. (Family-level description - specific use not individually confirmed.)

HOW THE ECU USES IT: looked up by FUN_7fc6a; X input = Intake manifold pressure (IAP) copy (RAM 0xFEF026A8); Y input = Engine speed (variant) (RAM 0xFEF02592).

AXES: X axis: 10 points, 50.0 to 96.0 kPa; Y axis: 21 points, 1000 to 10500 RPM.

VALUES (stock 5JCZSJ40): 50.0 to 400 raw.

REFERENCE: data @0x1AFE3C, X axis @0x1AD9E0, Y axis @0x1AE974, descriptor @0x1AD9F4, code FUN_7fc6a."
Cluster E :: Curve [RPM] 21pt FUN_7fe48 #396 (flat),"Unidentified - Cluster E (IDs 0x38E-0x455, post-ETV); Flat Maps (unused/disabled?)",0x1AE9CC,Function not yet identified. Name reflects the inputs the code feeds this table.,"Function not yet identified. Name reflects the inputs the code feeds this table.

HOW THE ECU USES IT: looked up by FUN_7fe48; X input = Engine speed (variant) (RAM 0xFEF02592).

AXES: X axis: 21 points, 600 to 10000 RPM.

VALUES (stock 5JCZSJ40): 62902 to 62902 raw - every cell is the same (62902), so the function is probably disabled or unused in this calibration.

REFERENCE: data @0x1AE9CC, X axis @0x1AE9A0, descriptor @0x1ADA10, code FUN_7fe48."
Pressure Comp :: Map [IAP x RPM] 8x12 FUN_7fecc #397 (flat),"Pressure Compensation; Unidentified - Cluster E (IDs 0x38E-0x455, post-ETV); Flat Maps (unused/disabled?)",0x1AFFE0,Pressure-dependent correction indexed by manifold pressure (IAP) or barometric pressure (AP) - typically altitude / load compensation. (Family-level description - specific use not individually confirmed.),"Pressure-dependent correction indexed by manifold pressure (IAP) or barometric pressure (AP) - typically altitude / load compensation. (Family-level description - specific use not individually confirmed.)

HOW THE ECU USES IT: looked up by FUN_7fecc; X input = Intake manifold pressure (IAP) copy (RAM 0xFEF026A8); Y input = Engine speed (variant) (RAM 0xFEF02592).

AXES: X axis: 8 points, 30.4 to 101 kPa; Y axis: 12 points, 400 to 4800 RPM.

VALUES (stock 5JCZSJ40): 400 to 400 raw - every cell is the same (400), so the function is probably disabled or unused in this calibration.

REFERENCE: data @0x1AFFE0, X axis @0x1AD94C, Y axis @0x1AD95C, descriptor @0x1ADA24, code FUN_7fecc."
Cluster E :: Curve [RPM] 21pt FUN_7ff9e #399 (flat),"Unidentified - Cluster E (IDs 0x38E-0x455, post-ETV); Flat Maps (unused/disabled?)",0x1AEA24,Function not yet identified. Name reflects the inputs the code feeds this table.,"Function not yet identified. Name reflects the inputs the code feeds this table.

HOW THE ECU USES IT: looked up by FUN_7ff9e; X input = Engine speed (variant) (RAM 0xFEF02592).

AXES: X axis: 21 points, 600 to 10000 RPM.

VALUES (stock 5JCZSJ40): 2.00 to 2.00 raw - every cell is the same (2.00), so the function is probably disabled or unused in this calibration.

REFERENCE: data @0x1AEA24, X axis @0x1AE9F8, descriptor @0x1ADA40, code FUN_7ff9e."
Cluster E :: Curve [RPM] 21pt FUN_803dc #39A (flat),"Unidentified - Cluster E (IDs 0x38E-0x455, post-ETV); Flat Maps (unused/disabled?)",0x1AEA7C,Function not yet identified. Name reflects the inputs the code feeds this table.,"Function not yet identified. Name reflects the inputs the code feeds this table.

HOW THE ECU USES IT: looked up by FUN_803dc; X input = Engine speed (variant) (RAM 0xFEF02592).

AXES: X axis: 21 points, 600 to 10000 RPM.

VALUES (stock 5JCZSJ40): 2.00 to 2.00 raw - every cell is the same (2.00), so the function is probably disabled or unused in this calibration.

REFERENCE: data @0x1AEA7C, X axis @0x1AEA50, descriptor @0x1ADA54, code FUN_803dc."
Pressure Comp :: Map [IAP x RPM] 5x21 FUN_80ffc #39B (flat),"Pressure Compensation; Unidentified - Cluster E (IDs 0x38E-0x455, post-ETV); Flat Maps (unused/disabled?)",0x1B00A0,Pressure-dependent correction indexed by manifold pressure (IAP) or barometric pressure (AP) - typically altitude / load compensation. (Family-level description - specific use not individually confirmed.),"Pressure-dependent correction indexed by manifold pressure (IAP) or barometric pressure (AP) - typically altitude / load compensation. (Family-level description - specific use not individually confirmed.)

HOW THE ECU USES IT: looked up by FUN_80ffc; X input = Intake manifold pressure (IAP) copy (RAM 0xFEF026A8); Y input = Engine speed (variant) (RAM 0xFEF02592).

AXES: X axis: 5 points, 56.0 to 95.0 kPa; Y axis: 21 points, 600 to 10000 RPM.

VALUES (stock 5JCZSJ40): 3000 to 3000 raw - every cell is the same (3000), so the function is probably disabled or unused in this calibration.

REFERENCE: data @0x1B00A0, X axis @0x1AEAA8, Y axis @0x1AEAB4, descriptor @0x1ADA68, code FUN_80ffc."
Pressure Comp :: Map [IAP x RPM] 5x21 FUN_80ffc #39D (flat),"Pressure Compensation; Unidentified - Cluster E (IDs 0x38E-0x455, post-ETV); Flat Maps (unused/disabled?)",0x1B0174,Pressure-dependent correction indexed by manifold pressure (IAP) or barometric pressure (AP) - typically altitude / load compensation. (Family-level description - specific use not individually confirmed.),"Pressure-dependent correction indexed by manifold pressure (IAP) or barometric pressure (AP) - typically altitude / load compensation. (Family-level description - specific use not individually confirmed.)

HOW THE ECU USES IT: looked up by FUN_80ffc; X input = Intake manifold pressure (IAP) copy (RAM 0xFEF026A8); Y input = Engine speed (variant) (RAM 0xFEF02592).

AXES: X axis: 5 points, 56.0 to 95.0 kPa; Y axis: 21 points, 600 to 10000 RPM.

VALUES (stock 5JCZSJ40): 3100 to 3100 raw - every cell is the same (3100), so the function is probably disabled or unused in this calibration.

REFERENCE: data @0x1B0174, X axis @0x1AEAE0, Y axis @0x1AEAEC, descriptor @0x1ADA84, code FUN_80ffc."
Pressure Comp :: Map [IAP x RPM] 5x21 FUN_80ffc #39F (flat),"Pressure Compensation; Unidentified - Cluster E (IDs 0x38E-0x455, post-ETV); Flat Maps (unused/disabled?)",0x1B0248,Pressure-dependent correction indexed by manifold pressure (IAP) or barometric pressure (AP) - typically altitude / load compensation. (Family-level description - specific use not individually confirmed.),"Pressure-dependent correction indexed by manifold pressure (IAP) or barometric pressure (AP) - typically altitude / load compensation. (Family-level description - specific use not individually confirmed.)

HOW THE ECU USES IT: looked up by FUN_80ffc; X input = Intake manifold pressure (IAP) copy (RAM 0xFEF026A8); Y input = Engine speed (variant) (RAM 0xFEF02592).

AXES: X axis: 5 points, 56.0 to 95.0 kPa; Y axis: 21 points, 600 to 10000 RPM.

VALUES (stock 5JCZSJ40): 3000 to 3000 raw - every cell is the same (3000), so the function is probably disabled or unused in this calibration.

REFERENCE: data @0x1B0248, X axis @0x1AEB18, Y axis @0x1AEB24, descriptor @0x1ADAA0, code FUN_80ffc."
Pressure Comp :: Map [IAP x RPM] 5x21 FUN_80ffc #3A1 (flat),"Pressure Compensation; Unidentified - Cluster E (IDs 0x38E-0x455, post-ETV); Flat Maps (unused/disabled?)",0x1B031C,Pressure-dependent correction indexed by manifold pressure (IAP) or barometric pressure (AP) - typically altitude / load compensation. (Family-level description - specific use not individually confirmed.),"Pressure-dependent correction indexed by manifold pressure (IAP) or barometric pressure (AP) - typically altitude / load compensation. (Family-level description - specific use not individually confirmed.)

HOW THE ECU USES IT: looked up by FUN_80ffc; X input = Intake manifold pressure (IAP) copy (RAM 0xFEF026A8); Y input = Engine speed (variant) (RAM 0xFEF02592).

AXES: X axis: 5 points, 56.0 to 95.0 kPa; Y axis: 21 points, 600 to 10000 RPM.

VALUES (stock 5JCZSJ40): 3000 to 3000 raw - every cell is the same (3000), so the function is probably disabled or unused in this calibration.

REFERENCE: data @0x1B031C, X axis @0x1AEB50, Y axis @0x1AEB5C, descriptor @0x1ADABC, code FUN_80ffc."
Pressure Comp :: Map [IAP x RPM] 5x21 FUN_80ffc #3A3 (flat),"Pressure Compensation; Unidentified - Cluster E (IDs 0x38E-0x455, post-ETV); Flat Maps (unused/disabled?)",0x1B03F0,Pressure-dependent correction indexed by manifold pressure (IAP) or barometric pressure (AP) - typically altitude / load compensation. (Family-level description - specific use not individually confirmed.),"Pressure-dependent correction indexed by manifold pressure (IAP) or barometric pressure (AP) - typically altitude / load compensation. (Family-level description - specific use not individually confirmed.)

HOW THE ECU USES IT: looked up by FUN_80ffc; X input = Intake manifold pressure (IAP) copy (RAM 0xFEF026A8); Y input = Engine speed (variant) (RAM 0xFEF02592).

AXES: X axis: 5 points, 56.0 to 95.0 kPa; Y axis: 21 points, 600 to 10000 RPM.

VALUES (stock 5JCZSJ40): 3100 to 3100 raw - every cell is the same (3100), so the function is probably disabled or unused in this calibration.

REFERENCE: data @0x1B03F0, X axis @0x1AEB88, Y axis @0x1AEB94, descriptor @0x1ADAD8, code FUN_80ffc."
Pressure Comp :: Map [IAP x RPM] 5x21 FUN_80ffc #3A5 (flat),"Pressure Compensation; Unidentified - Cluster E (IDs 0x38E-0x455, post-ETV); Flat Maps (unused/disabled?)",0x1B04C4,Pressure-dependent correction indexed by manifold pressure (IAP) or barometric pressure (AP) - typically altitude / load compensation. (Family-level description - specific use not individually confirmed.),"Pressure-dependent correction indexed by manifold pressure (IAP) or barometric pressure (AP) - typically altitude / load compensation. (Family-level description - specific use not individually confirmed.)

HOW THE ECU USES IT: looked up by FUN_80ffc; X input = Intake manifold pressure (IAP) copy (RAM 0xFEF026A8); Y input = Engine speed (variant) (RAM 0xFEF02592).

AXES: X axis: 5 points, 56.0 to 95.0 kPa; Y axis: 21 points, 600 to 10000 RPM.

VALUES (stock 5JCZSJ40): 3000 to 3000 raw - every cell is the same (3000), so the function is probably disabled or unused in this calibration.

REFERENCE: data @0x1B04C4, X axis @0x1AEBC0, Y axis @0x1AEBCC, descriptor @0x1ADAF4, code FUN_80ffc."
Pressure Comp :: Map [IAP x RPM] 5x21 FUN_81086 #3A7 (flat),"Pressure Compensation; Unidentified - Cluster E (IDs 0x38E-0x455, post-ETV); Flat Maps (unused/disabled?)",0x1B0598,Pressure-dependent correction indexed by manifold pressure (IAP) or barometric pressure (AP) - typically altitude / load compensation. (Family-level description - specific use not individually confirmed.),"Pressure-dependent correction indexed by manifold pressure (IAP) or barometric pressure (AP) - typically altitude / load compensation. (Family-level description - specific use not individually confirmed.)

HOW THE ECU USES IT: looked up by FUN_81086; X input = Intake manifold pressure (IAP) copy (RAM 0xFEF026A8); Y input = Engine speed (variant) (RAM 0xFEF02592).

AXES: X axis: 5 points, 56.0 to 95.0 kPa; Y axis: 21 points, 600 to 10000 RPM.

VALUES (stock 5JCZSJ40): 3000 to 3000 raw - every cell is the same (3000), so the function is probably disabled or unused in this calibration.

REFERENCE: data @0x1B0598, X axis @0x1AEBF8, Y axis @0x1AEC04, descriptor @0x1ADB10, code FUN_81086."
Pressure Comp :: Map [IAP x RPM] 5x21 FUN_81086 #3A9 (flat),"Pressure Compensation; Unidentified - Cluster E (IDs 0x38E-0x455, post-ETV); Flat Maps (unused/disabled?)",0x1B066C,Pressure-dependent correction indexed by manifold pressure (IAP) or barometric pressure (AP) - typically altitude / load compensation. (Family-level description - specific use not individually confirmed.),"Pressure-dependent correction indexed by manifold pressure (IAP) or barometric pressure (AP) - typically altitude / load compensation. (Family-level description - specific use not individually confirmed.)

HOW THE ECU USES IT: looked up by FUN_81086; X input = Intake manifold pressure (IAP) copy (RAM 0xFEF026A8); Y input = Engine speed (variant) (RAM 0xFEF02592).

AXES: X axis: 5 points, 56.0 to 95.0 kPa; Y axis: 21 points, 600 to 10000 RPM.

VALUES (stock 5JCZSJ40): 3100 to 3100 raw - every cell is the same (3100), so the function is probably disabled or unused in this calibration.

REFERENCE: data @0x1B066C, X axis @0x1AEC30, Y axis @0x1AEC3C, descriptor @0x1ADB2C, code FUN_81086."
Pressure Comp :: Map [IAP x RPM] 5x21 FUN_81086 #3AB (flat),"Pressure Compensation; Unidentified - Cluster E (IDs 0x38E-0x455, post-ETV); Flat Maps (unused/disabled?)",0x1B0740,Pressure-dependent correction indexed by manifold pressure (IAP) or barometric pressure (AP) - typically altitude / load compensation. (Family-level description - specific use not individually confirmed.),"Pressure-dependent correction indexed by manifold pressure (IAP) or barometric pressure (AP) - typically altitude / load compensation. (Family-level description - specific use not individually confirmed.)

HOW THE ECU USES IT: looked up by FUN_81086; X input = Intake manifold pressure (IAP) copy (RAM 0xFEF026A8); Y input = Engine speed (variant) (RAM 0xFEF02592).

AXES: X axis: 5 points, 56.0 to 95.0 kPa; Y axis: 21 points, 600 to 10000 RPM.

VALUES (stock 5JCZSJ40): 3000 to 3000 raw - every cell is the same (3000), so the function is probably disabled or unused in this calibration.

REFERENCE: data @0x1B0740, X axis @0x1AEC68, Y axis @0x1AEC74, descriptor @0x1ADB48, code FUN_81086."
Pressure Comp :: Map [IAP x RPM] 5x21 FUN_81086 #3AD,"Pressure Compensation; Unidentified - Cluster E (IDs 0x38E-0x455, post-ETV)",0x1B0814,Pressure-dependent correction indexed by manifold pressure (IAP) or barometric pressure (AP) - typically altitude / load compensation. (Family-level description - specific use not individually confirmed.),"Pressure-dependent correction indexed by manifold pressure (IAP) or barometric pressure (AP) - typically altitude / load compensation. (Family-level description - specific use not individually confirmed.)

HOW THE ECU USES IT: looked up by FUN_81086; X input = Intake manifold pressure (IAP) copy (RAM 0xFEF026A8); Y input = Engine speed (variant) (RAM 0xFEF02592).

AXES: X axis: 5 points, 56.0 to 95.0 kPa; Y axis: 21 points, 600 to 10000 RPM.

VALUES (stock 5JCZSJ40): 177 to 1000 raw.

REFERENCE: data @0x1B0814, X axis @0x1AECA0, Y axis @0x1AECAC, descriptor @0x1ADB64, code FUN_81086."
Pressure Comp :: Map [IAP x RPM] 5x21 FUN_81086 #3AF,"Pressure Compensation; Unidentified - Cluster E (IDs 0x38E-0x455, post-ETV)",0x1B08E8,Pressure-dependent correction indexed by manifold pressure (IAP) or barometric pressure (AP) - typically altitude / load compensation. (Family-level description - specific use not individually confirmed.),"Pressure-dependent correction indexed by manifold pressure (IAP) or barometric pressure (AP) - typically altitude / load compensation. (Family-level description - specific use not individually confirmed.)

HOW THE ECU USES IT: looked up by FUN_81086; X input = Intake manifold pressure (IAP) copy (RAM 0xFEF026A8); Y input = Engine speed (variant) (RAM 0xFEF02592).

AXES: X axis: 5 points, 56.0 to 95.0 kPa; Y axis: 21 points, 600 to 10000 RPM.

VALUES (stock 5JCZSJ40): 962 to 2131 raw.

REFERENCE: data @0x1B08E8, X axis @0x1AECD8, Y axis @0x1AECE4, descriptor @0x1ADB80, code FUN_81086."
Pressure Comp :: Map [IAP x RPM] 5x21 FUN_81086 #3B1,"Pressure Compensation; Unidentified - Cluster E (IDs 0x38E-0x455, post-ETV)",0x1B09BC,Pressure-dependent correction indexed by manifold pressure (IAP) or barometric pressure (AP) - typically altitude / load compensation. (Family-level description - specific use not individually confirmed.),"Pressure-dependent correction indexed by manifold pressure (IAP) or barometric pressure (AP) - typically altitude / load compensation. (Family-level description - specific use not individually confirmed.)

HOW THE ECU USES IT: looked up by FUN_81086; X input = Intake manifold pressure (IAP) copy (RAM 0xFEF026A8); Y input = Engine speed (variant) (RAM 0xFEF02592).

AXES: X axis: 5 points, 56.0 to 95.0 kPa; Y axis: 21 points, 600 to 10000 RPM.

VALUES (stock 5JCZSJ40): 800 to 1853 raw.

REFERENCE: data @0x1B09BC, X axis @0x1AED10, Y axis @0x1AED1C, descriptor @0x1ADB9C, code FUN_81086."
Pressure Comp :: Map [IAP x RPM] 5x21 FUN_81110 #3B3 (flat),"Pressure Compensation; Unidentified - Cluster E (IDs 0x38E-0x455, post-ETV); Flat Maps (unused/disabled?)",0x1B0A90,Pressure-dependent correction indexed by manifold pressure (IAP) or barometric pressure (AP) - typically altitude / load compensation. (Family-level description - specific use not individually confirmed.),"Pressure-dependent correction indexed by manifold pressure (IAP) or barometric pressure (AP) - typically altitude / load compensation. (Family-level description - specific use not individually confirmed.)

HOW THE ECU USES IT: looked up by FUN_81110; X input = Intake manifold pressure (IAP) copy (RAM 0xFEF026A8); Y input = Engine speed (variant) (RAM 0xFEF02592).

AXES: X axis: 5 points, 56.0 to 95.0 kPa; Y axis: 21 points, 600 to 10000 RPM.

VALUES (stock 5JCZSJ40): 3000 to 3000 raw - every cell is the same (3000), so the function is probably disabled or unused in this calibration.

REFERENCE: data @0x1B0A90, X axis @0x1AED48, Y axis @0x1AED54, descriptor @0x1ADBB8, code FUN_81110."
Pressure Comp :: Map [IAP x RPM] 5x21 FUN_81110 #3B5 (flat),"Pressure Compensation; Unidentified - Cluster E (IDs 0x38E-0x455, post-ETV); Flat Maps (unused/disabled?)",0x1B0B64,Pressure-dependent correction indexed by manifold pressure (IAP) or barometric pressure (AP) - typically altitude / load compensation. (Family-level description - specific use not individually confirmed.),"Pressure-dependent correction indexed by manifold pressure (IAP) or barometric pressure (AP) - typically altitude / load compensation. (Family-level description - specific use not individually confirmed.)

HOW THE ECU USES IT: looked up by FUN_81110; X input = Intake manifold pressure (IAP) copy (RAM 0xFEF026A8); Y input = Engine speed (variant) (RAM 0xFEF02592).

AXES: X axis: 5 points, 56.0 to 95.0 kPa; Y axis: 21 points, 600 to 10000 RPM.

VALUES (stock 5JCZSJ40): 3100 to 3100 raw - every cell is the same (3100), so the function is probably disabled or unused in this calibration.

REFERENCE: data @0x1B0B64, X axis @0x1AED80, Y axis @0x1AED8C, descriptor @0x1ADBD4, code FUN_81110."
Pressure Comp :: Map [IAP x RPM] 5x21 FUN_81110 #3B7 (flat),"Pressure Compensation; Unidentified - Cluster E (IDs 0x38E-0x455, post-ETV); Flat Maps (unused/disabled?)",0x1B0C38,Pressure-dependent correction indexed by manifold pressure (IAP) or barometric pressure (AP) - typically altitude / load compensation. (Family-level description - specific use not individually confirmed.),"Pressure-dependent correction indexed by manifold pressure (IAP) or barometric pressure (AP) - typically altitude / load compensation. (Family-level description - specific use not individually confirmed.)

HOW THE ECU USES IT: looked up by FUN_81110; X input = Intake manifold pressure (IAP) copy (RAM 0xFEF026A8); Y input = Engine speed (variant) (RAM 0xFEF02592).

AXES: X axis: 5 points, 56.0 to 95.0 kPa; Y axis: 21 points, 600 to 10000 RPM.

VALUES (stock 5JCZSJ40): 3000 to 3000 raw - every cell is the same (3000), so the function is probably disabled or unused in this calibration.

REFERENCE: data @0x1B0C38, X axis @0x1AEDB8, Y axis @0x1AEDC4, descriptor @0x1ADBF0, code FUN_81110."
Pressure Comp :: Map [IAP x RPM] 5x21 FUN_81110 #3B9 (flat),"Pressure Compensation; Unidentified - Cluster E (IDs 0x38E-0x455, post-ETV); Flat Maps (unused/disabled?)",0x1B0D0C,Pressure-dependent correction indexed by manifold pressure (IAP) or barometric pressure (AP) - typically altitude / load compensation. (Family-level description - specific use not individually confirmed.),"Pressure-dependent correction indexed by manifold pressure (IAP) or barometric pressure (AP) - typically altitude / load compensation. (Family-level description - specific use not individually confirmed.)

HOW THE ECU USES IT: looked up by FUN_81110; X input = Intake manifold pressure (IAP) copy (RAM 0xFEF026A8); Y input = Engine speed (variant) (RAM 0xFEF02592).

AXES: X axis: 5 points, 56.0 to 95.0 kPa; Y axis: 21 points, 600 to 10000 RPM.

VALUES (stock 5JCZSJ40): 3000 to 3000 raw - every cell is the same (3000), so the function is probably disabled or unused in this calibration.

REFERENCE: data @0x1B0D0C, X axis @0x1AEDF0, Y axis @0x1AEDFC, descriptor @0x1ADC0C, code FUN_81110."
Pressure Comp :: Map [IAP x RPM] 5x21 FUN_81110 #3BB (flat),"Pressure Compensation; Unidentified - Cluster E (IDs 0x38E-0x455, post-ETV); Flat Maps (unused/disabled?)",0x1B0DE0,Pressure-dependent correction indexed by manifold pressure (IAP) or barometric pressure (AP) - typically altitude / load compensation. (Family-level description - specific use not individually confirmed.),"Pressure-dependent correction indexed by manifold pressure (IAP) or barometric pressure (AP) - typically altitude / load compensation. (Family-level description - specific use not individually confirmed.)

HOW THE ECU USES IT: looked up by FUN_81110; X input = Intake manifold pressure (IAP) copy (RAM 0xFEF026A8); Y input = Engine speed (variant) (RAM 0xFEF02592).

AXES: X axis: 5 points, 56.0 to 95.0 kPa; Y axis: 21 points, 600 to 10000 RPM.

VALUES (stock 5JCZSJ40): 3100 to 3100 raw - every cell is the same (3100), so the function is probably disabled or unused in this calibration.

REFERENCE: data @0x1B0DE0, X axis @0x1AEE28, Y axis @0x1AEE34, descriptor @0x1ADC28, code FUN_81110."
Pressure Comp :: Map [IAP x RPM] 5x21 FUN_81110 #3BD (flat),"Pressure Compensation; Unidentified - Cluster E (IDs 0x38E-0x455, post-ETV); Flat Maps (unused/disabled?)",0x1B0EB4,Pressure-dependent correction indexed by manifold pressure (IAP) or barometric pressure (AP) - typically altitude / load compensation. (Family-level description - specific use not individually confirmed.),"Pressure-dependent correction indexed by manifold pressure (IAP) or barometric pressure (AP) - typically altitude / load compensation. (Family-level description - specific use not individually confirmed.)

HOW THE ECU USES IT: looked up by FUN_81110; X input = Intake manifold pressure (IAP) copy (RAM 0xFEF026A8); Y input = Engine speed (variant) (RAM 0xFEF02592).

AXES: X axis: 5 points, 56.0 to 95.0 kPa; Y axis: 21 points, 600 to 10000 RPM.

VALUES (stock 5JCZSJ40): 3000 to 3000 raw - every cell is the same (3000), so the function is probably disabled or unused in this calibration.

REFERENCE: data @0x1B0EB4, X axis @0x1AEE60, Y axis @0x1AEE6C, descriptor @0x1ADC44, code FUN_81110."
Pressure Comp :: Map [IAP x RPM] 5x21 FUN_8119a #3BF (flat),"Pressure Compensation; Unidentified - Cluster E (IDs 0x38E-0x455, post-ETV); Flat Maps (unused/disabled?)",0x1B0F88,Pressure-dependent correction indexed by manifold pressure (IAP) or barometric pressure (AP) - typically altitude / load compensation. (Family-level description - specific use not individually confirmed.),"Pressure-dependent correction indexed by manifold pressure (IAP) or barometric pressure (AP) - typically altitude / load compensation. (Family-level description - specific use not individually confirmed.)

HOW THE ECU USES IT: looked up by FUN_8119a; X input = Intake manifold pressure (IAP) copy (RAM 0xFEF026A8); Y input = Engine speed (variant) (RAM 0xFEF02592).

AXES: X axis: 5 points, 56.0 to 95.0 kPa; Y axis: 21 points, 600 to 10000 RPM.

VALUES (stock 5JCZSJ40): 3000 to 3000 raw - every cell is the same (3000), so the function is probably disabled or unused in this calibration.

REFERENCE: data @0x1B0F88, X axis @0x1AEE98, Y axis @0x1AEEA4, descriptor @0x1ADC60, code FUN_8119a."
Pressure Comp :: Map [IAP x RPM] 5x21 FUN_8119a #3C1 (flat),"Pressure Compensation; Unidentified - Cluster E (IDs 0x38E-0x455, post-ETV); Flat Maps (unused/disabled?)",0x1B105C,Pressure-dependent correction indexed by manifold pressure (IAP) or barometric pressure (AP) - typically altitude / load compensation. (Family-level description - specific use not individually confirmed.),"Pressure-dependent correction indexed by manifold pressure (IAP) or barometric pressure (AP) - typically altitude / load compensation. (Family-level description - specific use not individually confirmed.)

HOW THE ECU USES IT: looked up by FUN_8119a; X input = Intake manifold pressure (IAP) copy (RAM 0xFEF026A8); Y input = Engine speed (variant) (RAM 0xFEF02592).

AXES: X axis: 5 points, 56.0 to 95.0 kPa; Y axis: 21 points, 600 to 10000 RPM.

VALUES (stock 5JCZSJ40): 3100 to 3100 raw - every cell is the same (3100), so the function is probably disabled or unused in this calibration.

REFERENCE: data @0x1B105C, X axis @0x1AEED0, Y axis @0x1AEEDC, descriptor @0x1ADC7C, code FUN_8119a."
Pressure Comp :: Map [IAP x RPM] 5x21 FUN_8119a #3C3 (flat),"Pressure Compensation; Unidentified - Cluster E (IDs 0x38E-0x455, post-ETV); Flat Maps (unused/disabled?)",0x1B1130,Pressure-dependent correction indexed by manifold pressure (IAP) or barometric pressure (AP) - typically altitude / load compensation. (Family-level description - specific use not individually confirmed.),"Pressure-dependent correction indexed by manifold pressure (IAP) or barometric pressure (AP) - typically altitude / load compensation. (Family-level description - specific use not individually confirmed.)

HOW THE ECU USES IT: looked up by FUN_8119a; X input = Intake manifold pressure (IAP) copy (RAM 0xFEF026A8); Y input = Engine speed (variant) (RAM 0xFEF02592).

AXES: X axis: 5 points, 56.0 to 95.0 kPa; Y axis: 21 points, 600 to 10000 RPM.

VALUES (stock 5JCZSJ40): 3000 to 3000 raw - every cell is the same (3000), so the function is probably disabled or unused in this calibration.

REFERENCE: data @0x1B1130, X axis @0x1AEF08, Y axis @0x1AEF14, descriptor @0x1ADC98, code FUN_8119a."
Pressure Comp :: Map [IAP x RPM] 5x21 FUN_8119a #3C5,"Pressure Compensation; Unidentified - Cluster E (IDs 0x38E-0x455, post-ETV)",0x1B1204,Pressure-dependent correction indexed by manifold pressure (IAP) or barometric pressure (AP) - typically altitude / load compensation. (Family-level description - specific use not individually confirmed.),"Pressure-dependent correction indexed by manifold pressure (IAP) or barometric pressure (AP) - typically altitude / load compensation. (Family-level description - specific use not individually confirmed.)

HOW THE ECU USES IT: looked up by FUN_8119a; X input = Intake manifold pressure (IAP) copy (RAM 0xFEF026A8); Y input = Engine speed (variant) (RAM 0xFEF02592).

AXES: X axis: 5 points, 56.0 to 95.0 kPa; Y axis: 21 points, 600 to 10000 RPM.

VALUES (stock 5JCZSJ40): 300 to 1000 raw.

REFERENCE: data @0x1B1204, X axis @0x1AEF40, Y axis @0x1AEF4C, descriptor @0x1ADCB4, code FUN_8119a."
Pressure Comp :: Map [IAP x RPM] 5x21 FUN_8119a #3C7,"Pressure Compensation; Unidentified - Cluster E (IDs 0x38E-0x455, post-ETV)",0x1B12D8,Pressure-dependent correction indexed by manifold pressure (IAP) or barometric pressure (AP) - typically altitude / load compensation. (Family-level description - specific use not individually confirmed.),"Pressure-dependent correction indexed by manifold pressure (IAP) or barometric pressure (AP) - typically altitude / load compensation. (Family-level description - specific use not individually confirmed.)

HOW THE ECU USES IT: looked up by FUN_8119a; X input = Intake manifold pressure (IAP) copy (RAM 0xFEF026A8); Y input = Engine speed (variant) (RAM 0xFEF02592).

AXES: X axis: 5 points, 56.0 to 95.0 kPa; Y axis: 21 points, 600 to 10000 RPM.

VALUES (stock 5JCZSJ40): 1100 to 1849 raw.

REFERENCE: data @0x1B12D8, X axis @0x1AEF78, Y axis @0x1AEF84, descriptor @0x1ADCD0, code FUN_8119a."
Pressure Comp :: Map [IAP x RPM] 5x21 FUN_8119a #3C9,"Pressure Compensation; Unidentified - Cluster E (IDs 0x38E-0x455, post-ETV)",0x1B13AC,Pressure-dependent correction indexed by manifold pressure (IAP) or barometric pressure (AP) - typically altitude / load compensation. (Family-level description - specific use not individually confirmed.),"Pressure-dependent correction indexed by manifold pressure (IAP) or barometric pressure (AP) - typically altitude / load compensation. (Family-level description - specific use not individually confirmed.)

HOW THE ECU USES IT: looked up by FUN_8119a; X input = Intake manifold pressure (IAP) copy (RAM 0xFEF026A8); Y input = Engine speed (variant) (RAM 0xFEF02592).

AXES: X axis: 5 points, 56.0 to 95.0 kPa; Y axis: 21 points, 600 to 10000 RPM.

VALUES (stock 5JCZSJ40): 800 to 1834 raw.

REFERENCE: data @0x1B13AC, X axis @0x1AEFB0, Y axis @0x1AEFBC, descriptor @0x1ADCEC, code FUN_8119a."
Pressure Comp :: Map [IAP x RPM] 5x21 FUN_81224 #3CB (flat),"Pressure Compensation; Unidentified - Cluster E (IDs 0x38E-0x455, post-ETV); Flat Maps (unused/disabled?)",0x1B1480,Pressure-dependent correction indexed by manifold pressure (IAP) or barometric pressure (AP) - typically altitude / load compensation. (Family-level description - specific use not individually confirmed.),"Pressure-dependent correction indexed by manifold pressure (IAP) or barometric pressure (AP) - typically altitude / load compensation. (Family-level description - specific use not individually confirmed.)

HOW THE ECU USES IT: looked up by FUN_81224; X input = Intake manifold pressure (IAP) copy (RAM 0xFEF026A8); Y input = Engine speed (variant) (RAM 0xFEF02592).

AXES: X axis: 5 points, 56.0 to 95.0 kPa; Y axis: 21 points, 600 to 10000 RPM.

VALUES (stock 5JCZSJ40): 3000 to 3000 raw - every cell is the same (3000), so the function is probably disabled or unused in this calibration.

REFERENCE: data @0x1B1480, X axis @0x1AEFE8, Y axis @0x1AEFF4, descriptor @0x1ADD08, code FUN_81224."
Pressure Comp :: Map [IAP x RPM] 5x21 FUN_81224 #3CD (flat),"Pressure Compensation; Unidentified - Cluster E (IDs 0x38E-0x455, post-ETV); Flat Maps (unused/disabled?)",0x1B1554,Pressure-dependent correction indexed by manifold pressure (IAP) or barometric pressure (AP) - typically altitude / load compensation. (Family-level description - specific use not individually confirmed.),"Pressure-dependent correction indexed by manifold pressure (IAP) or barometric pressure (AP) - typically altitude / load compensation. (Family-level description - specific use not individually confirmed.)

HOW THE ECU USES IT: looked up by FUN_81224; X input = Intake manifold pressure (IAP) copy (RAM 0xFEF026A8); Y input = Engine speed (variant) (RAM 0xFEF02592).

AXES: X axis: 5 points, 56.0 to 95.0 kPa; Y axis: 21 points, 600 to 10000 RPM.

VALUES (stock 5JCZSJ40): 3100 to 3100 raw - every cell is the same (3100), so the function is probably disabled or unused in this calibration.

REFERENCE: data @0x1B1554, X axis @0x1AF020, Y axis @0x1AF02C, descriptor @0x1ADD24, code FUN_81224."
Pressure Comp :: Map [IAP x RPM] 5x21 FUN_81224 #3CF (flat),"Pressure Compensation; Unidentified - Cluster E (IDs 0x38E-0x455, post-ETV); Flat Maps (unused/disabled?)",0x1B1628,Pressure-dependent correction indexed by manifold pressure (IAP) or barometric pressure (AP) - typically altitude / load compensation. (Family-level description - specific use not individually confirmed.),"Pressure-dependent correction indexed by manifold pressure (IAP) or barometric pressure (AP) - typically altitude / load compensation. (Family-level description - specific use not individually confirmed.)

HOW THE ECU USES IT: looked up by FUN_81224; X input = Intake manifold pressure (IAP) copy (RAM 0xFEF026A8); Y input = Engine speed (variant) (RAM 0xFEF02592).

AXES: X axis: 5 points, 56.0 to 95.0 kPa; Y axis: 21 points, 600 to 10000 RPM.

VALUES (stock 5JCZSJ40): 3000 to 3000 raw - every cell is the same (3000), so the function is probably disabled or unused in this calibration.

REFERENCE: data @0x1B1628, X axis @0x1AF058, Y axis @0x1AF064, descriptor @0x1ADD40, code FUN_81224."
Pressure Comp :: Map [IAP x RPM] 5x21 FUN_81224 #3D1,"Pressure Compensation; Unidentified - Cluster E (IDs 0x38E-0x455, post-ETV)",0x1B16FC,Pressure-dependent correction indexed by manifold pressure (IAP) or barometric pressure (AP) - typically altitude / load compensation. (Family-level description - specific use not individually confirmed.),"Pressure-dependent correction indexed by manifold pressure (IAP) or barometric pressure (AP) - typically altitude / load compensation. (Family-level description - specific use not individually confirmed.)

HOW THE ECU USES IT: looked up by FUN_81224; X input = Intake manifold pressure (IAP) copy (RAM 0xFEF026A8); Y input = Engine speed (variant) (RAM 0xFEF02592).

AXES: X axis: 5 points, 56.0 to 95.0 kPa; Y axis: 21 points, 600 to 10000 RPM.

VALUES (stock 5JCZSJ40): 536 to 1300 raw.

REFERENCE: data @0x1B16FC, X axis @0x1AF090, Y axis @0x1AF09C, descriptor @0x1ADD5C, code FUN_81224."
Pressure Comp :: Map [IAP x RPM] 5x21 FUN_81224 #3D3,"Pressure Compensation; Unidentified - Cluster E (IDs 0x38E-0x455, post-ETV)",0x1B17D0,Pressure-dependent correction indexed by manifold pressure (IAP) or barometric pressure (AP) - typically altitude / load compensation. (Family-level description - specific use not individually confirmed.),"Pressure-dependent correction indexed by manifold pressure (IAP) or barometric pressure (AP) - typically altitude / load compensation. (Family-level description - specific use not individually confirmed.)

HOW THE ECU USES IT: looked up by FUN_81224; X input = Intake manifold pressure (IAP) copy (RAM 0xFEF026A8); Y input = Engine speed (variant) (RAM 0xFEF02592).

AXES: X axis: 5 points, 56.0 to 95.0 kPa; Y axis: 21 points, 600 to 10000 RPM.

VALUES (stock 5JCZSJ40): 1100 to 2256 raw.

REFERENCE: data @0x1B17D0, X axis @0x1AF0C8, Y axis @0x1AF0D4, descriptor @0x1ADD78, code FUN_81224."
Pressure Comp :: Map [IAP x RPM] 5x21 FUN_81224 #3D5,"Pressure Compensation; Unidentified - Cluster E (IDs 0x38E-0x455, post-ETV)",0x1B18A4,Pressure-dependent correction indexed by manifold pressure (IAP) or barometric pressure (AP) - typically altitude / load compensation. (Family-level description - specific use not individually confirmed.),"Pressure-dependent correction indexed by manifold pressure (IAP) or barometric pressure (AP) - typically altitude / load compensation. (Family-level description - specific use not individually confirmed.)

HOW THE ECU USES IT: looked up by FUN_81224; X input = Intake manifold pressure (IAP) copy (RAM 0xFEF026A8); Y input = Engine speed (variant) (RAM 0xFEF02592).

AXES: X axis: 5 points, 56.0 to 95.0 kPa; Y axis: 21 points, 600 to 10000 RPM.

VALUES (stock 5JCZSJ40): 523 to 1518 raw.

REFERENCE: data @0x1B18A4, X axis @0x1AF100, Y axis @0x1AF10C, descriptor @0x1ADD94, code FUN_81224."
Pressure Comp :: Map [IAP x RPM] 5x21 FUN_812ae #3D7 (flat),"Pressure Compensation; Unidentified - Cluster E (IDs 0x38E-0x455, post-ETV); Flat Maps (unused/disabled?)",0x1B1978,Pressure-dependent correction indexed by manifold pressure (IAP) or barometric pressure (AP) - typically altitude / load compensation. (Family-level description - specific use not individually confirmed.),"Pressure-dependent correction indexed by manifold pressure (IAP) or barometric pressure (AP) - typically altitude / load compensation. (Family-level description - specific use not individually confirmed.)

HOW THE ECU USES IT: looked up by FUN_812ae; X input = Intake manifold pressure (IAP) copy (RAM 0xFEF026A8); Y input = Engine speed (variant) (RAM 0xFEF02592).

AXES: X axis: 5 points, 56.0 to 95.0 kPa; Y axis: 21 points, 600 to 10000 RPM.

VALUES (stock 5JCZSJ40): 3000 to 3000 raw - every cell is the same (3000), so the function is probably disabled or unused in this calibration.

REFERENCE: data @0x1B1978, X axis @0x1AF138, Y axis @0x1AF144, descriptor @0x1ADDB0, code FUN_812ae."
Pressure Comp :: Map [IAP x RPM] 5x21 FUN_812ae #3D9 (flat),"Pressure Compensation; Unidentified - Cluster E (IDs 0x38E-0x455, post-ETV); Flat Maps (unused/disabled?)",0x1B1A4C,Pressure-dependent correction indexed by manifold pressure (IAP) or barometric pressure (AP) - typically altitude / load compensation. (Family-level description - specific use not individually confirmed.),"Pressure-dependent correction indexed by manifold pressure (IAP) or barometric pressure (AP) - typically altitude / load compensation. (Family-level description - specific use not individually confirmed.)

HOW THE ECU USES IT: looked up by FUN_812ae; X input = Intake manifold pressure (IAP) copy (RAM 0xFEF026A8); Y input = Engine speed (variant) (RAM 0xFEF02592).

AXES: X axis: 5 points, 56.0 to 95.0 kPa; Y axis: 21 points, 600 to 10000 RPM.

VALUES (stock 5JCZSJ40): 3100 to 3100 raw - every cell is the same (3100), so the function is probably disabled or unused in this calibration.

REFERENCE: data @0x1B1A4C, X axis @0x1AF170, Y axis @0x1AF17C, descriptor @0x1ADDCC, code FUN_812ae."
Pressure Comp :: Map [IAP x RPM] 5x21 FUN_812ae #3DB (flat),"Pressure Compensation; Unidentified - Cluster E (IDs 0x38E-0x455, post-ETV); Flat Maps (unused/disabled?)",0x1B1B20,Pressure-dependent correction indexed by manifold pressure (IAP) or barometric pressure (AP) - typically altitude / load compensation. (Family-level description - specific use not individually confirmed.),"Pressure-dependent correction indexed by manifold pressure (IAP) or barometric pressure (AP) - typically altitude / load compensation. (Family-level description - specific use not individually confirmed.)

HOW THE ECU USES IT: looked up by FUN_812ae; X input = Intake manifold pressure (IAP) copy (RAM 0xFEF026A8); Y input = Engine speed (variant) (RAM 0xFEF02592).

AXES: X axis: 5 points, 56.0 to 95.0 kPa; Y axis: 21 points, 600 to 10000 RPM.

VALUES (stock 5JCZSJ40): 3000 to 3000 raw - every cell is the same (3000), so the function is probably disabled or unused in this calibration.

REFERENCE: data @0x1B1B20, X axis @0x1AF1A8, Y axis @0x1AF1B4, descriptor @0x1ADDE8, code FUN_812ae."
Pressure Comp :: Map [IAP x RPM] 5x21 FUN_812ae #3DD,"Pressure Compensation; Unidentified - Cluster E (IDs 0x38E-0x455, post-ETV)",0x1B1BF4,Pressure-dependent correction indexed by manifold pressure (IAP) or barometric pressure (AP) - typically altitude / load compensation. (Family-level description - specific use not individually confirmed.),"Pressure-dependent correction indexed by manifold pressure (IAP) or barometric pressure (AP) - typically altitude / load compensation. (Family-level description - specific use not individually confirmed.)

HOW THE ECU USES IT: looked up by FUN_812ae; X input = Intake manifold pressure (IAP) copy (RAM 0xFEF026A8); Y input = Engine speed (variant) (RAM 0xFEF02592).

AXES: X axis: 5 points, 56.0 to 95.0 kPa; Y axis: 21 points, 600 to 10000 RPM.

VALUES (stock 5JCZSJ40): 165 to 1000 raw.

REFERENCE: data @0x1B1BF4, X axis @0x1AF1E0, Y axis @0x1AF1EC, descriptor @0x1ADE04, code FUN_812ae."
Pressure Comp :: Map [IAP x RPM] 5x21 FUN_812ae #3DF,"Pressure Compensation; Unidentified - Cluster E (IDs 0x38E-0x455, post-ETV)",0x1B1CC8,Pressure-dependent correction indexed by manifold pressure (IAP) or barometric pressure (AP) - typically altitude / load compensation. (Family-level description - specific use not individually confirmed.),"Pressure-dependent correction indexed by manifold pressure (IAP) or barometric pressure (AP) - typically altitude / load compensation. (Family-level description - specific use not individually confirmed.)

HOW THE ECU USES IT: looked up by FUN_812ae; X input = Intake manifold pressure (IAP) copy (RAM 0xFEF026A8); Y input = Engine speed (variant) (RAM 0xFEF02592).

AXES: X axis: 5 points, 56.0 to 95.0 kPa; Y axis: 21 points, 600 to 10000 RPM.

VALUES (stock 5JCZSJ40): 1100 to 1957 raw.

REFERENCE: data @0x1B1CC8, X axis @0x1AF218, Y axis @0x1AF224, descriptor @0x1ADE20, code FUN_812ae."
Pressure Comp :: Map [IAP x RPM] 5x21 FUN_812ae #3E1,"Pressure Compensation; Unidentified - Cluster E (IDs 0x38E-0x455, post-ETV)",0x1B1D9C,Pressure-dependent correction indexed by manifold pressure (IAP) or barometric pressure (AP) - typically altitude / load compensation. (Family-level description - specific use not individually confirmed.),"Pressure-dependent correction indexed by manifold pressure (IAP) or barometric pressure (AP) - typically altitude / load compensation. (Family-level description - specific use not individually confirmed.)

HOW THE ECU USES IT: looked up by FUN_812ae; X input = Intake manifold pressure (IAP) copy (RAM 0xFEF026A8); Y input = Engine speed (variant) (RAM 0xFEF02592).

AXES: X axis: 5 points, 56.0 to 95.0 kPa; Y axis: 21 points, 600 to 10000 RPM.

VALUES (stock 5JCZSJ40): 900 to 1957 raw.

REFERENCE: data @0x1B1D9C, X axis @0x1AF250, Y axis @0x1AF25C, descriptor @0x1ADE3C, code FUN_812ae."
Pressure Comp :: Map [IAP x RPM] 5x21 FUN_81338 #3E3 (flat),"Pressure Compensation; Unidentified - Cluster E (IDs 0x38E-0x455, post-ETV); Flat Maps (unused/disabled?)",0x1B1E70,Pressure-dependent correction indexed by manifold pressure (IAP) or barometric pressure (AP) - typically altitude / load compensation. (Family-level description - specific use not individually confirmed.),"Pressure-dependent correction indexed by manifold pressure (IAP) or barometric pressure (AP) - typically altitude / load compensation. (Family-level description - specific use not individually confirmed.)

HOW THE ECU USES IT: looked up by FUN_81338; X input = Intake manifold pressure (IAP) copy (RAM 0xFEF026A8); Y input = Engine speed (variant) (RAM 0xFEF02592).

AXES: X axis: 5 points, 56.0 to 95.0 kPa; Y axis: 21 points, 600 to 10000 RPM.

VALUES (stock 5JCZSJ40): 3000 to 3000 raw - every cell is the same (3000), so the function is probably disabled or unused in this calibration.

REFERENCE: data @0x1B1E70, X axis @0x1AF288, Y axis @0x1AF294, descriptor @0x1ADE58, code FUN_81338."
Pressure Comp :: Map [IAP x RPM] 5x21 FUN_81338 #3E5 (flat),"Pressure Compensation; Unidentified - Cluster E (IDs 0x38E-0x455, post-ETV); Flat Maps (unused/disabled?)",0x1B1F44,Pressure-dependent correction indexed by manifold pressure (IAP) or barometric pressure (AP) - typically altitude / load compensation. (Family-level description - specific use not individually confirmed.),"Pressure-dependent correction indexed by manifold pressure (IAP) or barometric pressure (AP) - typically altitude / load compensation. (Family-level description - specific use not individually confirmed.)

HOW THE ECU USES IT: looked up by FUN_81338; X input = Intake manifold pressure (IAP) copy (RAM 0xFEF026A8); Y input = Engine speed (variant) (RAM 0xFEF02592).

AXES: X axis: 5 points, 56.0 to 95.0 kPa; Y axis: 21 points, 600 to 10000 RPM.

VALUES (stock 5JCZSJ40): 3100 to 3100 raw - every cell is the same (3100), so the function is probably disabled or unused in this calibration.

REFERENCE: data @0x1B1F44, X axis @0x1AF2C0, Y axis @0x1AF2CC, descriptor @0x1ADE74, code FUN_81338."
Pressure Comp :: Map [IAP x RPM] 5x21 FUN_81338 #3E7 (flat),"Pressure Compensation; Unidentified - Cluster E (IDs 0x38E-0x455, post-ETV); Flat Maps (unused/disabled?)",0x1B2018,Pressure-dependent correction indexed by manifold pressure (IAP) or barometric pressure (AP) - typically altitude / load compensation. (Family-level description - specific use not individually confirmed.),"Pressure-dependent correction indexed by manifold pressure (IAP) or barometric pressure (AP) - typically altitude / load compensation. (Family-level description - specific use not individually confirmed.)

HOW THE ECU USES IT: looked up by FUN_81338; X input = Intake manifold pressure (IAP) copy (RAM 0xFEF026A8); Y input = Engine speed (variant) (RAM 0xFEF02592).

AXES: X axis: 5 points, 56.0 to 95.0 kPa; Y axis: 21 points, 600 to 10000 RPM.

VALUES (stock 5JCZSJ40): 3000 to 3000 raw - every cell is the same (3000), so the function is probably disabled or unused in this calibration.

REFERENCE: data @0x1B2018, X axis @0x1AF2F8, Y axis @0x1AF304, descriptor @0x1ADE90, code FUN_81338."
Pressure Comp :: Map [IAP x RPM] 5x21 FUN_81338 #3E9,"Pressure Compensation; Unidentified - Cluster E (IDs 0x38E-0x455, post-ETV)",0x1B20EC,Pressure-dependent correction indexed by manifold pressure (IAP) or barometric pressure (AP) - typically altitude / load compensation. (Family-level description - specific use not individually confirmed.),"Pressure-dependent correction indexed by manifold pressure (IAP) or barometric pressure (AP) - typically altitude / load compensation. (Family-level description - specific use not individually confirmed.)

HOW THE ECU USES IT: looked up by FUN_81338; X input = Intake manifold pressure (IAP) copy (RAM 0xFEF026A8); Y input = Engine speed (variant) (RAM 0xFEF02592).

AXES: X axis: 5 points, 56.0 to 95.0 kPa; Y axis: 21 points, 600 to 10000 RPM.

VALUES (stock 5JCZSJ40): 436 to 1034 raw.

REFERENCE: data @0x1B20EC, X axis @0x1AF330, Y axis @0x1AF33C, descriptor @0x1ADEAC, code FUN_81338."
Pressure Comp :: Map [IAP x RPM] 5x21 FUN_81338 #3EB,"Pressure Compensation; Unidentified - Cluster E (IDs 0x38E-0x455, post-ETV)",0x1B21C0,Pressure-dependent correction indexed by manifold pressure (IAP) or barometric pressure (AP) - typically altitude / load compensation. (Family-level description - specific use not individually confirmed.),"Pressure-dependent correction indexed by manifold pressure (IAP) or barometric pressure (AP) - typically altitude / load compensation. (Family-level description - specific use not individually confirmed.)

HOW THE ECU USES IT: looked up by FUN_81338; X input = Intake manifold pressure (IAP) copy (RAM 0xFEF026A8); Y input = Engine speed (variant) (RAM 0xFEF02592).

AXES: X axis: 5 points, 56.0 to 95.0 kPa; Y axis: 21 points, 600 to 10000 RPM.

VALUES (stock 5JCZSJ40): 1100 to 2046 raw.

REFERENCE: data @0x1B21C0, X axis @0x1AF368, Y axis @0x1AF374, descriptor @0x1ADEC8, code FUN_81338."
Pressure Comp :: Map [IAP x RPM] 5x21 FUN_81338 #3ED,"Pressure Compensation; Unidentified - Cluster E (IDs 0x38E-0x455, post-ETV)",0x1B2294,Pressure-dependent correction indexed by manifold pressure (IAP) or barometric pressure (AP) - typically altitude / load compensation. (Family-level description - specific use not individually confirmed.),"Pressure-dependent correction indexed by manifold pressure (IAP) or barometric pressure (AP) - typically altitude / load compensation. (Family-level description - specific use not individually confirmed.)

HOW THE ECU USES IT: looked up by FUN_81338; X input = Intake manifold pressure (IAP) copy (RAM 0xFEF026A8); Y input = Engine speed (variant) (RAM 0xFEF02592).

AXES: X axis: 5 points, 56.0 to 95.0 kPa; Y axis: 21 points, 600 to 10000 RPM.

VALUES (stock 5JCZSJ40): 969 to 1745 raw.

REFERENCE: data @0x1B2294, X axis @0x1AF3A0, Y axis @0x1AF3AC, descriptor @0x1ADEE4, code FUN_81338."
Pressure Comp :: Map [IAP x RPM] 5x21 FUN_813c2 #3EF (flat),"Pressure Compensation; Unidentified - Cluster E (IDs 0x38E-0x455, post-ETV); Flat Maps (unused/disabled?)",0x1B2368,Pressure-dependent correction indexed by manifold pressure (IAP) or barometric pressure (AP) - typically altitude / load compensation. (Family-level description - specific use not individually confirmed.),"Pressure-dependent correction indexed by manifold pressure (IAP) or barometric pressure (AP) - typically altitude / load compensation. (Family-level description - specific use not individually confirmed.)

HOW THE ECU USES IT: looked up by FUN_813c2; X input = Intake manifold pressure (IAP) copy (RAM 0xFEF026A8); Y input = Engine speed (variant) (RAM 0xFEF02592).

AXES: X axis: 5 points, 56.0 to 95.0 kPa; Y axis: 21 points, 600 to 10000 RPM.

VALUES (stock 5JCZSJ40): 3000 to 3000 raw - every cell is the same (3000), so the function is probably disabled or unused in this calibration.

REFERENCE: data @0x1B2368, X axis @0x1AF3D8, Y axis @0x1AF3E4, descriptor @0x1ADF00, code FUN_813c2."
Pressure Comp :: Map [IAP x RPM] 5x21 FUN_813c2 #3F1 (flat),"Pressure Compensation; Unidentified - Cluster E (IDs 0x38E-0x455, post-ETV); Flat Maps (unused/disabled?)",0x1B243C,Pressure-dependent correction indexed by manifold pressure (IAP) or barometric pressure (AP) - typically altitude / load compensation. (Family-level description - specific use not individually confirmed.),"Pressure-dependent correction indexed by manifold pressure (IAP) or barometric pressure (AP) - typically altitude / load compensation. (Family-level description - specific use not individually confirmed.)

HOW THE ECU USES IT: looked up by FUN_813c2; X input = Intake manifold pressure (IAP) copy (RAM 0xFEF026A8); Y input = Engine speed (variant) (RAM 0xFEF02592).

AXES: X axis: 5 points, 56.0 to 95.0 kPa; Y axis: 21 points, 600 to 10000 RPM.

VALUES (stock 5JCZSJ40): 3100 to 3100 raw - every cell is the same (3100), so the function is probably disabled or unused in this calibration.

REFERENCE: data @0x1B243C, X axis @0x1AF410, Y axis @0x1AF41C, descriptor @0x1ADF1C, code FUN_813c2."
Pressure Comp :: Map [IAP x RPM] 5x21 FUN_813c2 #3F3 (flat),"Pressure Compensation; Unidentified - Cluster E (IDs 0x38E-0x455, post-ETV); Flat Maps (unused/disabled?)",0x1B2510,Pressure-dependent correction indexed by manifold pressure (IAP) or barometric pressure (AP) - typically altitude / load compensation. (Family-level description - specific use not individually confirmed.),"Pressure-dependent correction indexed by manifold pressure (IAP) or barometric pressure (AP) - typically altitude / load compensation. (Family-level description - specific use not individually confirmed.)

HOW THE ECU USES IT: looked up by FUN_813c2; X input = Intake manifold pressure (IAP) copy (RAM 0xFEF026A8); Y input = Engine speed (variant) (RAM 0xFEF02592).

AXES: X axis: 5 points, 56.0 to 95.0 kPa; Y axis: 21 points, 600 to 10000 RPM.

VALUES (stock 5JCZSJ40): 3000 to 3000 raw - every cell is the same (3000), so the function is probably disabled or unused in this calibration.

REFERENCE: data @0x1B2510, X axis @0x1AF448, Y axis @0x1AF454, descriptor @0x1ADF38, code FUN_813c2."
Pressure Comp :: Map [IAP x RPM] 5x21 FUN_813c2 #3F5,"Pressure Compensation; Unidentified - Cluster E (IDs 0x38E-0x455, post-ETV)",0x1B25E4,Pressure-dependent correction indexed by manifold pressure (IAP) or barometric pressure (AP) - typically altitude / load compensation. (Family-level description - specific use not individually confirmed.),"Pressure-dependent correction indexed by manifold pressure (IAP) or barometric pressure (AP) - typically altitude / load compensation. (Family-level description - specific use not individually confirmed.)

HOW THE ECU USES IT: looked up by FUN_813c2; X input = Intake manifold pressure (IAP) copy (RAM 0xFEF026A8); Y input = Engine speed (variant) (RAM 0xFEF02592).

AXES: X axis: 5 points, 56.0 to 95.0 kPa; Y axis: 21 points, 600 to 10000 RPM.

VALUES (stock 5JCZSJ40): 300 to 1000 raw.

REFERENCE: data @0x1B25E4, X axis @0x1AF480, Y axis @0x1AF48C, descriptor @0x1ADF54, code FUN_813c2."
Pressure Comp :: Map [IAP x RPM] 5x21 FUN_813c2 #3F7,"Pressure Compensation; Unidentified - Cluster E (IDs 0x38E-0x455, post-ETV)",0x1B26B8,Pressure-dependent correction indexed by manifold pressure (IAP) or barometric pressure (AP) - typically altitude / load compensation. (Family-level description - specific use not individually confirmed.),"Pressure-dependent correction indexed by manifold pressure (IAP) or barometric pressure (AP) - typically altitude / load compensation. (Family-level description - specific use not individually confirmed.)

HOW THE ECU USES IT: looked up by FUN_813c2; X input = Intake manifold pressure (IAP) copy (RAM 0xFEF026A8); Y input = Engine speed (variant) (RAM 0xFEF02592).

AXES: X axis: 5 points, 56.0 to 95.0 kPa; Y axis: 21 points, 600 to 10000 RPM.

VALUES (stock 5JCZSJ40): 1100 to 1804 raw.

REFERENCE: data @0x1B26B8, X axis @0x1AF4B8, Y axis @0x1AF4C4, descriptor @0x1ADF70, code FUN_813c2."
Pressure Comp :: Map [IAP x RPM] 5x21 FUN_813c2 #3F9,"Pressure Compensation; Unidentified - Cluster E (IDs 0x38E-0x455, post-ETV)",0x1B278C,Pressure-dependent correction indexed by manifold pressure (IAP) or barometric pressure (AP) - typically altitude / load compensation. (Family-level description - specific use not individually confirmed.),"Pressure-dependent correction indexed by manifold pressure (IAP) or barometric pressure (AP) - typically altitude / load compensation. (Family-level description - specific use not individually confirmed.)

HOW THE ECU USES IT: looked up by FUN_813c2; X input = Intake manifold pressure (IAP) copy (RAM 0xFEF026A8); Y input = Engine speed (variant) (RAM 0xFEF02592).

AXES: X axis: 5 points, 56.0 to 95.0 kPa; Y axis: 21 points, 600 to 10000 RPM.

VALUES (stock 5JCZSJ40): 600 to 1720 raw.

REFERENCE: data @0x1B278C, X axis @0x1AF4F0, Y axis @0x1AF4FC, descriptor @0x1ADF8C, code FUN_813c2."
Pressure Comp :: Map [IAP x RPM] 10x21 FUN_817f8 #3FB (flat),"Pressure Compensation; Unidentified - Cluster E (IDs 0x38E-0x455, post-ETV); Flat Maps (unused/disabled?)",0x1B2860,Pressure-dependent correction indexed by manifold pressure (IAP) or barometric pressure (AP) - typically altitude / load compensation. (Family-level description - specific use not individually confirmed.),"Pressure-dependent correction indexed by manifold pressure (IAP) or barometric pressure (AP) - typically altitude / load compensation. (Family-level description - specific use not individually confirmed.)

HOW THE ECU USES IT: looked up by FUN_817f8; X input = Intake manifold pressure (IAP) copy (RAM 0xFEF026A8); Y input = Engine speed (variant) (RAM 0xFEF02592).

AXES: X axis: 10 points, 50.0 to 95.0 kPa; Y axis: 21 points, 1000 to 10500 RPM.

VALUES (stock 5JCZSJ40): 2560 to 2560 raw - every cell is the same (2560), so the function is probably disabled or unused in this calibration.

REFERENCE: data @0x1B2860, X axis @0x1ADFA8, Y axis @0x1AF528, descriptor @0x1ADFBC, code FUN_817f8."
Pressure Comp :: Map [IAP x RPM] 10x21 FUN_817f8 #3FD (flat),"Pressure Compensation; Unidentified - Cluster E (IDs 0x38E-0x455, post-ETV); Flat Maps (unused/disabled?)",0x1B2A04,Pressure-dependent correction indexed by manifold pressure (IAP) or barometric pressure (AP) - typically altitude / load compensation. (Family-level description - specific use not individually confirmed.),"Pressure-dependent correction indexed by manifold pressure (IAP) or barometric pressure (AP) - typically altitude / load compensation. (Family-level description - specific use not individually confirmed.)

HOW THE ECU USES IT: looked up by FUN_817f8; X input = Intake manifold pressure (IAP) copy (RAM 0xFEF026A8); Y input = Engine speed (variant) (RAM 0xFEF02592).

AXES: X axis: 10 points, 50.0 to 95.0 kPa; Y axis: 21 points, 1000 to 10500 RPM.

VALUES (stock 5JCZSJ40): 2560 to 2560 raw - every cell is the same (2560), so the function is probably disabled or unused in this calibration.

REFERENCE: data @0x1B2A04, X axis @0x1ADFD8, Y axis @0x1AF554, descriptor @0x1ADFEC, code FUN_817f8."
Pressure Comp :: Map [IAP x RPM] 10x21 FUN_817f8 #3FF (flat),"Pressure Compensation; Unidentified - Cluster E (IDs 0x38E-0x455, post-ETV); Flat Maps (unused/disabled?)",0x1B2BA8,Pressure-dependent correction indexed by manifold pressure (IAP) or barometric pressure (AP) - typically altitude / load compensation. (Family-level description - specific use not individually confirmed.),"Pressure-dependent correction indexed by manifold pressure (IAP) or barometric pressure (AP) - typically altitude / load compensation. (Family-level description - specific use not individually confirmed.)

HOW THE ECU USES IT: looked up by FUN_817f8; X input = Intake manifold pressure (IAP) copy (RAM 0xFEF026A8); Y input = Engine speed (variant) (RAM 0xFEF02592).

AXES: X axis: 10 points, 50.0 to 95.0 kPa; Y axis: 21 points, 1000 to 10500 RPM.

VALUES (stock 5JCZSJ40): 2560 to 2560 raw - every cell is the same (2560), so the function is probably disabled or unused in this calibration.

REFERENCE: data @0x1B2BA8, X axis @0x1AE008, Y axis @0x1AF580, descriptor @0x1AE01C, code FUN_817f8."
Pressure Comp :: Map [IAP x RPM] 10x21 FUN_817f8 #401 (flat),"Pressure Compensation; Unidentified - Cluster E (IDs 0x38E-0x455, post-ETV); Flat Maps (unused/disabled?)",0x1B2D4C,Pressure-dependent correction indexed by manifold pressure (IAP) or barometric pressure (AP) - typically altitude / load compensation. (Family-level description - specific use not individually confirmed.),"Pressure-dependent correction indexed by manifold pressure (IAP) or barometric pressure (AP) - typically altitude / load compensation. (Family-level description - specific use not individually confirmed.)

HOW THE ECU USES IT: looked up by FUN_817f8; X input = Intake manifold pressure (IAP) copy (RAM 0xFEF026A8); Y input = Engine speed (variant) (RAM 0xFEF02592).

AXES: X axis: 10 points, 50.0 to 95.0 kPa; Y axis: 21 points, 1000 to 10500 RPM.

VALUES (stock 5JCZSJ40): 2560 to 2560 raw - every cell is the same (2560), so the function is probably disabled or unused in this calibration.

REFERENCE: data @0x1B2D4C, X axis @0x1AE038, Y axis @0x1AF5AC, descriptor @0x1AE04C, code FUN_817f8."
Pressure Comp :: Map [IAP x RPM] 10x21 FUN_818f6 #403 (flat),"Pressure Compensation; Unidentified - Cluster E (IDs 0x38E-0x455, post-ETV); Flat Maps (unused/disabled?)",0x1B2EF0,Pressure-dependent correction indexed by manifold pressure (IAP) or barometric pressure (AP) - typically altitude / load compensation. (Family-level description - specific use not individually confirmed.),"Pressure-dependent correction indexed by manifold pressure (IAP) or barometric pressure (AP) - typically altitude / load compensation. (Family-level description - specific use not individually confirmed.)

HOW THE ECU USES IT: looked up by FUN_818f6; X input = Intake manifold pressure (IAP) copy (RAM 0xFEF026A8); Y input = Engine speed (variant) (RAM 0xFEF02592).

AXES: X axis: 10 points, 50.0 to 95.0 kPa; Y axis: 21 points, 1000 to 10500 RPM.

VALUES (stock 5JCZSJ40): 2560 to 2560 raw - every cell is the same (2560), so the function is probably disabled or unused in this calibration.

REFERENCE: data @0x1B2EF0, X axis @0x1AE068, Y axis @0x1AF5D8, descriptor @0x1AE07C, code FUN_818f6."
Pressure Comp :: Map [IAP x RPM] 10x21 FUN_818f6 #405 (flat),"Pressure Compensation; Unidentified - Cluster E (IDs 0x38E-0x455, post-ETV); Flat Maps (unused/disabled?)",0x1B3094,Pressure-dependent correction indexed by manifold pressure (IAP) or barometric pressure (AP) - typically altitude / load compensation. (Family-level description - specific use not individually confirmed.),"Pressure-dependent correction indexed by manifold pressure (IAP) or barometric pressure (AP) - typically altitude / load compensation. (Family-level description - specific use not individually confirmed.)

HOW THE ECU USES IT: looked up by FUN_818f6; X input = Intake manifold pressure (IAP) copy (RAM 0xFEF026A8); Y input = Engine speed (variant) (RAM 0xFEF02592).

AXES: X axis: 10 points, 50.0 to 95.0 kPa; Y axis: 21 points, 1000 to 10500 RPM.

VALUES (stock 5JCZSJ40): 2560 to 2560 raw - every cell is the same (2560), so the function is probably disabled or unused in this calibration.

REFERENCE: data @0x1B3094, X axis @0x1AE098, Y axis @0x1AF604, descriptor @0x1AE0AC, code FUN_818f6."
Pressure Comp :: Map [IAP x RPM] 10x21 FUN_818f6 #407,"Pressure Compensation; Unidentified - Cluster E (IDs 0x38E-0x455, post-ETV)",0x1B3238,Pressure-dependent correction indexed by manifold pressure (IAP) or barometric pressure (AP) - typically altitude / load compensation. (Family-level description - specific use not individually confirmed.),"Pressure-dependent correction indexed by manifold pressure (IAP) or barometric pressure (AP) - typically altitude / load compensation. (Family-level description - specific use not individually confirmed.)

HOW THE ECU USES IT: looked up by FUN_818f6; X input = Intake manifold pressure (IAP) copy (RAM 0xFEF026A8); Y input = Engine speed (variant) (RAM 0xFEF02592).

AXES: X axis: 10 points, 50.0 to 95.0 kPa; Y axis: 21 points, 1000 to 10500 RPM.

VALUES (stock 5JCZSJ40): 223 to 2560 raw.

REFERENCE: data @0x1B3238, X axis @0x1AE0C8, Y axis @0x1AF630, descriptor @0x1AE0DC, code FUN_818f6."
Pressure Comp :: Map [IAP x RPM] 10x21 FUN_818f6 #409 (flat),"Pressure Compensation; Unidentified - Cluster E (IDs 0x38E-0x455, post-ETV); Flat Maps (unused/disabled?)",0x1B33DC,Pressure-dependent correction indexed by manifold pressure (IAP) or barometric pressure (AP) - typically altitude / load compensation. (Family-level description - specific use not individually confirmed.),"Pressure-dependent correction indexed by manifold pressure (IAP) or barometric pressure (AP) - typically altitude / load compensation. (Family-level description - specific use not individually confirmed.)

HOW THE ECU USES IT: looked up by FUN_818f6; X input = Intake manifold pressure (IAP) copy (RAM 0xFEF026A8); Y input = Engine speed (variant) (RAM 0xFEF02592).

AXES: X axis: 10 points, 50.0 to 95.0 kPa; Y axis: 21 points, 1000 to 10500 RPM.

VALUES (stock 5JCZSJ40): 2560 to 2560 raw - every cell is the same (2560), so the function is probably disabled or unused in this calibration.

REFERENCE: data @0x1B33DC, X axis @0x1AE0F8, Y axis @0x1AF65C, descriptor @0x1AE10C, code FUN_818f6."
Pressure Comp :: Map [IAP x RPM] 10x21 FUN_819f4 #40B (flat),"Pressure Compensation; Unidentified - Cluster E (IDs 0x38E-0x455, post-ETV); Flat Maps (unused/disabled?)",0x1B3580,Pressure-dependent correction indexed by manifold pressure (IAP) or barometric pressure (AP) - typically altitude / load compensation. (Family-level description - specific use not individually confirmed.),"Pressure-dependent correction indexed by manifold pressure (IAP) or barometric pressure (AP) - typically altitude / load compensation. (Family-level description - specific use not individually confirmed.)

HOW THE ECU USES IT: looked up by FUN_819f4; X input = Intake manifold pressure (IAP) copy (RAM 0xFEF026A8); Y input = Engine speed (variant) (RAM 0xFEF02592).

AXES: X axis: 10 points, 50.0 to 95.0 kPa; Y axis: 21 points, 1000 to 10500 RPM.

VALUES (stock 5JCZSJ40): 2560 to 2560 raw - every cell is the same (2560), so the function is probably disabled or unused in this calibration.

REFERENCE: data @0x1B3580, X axis @0x1AE128, Y axis @0x1AF688, descriptor @0x1AE13C, code FUN_819f4."
Pressure Comp :: Map [IAP x RPM] 10x21 FUN_819f4 #40D (flat),"Pressure Compensation; Unidentified - Cluster E (IDs 0x38E-0x455, post-ETV); Flat Maps (unused/disabled?)",0x1B3724,Pressure-dependent correction indexed by manifold pressure (IAP) or barometric pressure (AP) - typically altitude / load compensation. (Family-level description - specific use not individually confirmed.),"Pressure-dependent correction indexed by manifold pressure (IAP) or barometric pressure (AP) - typically altitude / load compensation. (Family-level description - specific use not individually confirmed.)

HOW THE ECU USES IT: looked up by FUN_819f4; X input = Intake manifold pressure (IAP) copy (RAM 0xFEF026A8); Y input = Engine speed (variant) (RAM 0xFEF02592).

AXES: X axis: 10 points, 50.0 to 95.0 kPa; Y axis: 21 points, 1000 to 10500 RPM.

VALUES (stock 5JCZSJ40): 2560 to 2560 raw - every cell is the same (2560), so the function is probably disabled or unused in this calibration.

REFERENCE: data @0x1B3724, X axis @0x1AE158, Y axis @0x1AF6B4, descriptor @0x1AE16C, code FUN_819f4."
Pressure Comp :: Map [IAP x RPM] 10x21 FUN_819f4 #40F (flat),"Pressure Compensation; Unidentified - Cluster E (IDs 0x38E-0x455, post-ETV); Flat Maps (unused/disabled?)",0x1B38C8,Pressure-dependent correction indexed by manifold pressure (IAP) or barometric pressure (AP) - typically altitude / load compensation. (Family-level description - specific use not individually confirmed.),"Pressure-dependent correction indexed by manifold pressure (IAP) or barometric pressure (AP) - typically altitude / load compensation. (Family-level description - specific use not individually confirmed.)

HOW THE ECU USES IT: looked up by FUN_819f4; X input = Intake manifold pressure (IAP) copy (RAM 0xFEF026A8); Y input = Engine speed (variant) (RAM 0xFEF02592).

AXES: X axis: 10 points, 50.0 to 95.0 kPa; Y axis: 21 points, 1000 to 10500 RPM.

VALUES (stock 5JCZSJ40): 2560 to 2560 raw - every cell is the same (2560), so the function is probably disabled or unused in this calibration.

REFERENCE: data @0x1B38C8, X axis @0x1AE188, Y axis @0x1AF6E0, descriptor @0x1AE19C, code FUN_819f4."
Pressure Comp :: Map [IAP x RPM] 10x21 FUN_819f4 #411 (flat),"Pressure Compensation; Unidentified - Cluster E (IDs 0x38E-0x455, post-ETV); Flat Maps (unused/disabled?)",0x1B3A6C,Pressure-dependent correction indexed by manifold pressure (IAP) or barometric pressure (AP) - typically altitude / load compensation. (Family-level description - specific use not individually confirmed.),"Pressure-dependent correction indexed by manifold pressure (IAP) or barometric pressure (AP) - typically altitude / load compensation. (Family-level description - specific use not individually confirmed.)

HOW THE ECU USES IT: looked up by FUN_819f4; X input = Intake manifold pressure (IAP) copy (RAM 0xFEF026A8); Y input = Engine speed (variant) (RAM 0xFEF02592).

AXES: X axis: 10 points, 50.0 to 95.0 kPa; Y axis: 21 points, 1000 to 10500 RPM.

VALUES (stock 5JCZSJ40): 2560 to 2560 raw - every cell is the same (2560), so the function is probably disabled or unused in this calibration.

REFERENCE: data @0x1B3A6C, X axis @0x1AE1B8, Y axis @0x1AF70C, descriptor @0x1AE1CC, code FUN_819f4."
Pressure Comp :: Map [IAP x RPM] 10x21 FUN_81af2 #413 (flat),"Pressure Compensation; Unidentified - Cluster E (IDs 0x38E-0x455, post-ETV); Flat Maps (unused/disabled?)",0x1B3C10,Pressure-dependent correction indexed by manifold pressure (IAP) or barometric pressure (AP) - typically altitude / load compensation. (Family-level description - specific use not individually confirmed.),"Pressure-dependent correction indexed by manifold pressure (IAP) or barometric pressure (AP) - typically altitude / load compensation. (Family-level description - specific use not individually confirmed.)

HOW THE ECU USES IT: looked up by FUN_81af2; X input = Intake manifold pressure (IAP) copy (RAM 0xFEF026A8); Y input = Engine speed (variant) (RAM 0xFEF02592).

AXES: X axis: 10 points, 50.0 to 95.0 kPa; Y axis: 21 points, 1000 to 10500 RPM.

VALUES (stock 5JCZSJ40): 2560 to 2560 raw - every cell is the same (2560), so the function is probably disabled or unused in this calibration.

REFERENCE: data @0x1B3C10, X axis @0x1AE1E8, Y axis @0x1AF738, descriptor @0x1AE1FC, code FUN_81af2."
Pressure Comp :: Map [IAP x RPM] 10x21 FUN_81af2 #415 (flat),"Pressure Compensation; Unidentified - Cluster E (IDs 0x38E-0x455, post-ETV); Flat Maps (unused/disabled?)",0x1B3DB4,Pressure-dependent correction indexed by manifold pressure (IAP) or barometric pressure (AP) - typically altitude / load compensation. (Family-level description - specific use not individually confirmed.),"Pressure-dependent correction indexed by manifold pressure (IAP) or barometric pressure (AP) - typically altitude / load compensation. (Family-level description - specific use not individually confirmed.)

HOW THE ECU USES IT: looked up by FUN_81af2; X input = Intake manifold pressure (IAP) copy (RAM 0xFEF026A8); Y input = Engine speed (variant) (RAM 0xFEF02592).

AXES: X axis: 10 points, 50.0 to 95.0 kPa; Y axis: 21 points, 1000 to 10500 RPM.

VALUES (stock 5JCZSJ40): 2560 to 2560 raw - every cell is the same (2560), so the function is probably disabled or unused in this calibration.

REFERENCE: data @0x1B3DB4, X axis @0x1AE218, Y axis @0x1AF764, descriptor @0x1AE22C, code FUN_81af2."
Pressure Comp :: Map [IAP x RPM] 10x21 FUN_81af2 #417,"Pressure Compensation; Unidentified - Cluster E (IDs 0x38E-0x455, post-ETV)",0x1B3F58,Pressure-dependent correction indexed by manifold pressure (IAP) or barometric pressure (AP) - typically altitude / load compensation. (Family-level description - specific use not individually confirmed.),"Pressure-dependent correction indexed by manifold pressure (IAP) or barometric pressure (AP) - typically altitude / load compensation. (Family-level description - specific use not individually confirmed.)

HOW THE ECU USES IT: looked up by FUN_81af2; X input = Intake manifold pressure (IAP) copy (RAM 0xFEF026A8); Y input = Engine speed (variant) (RAM 0xFEF02592).

AXES: X axis: 10 points, 50.0 to 95.0 kPa; Y axis: 21 points, 1000 to 10500 RPM.

VALUES (stock 5JCZSJ40): 254 to 2560 raw.

REFERENCE: data @0x1B3F58, X axis @0x1AE248, Y axis @0x1AF790, descriptor @0x1AE25C, code FUN_81af2."
Pressure Comp :: Map [IAP x RPM] 10x21 FUN_81af2 #419 (flat),"Pressure Compensation; Unidentified - Cluster E (IDs 0x38E-0x455, post-ETV); Flat Maps (unused/disabled?)",0x1B40FC,Pressure-dependent correction indexed by manifold pressure (IAP) or barometric pressure (AP) - typically altitude / load compensation. (Family-level description - specific use not individually confirmed.),"Pressure-dependent correction indexed by manifold pressure (IAP) or barometric pressure (AP) - typically altitude / load compensation. (Family-level description - specific use not individually confirmed.)

HOW THE ECU USES IT: looked up by FUN_81af2; X input = Intake manifold pressure (IAP) copy (RAM 0xFEF026A8); Y input = Engine speed (variant) (RAM 0xFEF02592).

AXES: X axis: 10 points, 50.0 to 95.0 kPa; Y axis: 21 points, 1000 to 10500 RPM.

VALUES (stock 5JCZSJ40): 2560 to 2560 raw - every cell is the same (2560), so the function is probably disabled or unused in this calibration.

REFERENCE: data @0x1B40FC, X axis @0x1AE278, Y axis @0x1AF7BC, descriptor @0x1AE28C, code FUN_81af2."
Pressure Comp :: Map [IAP x RPM] 10x21 FUN_81bf0 #41B (flat),"Pressure Compensation; Unidentified - Cluster E (IDs 0x38E-0x455, post-ETV); Flat Maps (unused/disabled?)",0x1B42A0,Pressure-dependent correction indexed by manifold pressure (IAP) or barometric pressure (AP) - typically altitude / load compensation. (Family-level description - specific use not individually confirmed.),"Pressure-dependent correction indexed by manifold pressure (IAP) or barometric pressure (AP) - typically altitude / load compensation. (Family-level description - specific use not individually confirmed.)

HOW THE ECU USES IT: looked up by FUN_81bf0; X input = Intake manifold pressure (IAP) copy (RAM 0xFEF026A8); Y input = Engine speed (variant) (RAM 0xFEF02592).

AXES: X axis: 10 points, 50.0 to 95.0 kPa; Y axis: 21 points, 1000 to 10500 RPM.

VALUES (stock 5JCZSJ40): 2560 to 2560 raw - every cell is the same (2560), so the function is probably disabled or unused in this calibration.

REFERENCE: data @0x1B42A0, X axis @0x1AE2A8, Y axis @0x1AF7E8, descriptor @0x1AE2BC, code FUN_81bf0."
Pressure Comp :: Map [IAP x RPM] 10x21 FUN_81bf0 #41D (flat),"Pressure Compensation; Unidentified - Cluster E (IDs 0x38E-0x455, post-ETV); Flat Maps (unused/disabled?)",0x1B4444,Pressure-dependent correction indexed by manifold pressure (IAP) or barometric pressure (AP) - typically altitude / load compensation. (Family-level description - specific use not individually confirmed.),"Pressure-dependent correction indexed by manifold pressure (IAP) or barometric pressure (AP) - typically altitude / load compensation. (Family-level description - specific use not individually confirmed.)

HOW THE ECU USES IT: looked up by FUN_81bf0; X input = Intake manifold pressure (IAP) copy (RAM 0xFEF026A8); Y input = Engine speed (variant) (RAM 0xFEF02592).

AXES: X axis: 10 points, 50.0 to 95.0 kPa; Y axis: 21 points, 1000 to 10500 RPM.

VALUES (stock 5JCZSJ40): 2560 to 2560 raw - every cell is the same (2560), so the function is probably disabled or unused in this calibration.

REFERENCE: data @0x1B4444, X axis @0x1AE2D8, Y axis @0x1AF814, descriptor @0x1AE2EC, code FUN_81bf0."
Pressure Comp :: Map [IAP x RPM] 10x21 FUN_81bf0 #41F,"Pressure Compensation; Unidentified - Cluster E (IDs 0x38E-0x455, post-ETV)",0x1B45E8,Pressure-dependent correction indexed by manifold pressure (IAP) or barometric pressure (AP) - typically altitude / load compensation. (Family-level description - specific use not individually confirmed.),"Pressure-dependent correction indexed by manifold pressure (IAP) or barometric pressure (AP) - typically altitude / load compensation. (Family-level description - specific use not individually confirmed.)

HOW THE ECU USES IT: looked up by FUN_81bf0; X input = Intake manifold pressure (IAP) copy (RAM 0xFEF026A8); Y input = Engine speed (variant) (RAM 0xFEF02592).

AXES: X axis: 10 points, 50.0 to 95.0 kPa; Y axis: 21 points, 1000 to 10500 RPM.

VALUES (stock 5JCZSJ40): 246 to 2560 raw.

REFERENCE: data @0x1B45E8, X axis @0x1AE308, Y axis @0x1AF840, descriptor @0x1AE31C, code FUN_81bf0."
Pressure Comp :: Map [IAP x RPM] 10x21 FUN_81bf0 #421 (flat),"Pressure Compensation; Unidentified - Cluster E (IDs 0x38E-0x455, post-ETV); Flat Maps (unused/disabled?)",0x1B478C,Pressure-dependent correction indexed by manifold pressure (IAP) or barometric pressure (AP) - typically altitude / load compensation. (Family-level description - specific use not individually confirmed.),"Pressure-dependent correction indexed by manifold pressure (IAP) or barometric pressure (AP) - typically altitude / load compensation. (Family-level description - specific use not individually confirmed.)

HOW THE ECU USES IT: looked up by FUN_81bf0; X input = Intake manifold pressure (IAP) copy (RAM 0xFEF026A8); Y input = Engine speed (variant) (RAM 0xFEF02592).

AXES: X axis: 10 points, 50.0 to 95.0 kPa; Y axis: 21 points, 1000 to 10500 RPM.

VALUES (stock 5JCZSJ40): 2560 to 2560 raw - every cell is the same (2560), so the function is probably disabled or unused in this calibration.

REFERENCE: data @0x1B478C, X axis @0x1AE338, Y axis @0x1AF86C, descriptor @0x1AE34C, code FUN_81bf0."
Pressure Comp :: Map [IAP x RPM] 10x21 FUN_81dec #423 (flat),"Pressure Compensation; Unidentified - Cluster E (IDs 0x38E-0x455, post-ETV); Flat Maps (unused/disabled?)",0x1B4930,Pressure-dependent correction indexed by manifold pressure (IAP) or barometric pressure (AP) - typically altitude / load compensation. (Family-level description - specific use not individually confirmed.),"Pressure-dependent correction indexed by manifold pressure (IAP) or barometric pressure (AP) - typically altitude / load compensation. (Family-level description - specific use not individually confirmed.)

HOW THE ECU USES IT: looked up by FUN_81dec; X input = Intake manifold pressure (IAP) copy (RAM 0xFEF026A8); Y input = Engine speed (variant) (RAM 0xFEF02592).

AXES: X axis: 10 points, 50.0 to 95.0 kPa; Y axis: 21 points, 1000 to 10500 RPM.

VALUES (stock 5JCZSJ40): 2560 to 2560 raw - every cell is the same (2560), so the function is probably disabled or unused in this calibration.

REFERENCE: data @0x1B4930, X axis @0x1AE368, Y axis @0x1AF898, descriptor @0x1AE37C, code FUN_81dec."
Pressure Comp :: Map [IAP x RPM] 10x21 FUN_81dec #425 (flat),"Pressure Compensation; Unidentified - Cluster E (IDs 0x38E-0x455, post-ETV); Flat Maps (unused/disabled?)",0x1B4AD4,Pressure-dependent correction indexed by manifold pressure (IAP) or barometric pressure (AP) - typically altitude / load compensation. (Family-level description - specific use not individually confirmed.),"Pressure-dependent correction indexed by manifold pressure (IAP) or barometric pressure (AP) - typically altitude / load compensation. (Family-level description - specific use not individually confirmed.)

HOW THE ECU USES IT: looked up by FUN_81dec; X input = Intake manifold pressure (IAP) copy (RAM 0xFEF026A8); Y input = Engine speed (variant) (RAM 0xFEF02592).

AXES: X axis: 10 points, 50.0 to 95.0 kPa; Y axis: 21 points, 1000 to 10500 RPM.

VALUES (stock 5JCZSJ40): 2560 to 2560 raw - every cell is the same (2560), so the function is probably disabled or unused in this calibration.

REFERENCE: data @0x1B4AD4, X axis @0x1AE398, Y axis @0x1AF8C4, descriptor @0x1AE3AC, code FUN_81dec."
Pressure Comp :: Map [IAP x RPM] 10x21 FUN_81dec #427,"Pressure Compensation; Unidentified - Cluster E (IDs 0x38E-0x455, post-ETV)",0x1B4C78,Pressure-dependent correction indexed by manifold pressure (IAP) or barometric pressure (AP) - typically altitude / load compensation. (Family-level description - specific use not individually confirmed.),"Pressure-dependent correction indexed by manifold pressure (IAP) or barometric pressure (AP) - typically altitude / load compensation. (Family-level description - specific use not individually confirmed.)

HOW THE ECU USES IT: looked up by FUN_81dec; X input = Intake manifold pressure (IAP) copy (RAM 0xFEF026A8); Y input = Engine speed (variant) (RAM 0xFEF02592).

AXES: X axis: 10 points, 50.0 to 95.0 kPa; Y axis: 21 points, 1000 to 10500 RPM.

VALUES (stock 5JCZSJ40): 220 to 2560 raw.

REFERENCE: data @0x1B4C78, X axis @0x1AE3C8, Y axis @0x1AF8F0, descriptor @0x1AE3DC, code FUN_81dec."
Pressure Comp :: Map [IAP x RPM] 10x21 FUN_81dec #429 (flat),"Pressure Compensation; Unidentified - Cluster E (IDs 0x38E-0x455, post-ETV); Flat Maps (unused/disabled?)",0x1B4E1C,Pressure-dependent correction indexed by manifold pressure (IAP) or barometric pressure (AP) - typically altitude / load compensation. (Family-level description - specific use not individually confirmed.),"Pressure-dependent correction indexed by manifold pressure (IAP) or barometric pressure (AP) - typically altitude / load compensation. (Family-level description - specific use not individually confirmed.)

HOW THE ECU USES IT: looked up by FUN_81dec; X input = Intake manifold pressure (IAP) copy (RAM 0xFEF026A8); Y input = Engine speed (variant) (RAM 0xFEF02592).

AXES: X axis: 10 points, 50.0 to 95.0 kPa; Y axis: 21 points, 1000 to 10500 RPM.

VALUES (stock 5JCZSJ40): 2560 to 2560 raw - every cell is the same (2560), so the function is probably disabled or unused in this calibration.

REFERENCE: data @0x1B4E1C, X axis @0x1AE3F8, Y axis @0x1AF91C, descriptor @0x1AE40C, code FUN_81dec."
Pressure Comp :: Map [IAP x RPM] 10x21 FUN_81eea #42B (flat),"Pressure Compensation; Unidentified - Cluster E (IDs 0x38E-0x455, post-ETV); Flat Maps (unused/disabled?)",0x1B4FC0,Pressure-dependent correction indexed by manifold pressure (IAP) or barometric pressure (AP) - typically altitude / load compensation. (Family-level description - specific use not individually confirmed.),"Pressure-dependent correction indexed by manifold pressure (IAP) or barometric pressure (AP) - typically altitude / load compensation. (Family-level description - specific use not individually confirmed.)

HOW THE ECU USES IT: looked up by FUN_81eea; X input = Intake manifold pressure (IAP) copy (RAM 0xFEF026A8); Y input = Engine speed (variant) (RAM 0xFEF02592).

AXES: X axis: 10 points, 50.0 to 95.0 kPa; Y axis: 21 points, 1000 to 10500 RPM.

VALUES (stock 5JCZSJ40): 2560 to 2560 raw - every cell is the same (2560), so the function is probably disabled or unused in this calibration.

REFERENCE: data @0x1B4FC0, X axis @0x1AE428, Y axis @0x1AF948, descriptor @0x1AE43C, code FUN_81eea."
Pressure Comp :: Map [IAP x RPM] 10x21 FUN_81eea #42D (flat),"Pressure Compensation; Unidentified - Cluster E (IDs 0x38E-0x455, post-ETV); Flat Maps (unused/disabled?)",0x1B5164,Pressure-dependent correction indexed by manifold pressure (IAP) or barometric pressure (AP) - typically altitude / load compensation. (Family-level description - specific use not individually confirmed.),"Pressure-dependent correction indexed by manifold pressure (IAP) or barometric pressure (AP) - typically altitude / load compensation. (Family-level description - specific use not individually confirmed.)

HOW THE ECU USES IT: looked up by FUN_81eea; X input = Intake manifold pressure (IAP) copy (RAM 0xFEF026A8); Y input = Engine speed (variant) (RAM 0xFEF02592).

AXES: X axis: 10 points, 50.0 to 95.0 kPa; Y axis: 21 points, 1000 to 10500 RPM.

VALUES (stock 5JCZSJ40): 2560 to 2560 raw - every cell is the same (2560), so the function is probably disabled or unused in this calibration.

REFERENCE: data @0x1B5164, X axis @0x1AE458, Y axis @0x1AF974, descriptor @0x1AE46C, code FUN_81eea."
Pressure Comp :: Map [IAP x RPM] 10x21 FUN_81eea #42F,"Pressure Compensation; Unidentified - Cluster E (IDs 0x38E-0x455, post-ETV)",0x1B5308,Pressure-dependent correction indexed by manifold pressure (IAP) or barometric pressure (AP) - typically altitude / load compensation. (Family-level description - specific use not individually confirmed.),"Pressure-dependent correction indexed by manifold pressure (IAP) or barometric pressure (AP) - typically altitude / load compensation. (Family-level description - specific use not individually confirmed.)

HOW THE ECU USES IT: looked up by FUN_81eea; X input = Intake manifold pressure (IAP) copy (RAM 0xFEF026A8); Y input = Engine speed (variant) (RAM 0xFEF02592).

AXES: X axis: 10 points, 50.0 to 95.0 kPa; Y axis: 21 points, 1000 to 10500 RPM.

VALUES (stock 5JCZSJ40): 258 to 2560 raw.

REFERENCE: data @0x1B5308, X axis @0x1AE488, Y axis @0x1AF9A0, descriptor @0x1AE49C, code FUN_81eea."
Pressure Comp :: Map [IAP x RPM] 10x21 FUN_81eea #431 (flat),"Pressure Compensation; Unidentified - Cluster E (IDs 0x38E-0x455, post-ETV); Flat Maps (unused/disabled?)",0x1B54AC,Pressure-dependent correction indexed by manifold pressure (IAP) or barometric pressure (AP) - typically altitude / load compensation. (Family-level description - specific use not individually confirmed.),"Pressure-dependent correction indexed by manifold pressure (IAP) or barometric pressure (AP) - typically altitude / load compensation. (Family-level description - specific use not individually confirmed.)

HOW THE ECU USES IT: looked up by FUN_81eea; X input = Intake manifold pressure (IAP) copy (RAM 0xFEF026A8); Y input = Engine speed (variant) (RAM 0xFEF02592).

AXES: X axis: 10 points, 50.0 to 95.0 kPa; Y axis: 21 points, 1000 to 10500 RPM.

VALUES (stock 5JCZSJ40): 2560 to 2560 raw - every cell is the same (2560), so the function is probably disabled or unused in this calibration.

REFERENCE: data @0x1B54AC, X axis @0x1AE4B8, Y axis @0x1AF9CC, descriptor @0x1AE4CC, code FUN_81eea."
Pressure Comp :: Map [IAP x RPM] 10x21 FUN_81cee #433 (flat),"Pressure Compensation; Unidentified - Cluster E (IDs 0x38E-0x455, post-ETV); Flat Maps (unused/disabled?)",0x1B5650,Pressure-dependent correction indexed by manifold pressure (IAP) or barometric pressure (AP) - typically altitude / load compensation. (Family-level description - specific use not individually confirmed.),"Pressure-dependent correction indexed by manifold pressure (IAP) or barometric pressure (AP) - typically altitude / load compensation. (Family-level description - specific use not individually confirmed.)

HOW THE ECU USES IT: looked up by FUN_81cee; X input = Intake manifold pressure (IAP) copy (RAM 0xFEF026A8); Y input = Engine speed (variant) (RAM 0xFEF02592).

AXES: X axis: 10 points, 50.0 to 95.0 kPa; Y axis: 21 points, 1000 to 10500 RPM.

VALUES (stock 5JCZSJ40): 2560 to 2560 raw - every cell is the same (2560), so the function is probably disabled or unused in this calibration.

REFERENCE: data @0x1B5650, X axis @0x1AE4E8, Y axis @0x1AF9F8, descriptor @0x1AE4FC, code FUN_81cee."
Pressure Comp :: Map [IAP x RPM] 10x21 FUN_81cee #435 (flat),"Pressure Compensation; Unidentified - Cluster E (IDs 0x38E-0x455, post-ETV); Flat Maps (unused/disabled?)",0x1B57F4,Pressure-dependent correction indexed by manifold pressure (IAP) or barometric pressure (AP) - typically altitude / load compensation. (Family-level description - specific use not individually confirmed.),"Pressure-dependent correction indexed by manifold pressure (IAP) or barometric pressure (AP) - typically altitude / load compensation. (Family-level description - specific use not individually confirmed.)

HOW THE ECU USES IT: looked up by FUN_81cee; X input = Intake manifold pressure (IAP) copy (RAM 0xFEF026A8); Y input = Engine speed (variant) (RAM 0xFEF02592).

AXES: X axis: 10 points, 50.0 to 95.0 kPa; Y axis: 21 points, 1000 to 10500 RPM.

VALUES (stock 5JCZSJ40): 2560 to 2560 raw - every cell is the same (2560), so the function is probably disabled or unused in this calibration.

REFERENCE: data @0x1B57F4, X axis @0x1AE518, Y axis @0x1AFA24, descriptor @0x1AE52C, code FUN_81cee."
Pressure Comp :: Map [IAP x RPM] 10x21 FUN_81cee #437,"Pressure Compensation; Unidentified - Cluster E (IDs 0x38E-0x455, post-ETV)",0x1B5998,Pressure-dependent correction indexed by manifold pressure (IAP) or barometric pressure (AP) - typically altitude / load compensation. (Family-level description - specific use not individually confirmed.),"Pressure-dependent correction indexed by manifold pressure (IAP) or barometric pressure (AP) - typically altitude / load compensation. (Family-level description - specific use not individually confirmed.)

HOW THE ECU USES IT: looked up by FUN_81cee; X input = Intake manifold pressure (IAP) copy (RAM 0xFEF026A8); Y input = Engine speed (variant) (RAM 0xFEF02592).

AXES: X axis: 10 points, 50.0 to 95.0 kPa; Y axis: 21 points, 1000 to 10500 RPM.

VALUES (stock 5JCZSJ40): 243 to 2560 raw.

REFERENCE: data @0x1B5998, X axis @0x1AE548, Y axis @0x1AFA50, descriptor @0x1AE55C, code FUN_81cee."
Pressure Comp :: Map [IAP x RPM] 10x21 FUN_81cee #439 (flat),"Pressure Compensation; Unidentified - Cluster E (IDs 0x38E-0x455, post-ETV); Flat Maps (unused/disabled?)",0x1B5B3C,Pressure-dependent correction indexed by manifold pressure (IAP) or barometric pressure (AP) - typically altitude / load compensation. (Family-level description - specific use not individually confirmed.),"Pressure-dependent correction indexed by manifold pressure (IAP) or barometric pressure (AP) - typically altitude / load compensation. (Family-level description - specific use not individually confirmed.)

HOW THE ECU USES IT: looked up by FUN_81cee; X input = Intake manifold pressure (IAP) copy (RAM 0xFEF026A8); Y input = Engine speed (variant) (RAM 0xFEF02592).

AXES: X axis: 10 points, 50.0 to 95.0 kPa; Y axis: 21 points, 1000 to 10500 RPM.

VALUES (stock 5JCZSJ40): 2560 to 2560 raw - every cell is the same (2560), so the function is probably disabled or unused in this calibration.

REFERENCE: data @0x1B5B3C, X axis @0x1AE578, Y axis @0x1AFA7C, descriptor @0x1AE58C, code FUN_81cee."
Cluster E :: Curve [RPM] 21pt FUN_7e9dc #43B (flat),"Unidentified - Cluster E (IDs 0x38E-0x455, post-ETV); Flat Maps (unused/disabled?)",0x1AFAD4,Function not yet identified. Name reflects the inputs the code feeds this table.,"Function not yet identified. Name reflects the inputs the code feeds this table.

HOW THE ECU USES IT: looked up by FUN_7e9dc; X input = Engine speed (variant) (RAM 0xFEF02592).

AXES: X axis: 21 points, 600 to 10000 RPM.

VALUES (stock 5JCZSJ40): 7862 to 7862 raw - every cell is the same (7862), so the function is probably disabled or unused in this calibration.

REFERENCE: data @0x1AFAD4, X axis @0x1AFAA8, descriptor @0x1AE5A8, code FUN_7e9dc."
Pressure Comp :: Map [IAP x RPM] 10x21 FUN_7f000 #43C (flat),"Pressure Compensation; Unidentified - Cluster E (IDs 0x38E-0x455, post-ETV); Flat Maps (unused/disabled?)",0x1B5CE0,Pressure-dependent correction indexed by manifold pressure (IAP) or barometric pressure (AP) - typically altitude / load compensation. (Family-level description - specific use not individually confirmed.),"Pressure-dependent correction indexed by manifold pressure (IAP) or barometric pressure (AP) - typically altitude / load compensation. (Family-level description - specific use not individually confirmed.)

HOW THE ECU USES IT: looked up by FUN_7f000; X input = Intake manifold pressure (IAP) copy (RAM 0xFEF026A8); Y input = Engine speed (variant) (RAM 0xFEF02592).

AXES: X axis: 10 points, 15.2 to 101 kPa; Y axis: 21 points, 600 to 10000 RPM.

VALUES (stock 5JCZSJ40): 2560 to 2560 raw - every cell is the same (2560), so the function is probably disabled or unused in this calibration.

REFERENCE: data @0x1B5CE0, X axis @0x1AE5BC, Y axis @0x1AFB00, descriptor @0x1AE5D0, code FUN_7f000."
Pressure Comp :: Map [IAP x RPM] 10x21 FUN_7f000 #43E (flat),"Pressure Compensation; Unidentified - Cluster E (IDs 0x38E-0x455, post-ETV); Flat Maps (unused/disabled?)",0x1B5E84,Pressure-dependent correction indexed by manifold pressure (IAP) or barometric pressure (AP) - typically altitude / load compensation. (Family-level description - specific use not individually confirmed.),"Pressure-dependent correction indexed by manifold pressure (IAP) or barometric pressure (AP) - typically altitude / load compensation. (Family-level description - specific use not individually confirmed.)

HOW THE ECU USES IT: looked up by FUN_7f000; X input = Intake manifold pressure (IAP) copy (RAM 0xFEF026A8); Y input = Engine speed (variant) (RAM 0xFEF02592).

AXES: X axis: 10 points, 15.2 to 101 kPa; Y axis: 21 points, 600 to 10000 RPM.

VALUES (stock 5JCZSJ40): 2560 to 2560 raw - every cell is the same (2560), so the function is probably disabled or unused in this calibration.

REFERENCE: data @0x1B5E84, X axis @0x1AE5EC, Y axis @0x1AFB2C, descriptor @0x1AE600, code FUN_7f000."
Pressure Comp :: Map [IAP x RPM] 10x21 FUN_7f000 #440 (flat),"Pressure Compensation; Unidentified - Cluster E (IDs 0x38E-0x455, post-ETV); Flat Maps (unused/disabled?)",0x1B6028,Pressure-dependent correction indexed by manifold pressure (IAP) or barometric pressure (AP) - typically altitude / load compensation. (Family-level description - specific use not individually confirmed.),"Pressure-dependent correction indexed by manifold pressure (IAP) or barometric pressure (AP) - typically altitude / load compensation. (Family-level description - specific use not individually confirmed.)

HOW THE ECU USES IT: looked up by FUN_7f000; X input = Intake manifold pressure (IAP) copy (RAM 0xFEF026A8); Y input = Engine speed (variant) (RAM 0xFEF02592).

AXES: X axis: 10 points, 15.2 to 101 kPa; Y axis: 21 points, 600 to 10000 RPM.

VALUES (stock 5JCZSJ40): 2560 to 2560 raw - every cell is the same (2560), so the function is probably disabled or unused in this calibration.

REFERENCE: data @0x1B6028, X axis @0x1AE61C, Y axis @0x1AFB58, descriptor @0x1AE630, code FUN_7f000."
Pressure Comp :: Map [IAP x RPM] 10x21 FUN_7f000 #442 (flat),"Pressure Compensation; Unidentified - Cluster E (IDs 0x38E-0x455, post-ETV); Flat Maps (unused/disabled?)",0x1B61CC,Pressure-dependent correction indexed by manifold pressure (IAP) or barometric pressure (AP) - typically altitude / load compensation. (Family-level description - specific use not individually confirmed.),"Pressure-dependent correction indexed by manifold pressure (IAP) or barometric pressure (AP) - typically altitude / load compensation. (Family-level description - specific use not individually confirmed.)

HOW THE ECU USES IT: looked up by FUN_7f000; X input = Intake manifold pressure (IAP) copy (RAM 0xFEF026A8); Y input = Engine speed (variant) (RAM 0xFEF02592).

AXES: X axis: 10 points, 15.2 to 101 kPa; Y axis: 21 points, 600 to 10000 RPM.

VALUES (stock 5JCZSJ40): 2560 to 2560 raw - every cell is the same (2560), so the function is probably disabled or unused in this calibration.

REFERENCE: data @0x1B61CC, X axis @0x1AE64C, Y axis @0x1AFB84, descriptor @0x1AE660, code FUN_7f000."
Pressure Comp :: Map [IAP x RPM] 10x21 FUN_7f000 #444 (flat),"Pressure Compensation; Unidentified - Cluster E (IDs 0x38E-0x455, post-ETV); Flat Maps (unused/disabled?)",0x1B6370,Pressure-dependent correction indexed by manifold pressure (IAP) or barometric pressure (AP) - typically altitude / load compensation. (Family-level description - specific use not individually confirmed.),"Pressure-dependent correction indexed by manifold pressure (IAP) or barometric pressure (AP) - typically altitude / load compensation. (Family-level description - specific use not individually confirmed.)

HOW THE ECU USES IT: looked up by FUN_7f000; X input = Intake manifold pressure (IAP) copy (RAM 0xFEF026A8); Y input = Engine speed (variant) (RAM 0xFEF02592).

AXES: X axis: 10 points, 15.2 to 101 kPa; Y axis: 21 points, 600 to 10000 RPM.

VALUES (stock 5JCZSJ40): 2560 to 2560 raw - every cell is the same (2560), so the function is probably disabled or unused in this calibration.

REFERENCE: data @0x1B6370, X axis @0x1AE67C, Y axis @0x1AFBB0, descriptor @0x1AE690, code FUN_7f000."
Pressure Comp :: Map [IAP x RPM] 10x21 FUN_7f000 #446 (flat),"Pressure Compensation; Unidentified - Cluster E (IDs 0x38E-0x455, post-ETV); Flat Maps (unused/disabled?)",0x1B6514,Pressure-dependent correction indexed by manifold pressure (IAP) or barometric pressure (AP) - typically altitude / load compensation. (Family-level description - specific use not individually confirmed.),"Pressure-dependent correction indexed by manifold pressure (IAP) or barometric pressure (AP) - typically altitude / load compensation. (Family-level description - specific use not individually confirmed.)

HOW THE ECU USES IT: looked up by FUN_7f000; X input = Intake manifold pressure (IAP) copy (RAM 0xFEF026A8); Y input = Engine speed (variant) (RAM 0xFEF02592).

AXES: X axis: 10 points, 15.2 to 101 kPa; Y axis: 21 points, 600 to 10000 RPM.

VALUES (stock 5JCZSJ40): 2560 to 2560 raw - every cell is the same (2560), so the function is probably disabled or unused in this calibration.

REFERENCE: data @0x1B6514, X axis @0x1AE6AC, Y axis @0x1AFBDC, descriptor @0x1AE6C0, code FUN_7f000."
Pressure Comp :: Map [IAP x RPM] 10x21 FUN_7f000 #448 (flat),"Pressure Compensation; Unidentified - Cluster E (IDs 0x38E-0x455, post-ETV); Flat Maps (unused/disabled?)",0x1B66B8,Pressure-dependent correction indexed by manifold pressure (IAP) or barometric pressure (AP) - typically altitude / load compensation. (Family-level description - specific use not individually confirmed.),"Pressure-dependent correction indexed by manifold pressure (IAP) or barometric pressure (AP) - typically altitude / load compensation. (Family-level description - specific use not individually confirmed.)

HOW THE ECU USES IT: looked up by FUN_7f000; X input = Intake manifold pressure (IAP) copy (RAM 0xFEF026A8); Y input = Engine speed (variant) (RAM 0xFEF02592).

AXES: X axis: 10 points, 15.2 to 101 kPa; Y axis: 21 points, 600 to 10000 RPM.

VALUES (stock 5JCZSJ40): 2560 to 2560 raw - every cell is the same (2560), so the function is probably disabled or unused in this calibration.

REFERENCE: data @0x1B66B8, X axis @0x1AE6DC, Y axis @0x1AFC08, descriptor @0x1AE6F0, code FUN_7f000."
Pressure Comp :: Map [IAP x RPM] 10x21 FUN_7f000 #44A (flat),"Pressure Compensation; Unidentified - Cluster E (IDs 0x38E-0x455, post-ETV); Flat Maps (unused/disabled?)",0x1B685C,Pressure-dependent correction indexed by manifold pressure (IAP) or barometric pressure (AP) - typically altitude / load compensation. (Family-level description - specific use not individually confirmed.),"Pressure-dependent correction indexed by manifold pressure (IAP) or barometric pressure (AP) - typically altitude / load compensation. (Family-level description - specific use not individually confirmed.)

HOW THE ECU USES IT: looked up by FUN_7f000; X input = Intake manifold pressure (IAP) copy (RAM 0xFEF026A8); Y input = Engine speed (variant) (RAM 0xFEF02592).

AXES: X axis: 10 points, 15.2 to 101 kPa; Y axis: 21 points, 600 to 10000 RPM.

VALUES (stock 5JCZSJ40): 2560 to 2560 raw - every cell is the same (2560), so the function is probably disabled or unused in this calibration.

REFERENCE: data @0x1B685C, X axis @0x1AE70C, Y axis @0x1AFC34, descriptor @0x1AE720, code FUN_7f000."
Pressure Comp :: Map [IAP x RPM] 10x21 FUN_821f4 #44C (flat),"Pressure Compensation; Unidentified - Cluster E (IDs 0x38E-0x455, post-ETV); Flat Maps (unused/disabled?)",0x1B6A00,Pressure-dependent correction indexed by manifold pressure (IAP) or barometric pressure (AP) - typically altitude / load compensation. (Family-level description - specific use not individually confirmed.),"Pressure-dependent correction indexed by manifold pressure (IAP) or barometric pressure (AP) - typically altitude / load compensation. (Family-level description - specific use not individually confirmed.)

HOW THE ECU USES IT: looked up by FUN_821f4; X input = Intake manifold pressure (IAP) copy (RAM 0xFEF026A8); Y input = Engine speed (variant) (RAM 0xFEF02592).

AXES: X axis: 10 points, 15.2 to 101 kPa; Y axis: 21 points, 600 to 10000 RPM.

VALUES (stock 5JCZSJ40): 0.00 to 0.00 raw - every cell is the same (0.00), so the function is probably disabled or unused in this calibration.

REFERENCE: data @0x1B6A00, X axis @0x1AE73C, Y axis @0x1AFC60, descriptor @0x1AE750, code FUN_821f4."
Pressure Comp :: Map [IAP x RPM] 10x21 FUN_821f4 #44E (flat),"Pressure Compensation; Unidentified - Cluster E (IDs 0x38E-0x455, post-ETV); Flat Maps (unused/disabled?)",0x1B6AD4,Pressure-dependent correction indexed by manifold pressure (IAP) or barometric pressure (AP) - typically altitude / load compensation. (Family-level description - specific use not individually confirmed.),"Pressure-dependent correction indexed by manifold pressure (IAP) or barometric pressure (AP) - typically altitude / load compensation. (Family-level description - specific use not individually confirmed.)

HOW THE ECU USES IT: looked up by FUN_821f4; X input = Intake manifold pressure (IAP) copy (RAM 0xFEF026A8); Y input = Engine speed (variant) (RAM 0xFEF02592).

AXES: X axis: 10 points, 15.2 to 101 kPa; Y axis: 21 points, 600 to 10000 RPM.

VALUES (stock 5JCZSJ40): 0.00 to 0.00 raw - every cell is the same (0.00), so the function is probably disabled or unused in this calibration.

REFERENCE: data @0x1B6AD4, X axis @0x1AE76C, Y axis @0x1AFC8C, descriptor @0x1AE780, code FUN_821f4."
Pressure Comp :: Map [IAP x RPM] 10x21 FUN_8217e #450 (flat),"Pressure Compensation; Unidentified - Cluster E (IDs 0x38E-0x455, post-ETV); Flat Maps (unused/disabled?)",0x1B6BA8,Pressure-dependent correction indexed by manifold pressure (IAP) or barometric pressure (AP) - typically altitude / load compensation. (Family-level description - specific use not individually confirmed.),"Pressure-dependent correction indexed by manifold pressure (IAP) or barometric pressure (AP) - typically altitude / load compensation. (Family-level description - specific use not individually confirmed.)

HOW THE ECU USES IT: looked up by FUN_8217e; X input = Intake manifold pressure (IAP) copy (RAM 0xFEF026A8); Y input = Engine speed (variant) (RAM 0xFEF02592).

AXES: X axis: 10 points, 15.2 to 101 kPa; Y axis: 21 points, 600 to 10000 RPM.

VALUES (stock 5JCZSJ40): 0.00 to 0.00 raw - every cell is the same (0.00), so the function is probably disabled or unused in this calibration.

REFERENCE: data @0x1B6BA8, X axis @0x1AE79C, Y axis @0x1AFCB8, descriptor @0x1AE7B0, code FUN_8217e."
Pressure Comp :: Map [IAP x RPM] 10x21 FUN_8217e #452 (flat),"Pressure Compensation; Unidentified - Cluster E (IDs 0x38E-0x455, post-ETV); Flat Maps (unused/disabled?)",0x1B6C7C,Pressure-dependent correction indexed by manifold pressure (IAP) or barometric pressure (AP) - typically altitude / load compensation. (Family-level description - specific use not individually confirmed.),"Pressure-dependent correction indexed by manifold pressure (IAP) or barometric pressure (AP) - typically altitude / load compensation. (Family-level description - specific use not individually confirmed.)

HOW THE ECU USES IT: looked up by FUN_8217e; X input = Intake manifold pressure (IAP) copy (RAM 0xFEF026A8); Y input = Engine speed (variant) (RAM 0xFEF02592).

AXES: X axis: 10 points, 15.2 to 101 kPa; Y axis: 21 points, 600 to 10000 RPM.

VALUES (stock 5JCZSJ40): 0.00 to 0.00 raw - every cell is the same (0.00), so the function is probably disabled or unused in this calibration.

REFERENCE: data @0x1B6C7C, X axis @0x1AE7CC, Y axis @0x1AFCE4, descriptor @0x1AE7E0, code FUN_8217e."
Pressure Comp :: Map [IAP x RPM] 10x21 FUN_82108 #454 (flat),"Pressure Compensation; Unidentified - Cluster E (IDs 0x38E-0x455, post-ETV); Flat Maps (unused/disabled?)",0x1B6D50,Pressure-dependent correction indexed by manifold pressure (IAP) or barometric pressure (AP) - typically altitude / load compensation. (Family-level description - specific use not individually confirmed.),"Pressure-dependent correction indexed by manifold pressure (IAP) or barometric pressure (AP) - typically altitude / load compensation. (Family-level description - specific use not individually confirmed.)

HOW THE ECU USES IT: looked up by FUN_82108; X input = Intake manifold pressure (IAP) copy (RAM 0xFEF026A8); Y input = Engine speed (variant) (RAM 0xFEF02592).

AXES: X axis: 10 points, 15.2 to 101 kPa; Y axis: 21 points, 600 to 10000 RPM.

VALUES (stock 5JCZSJ40): 0.00 to 0.00 raw - every cell is the same (0.00), so the function is probably disabled or unused in this calibration.

REFERENCE: data @0x1B6D50, X axis @0x1AE7FC, Y axis @0x1AFD10, descriptor @0x1AE810, code FUN_82108."
Pressure Comp :: Map [IAP x RPM] 10x21 FUN_82108 #456 (flat),"Pressure Compensation; Unidentified - Cluster E (IDs 0x38E-0x455, post-ETV); Flat Maps (unused/disabled?)",0x1B6E24,Pressure-dependent correction indexed by manifold pressure (IAP) or barometric pressure (AP) - typically altitude / load compensation. (Family-level description - specific use not individually confirmed.),"Pressure-dependent correction indexed by manifold pressure (IAP) or barometric pressure (AP) - typically altitude / load compensation. (Family-level description - specific use not individually confirmed.)

HOW THE ECU USES IT: looked up by FUN_82108; X input = Intake manifold pressure (IAP) copy (RAM 0xFEF026A8); Y input = Engine speed (variant) (RAM 0xFEF02592).

AXES: X axis: 10 points, 15.2 to 101 kPa; Y axis: 21 points, 600 to 10000 RPM.

VALUES (stock 5JCZSJ40): 0.00 to 0.00 raw - every cell is the same (0.00), so the function is probably disabled or unused in this calibration.

REFERENCE: data @0x1B6E24, X axis @0x1AE82C, Y axis @0x1AFD3C, descriptor @0x1AE840, code FUN_82108."
Fan Temperature Control,ECU Settings; Fan Control,0x18EFC6,"Two words at 0x18EFC6 read by FUN_768C0 (carried over from the DanCycles XDF; values 100 and 105). NOTE: FUN_768C0 uses them as part of a timing/hysteresis calculation, not obviously as coolant temperatures - meaning unconfirmed. The cooling-fan relay logic itself has not been traced yet.","Two words at 0x18EFC6 read by FUN_768C0 (carried over from the DanCycles XDF; values 100 and 105). NOTE: FUN_768C0 uses them as part of a timing/hysteresis calculation, not obviously as coolant temperatures - meaning unconfirmed. The cooling-fan relay logic itself has not been traced yet.

REFERENCE: @0x18EFC6."
Deceleration Fuel Cut,Fuel; Deceleration Fuel Cut,0x18250C,8x8 block of RPM-scaled words read by FUN_4A256 (carried over from the DanCycles XDF). Likely fuel-cut on/off RPM thresholds for deceleration by condition.,"8x8 block of RPM-scaled words read by FUN_4A256 (carried over from the DanCycles XDF). Likely fuel-cut on/off RPM thresholds for deceleration by condition.

CONFIDENCE: location confirmed from code reads; exact layout unverified - treat as RPM thresholds (X/2.56) and edit cautiously.

REFERENCE: @0x18250C."
Limiter #1,Limiters,0x1542C4,"Engine-speed limiter thresholds (RPM). Values here: 11100 rpm, 11200 rpm.","Engine-speed limiter thresholds (RPM). Values here: 11100 rpm, 11200 rpm.

HOW THE ECU USES IT: the rev-limit state machine FUN_2C73E compares engine speed (RAM 0xFEF0258C) against these words in FUN_2C652 / FUN_2C68C / FUN_2C700 / FUN_2C068; consecutive words form on/off (hysteresis) pairs for different limiter stages/states.

TUNING NOTES: raising these raises the cut point for that limiter stage. Which stage applies in which condition (gear, neutral, launch) is not yet mapped - change all related pairs consistently.

CONFIDENCE: RPM scale confirmed (X/2.56); stage meaning inferred.

REFERENCE: 0x1542C4/0x1542C6."
Limiter #2,Limiters,0x1542C8,"Engine-speed limiter thresholds (RPM). Values here: 10700 rpm, 10800 rpm, 10700 rpm, 10800 rpm.","Engine-speed limiter thresholds (RPM). Values here: 10700 rpm, 10800 rpm, 10700 rpm, 10800 rpm.

HOW THE ECU USES IT: the rev-limit state machine FUN_2C73E compares engine speed (RAM 0xFEF0258C) against these words in FUN_2C652 / FUN_2C68C / FUN_2C700 / FUN_2C068; consecutive words form on/off (hysteresis) pairs for different limiter stages/states.

TUNING NOTES: raising these raises the cut point for that limiter stage. Which stage applies in which condition (gear, neutral, launch) is not yet mapped - change all related pairs consistently.

CONFIDENCE: RPM scale confirmed (X/2.56); stage meaning inferred.

REFERENCE: 0x1542C8/0x1542CA (+2 more words)."
Limiter #3,Limiters,0x1542D0,"Engine-speed limiter thresholds (RPM). Values here: 11900 rpm, 12000 rpm.","Engine-speed limiter thresholds (RPM). Values here: 11900 rpm, 12000 rpm.

HOW THE ECU USES IT: the rev-limit state machine FUN_2C73E compares engine speed (RAM 0xFEF0258C) against these words in FUN_2C652 / FUN_2C68C / FUN_2C700 / FUN_2C068; consecutive words form on/off (hysteresis) pairs for different limiter stages/states.

TUNING NOTES: raising these raises the cut point for that limiter stage. Which stage applies in which condition (gear, neutral, launch) is not yet mapped - change all related pairs consistently.

CONFIDENCE: RPM scale confirmed (X/2.56); stage meaning inferred.

REFERENCE: 0x1542D0/0x1542D2."
Limiter #4,Limiters,0x1542EC,"Engine-speed limiter thresholds (RPM). Values here: 10450 rpm, 10549 rpm, 10550 rpm, 10550 rpm.","Engine-speed limiter thresholds (RPM). Values here: 10450 rpm, 10549 rpm, 10550 rpm, 10550 rpm.

HOW THE ECU USES IT: the rev-limit state machine FUN_2C73E compares engine speed (RAM 0xFEF0258C) against these words in FUN_2C652 / FUN_2C68C / FUN_2C700 / FUN_2C068; consecutive words form on/off (hysteresis) pairs for different limiter stages/states.

TUNING NOTES: raising these raises the cut point for that limiter stage. Which stage applies in which condition (gear, neutral, launch) is not yet mapped - change all related pairs consistently.

CONFIDENCE: RPM scale confirmed (X/2.56); stage meaning inferred.

REFERENCE: 0x1542EC..."
Software Nr.,xdf moto bin files; ECU Info,0x1FFCD0,"Software ID string (ASCII): 5JCZSJ40 = ECM 32990-10L4, 5JCZSJ10 = ECM 32990-10L1. Read only.","Software ID string (ASCII): 5JCZSJ40 = ECM 32990-10L4, 5JCZSJ10 = ECM 32990-10L1. Read only."
"Check Field A (ID block, file 0x1FFAFC)",Checksums / Signatures (DO NOT EDIT),0x1FFAFC,Checksum / signature field. The words before it (00 00 01 00 / FB FA 1F 00 and 00 00 01 00 / F7 FE 1F 00) look like start/end addresses of the protected range (0x10000-0x1FFAFB and 0x10000-0x1FFEF7). Algorithm not identified; values differ between 5JCZSJ40 and 5JCZSJ10. Your flashing tool must recal,Checksum / signature field. The words before it (00 00 01 00 / FB FA 1F 00 and 00 00 01 00 / F7 FE 1F 00) look like start/end addresses of the protected range (0x10000-0x1FFAFB and 0x10000-0x1FFEF7). Algorithm not identified; values differ between 5JCZSJ40 and 5JCZSJ10. Your flashing tool must recalculate these - do not hand-edit.
Check Field B (file 0x1FFED4),Checksums / Signatures (DO NOT EDIT),0x1FFED4,Checksum / signature field. The words before it (00 00 01 00 / FB FA 1F 00 and 00 00 01 00 / F7 FE 1F 00) look like start/end addresses of the protected range (0x10000-0x1FFAFB and 0x10000-0x1FFEF7). Algorithm not identified; values differ between 5JCZSJ40 and 5JCZSJ10. Your flashing tool must recal,Checksum / signature field. The words before it (00 00 01 00 / FB FA 1F 00 and 00 00 01 00 / F7 FE 1F 00) look like start/end addresses of the protected range (0x10000-0x1FFAFB and 0x10000-0x1FFEF7). Algorithm not identified; values differ between 5JCZSJ40 and 5JCZSJ10. Your flashing tool must recalculate these - do not hand-edit.
Signature/MAC Field C (file 0x1FFEF8),Checksums / Signatures (DO NOT EDIT),0x1FFEF8,Checksum / signature field. The words before it (00 00 01 00 / FB FA 1F 00 and 00 00 01 00 / F7 FE 1F 00) look like start/end addresses of the protected range (0x10000-0x1FFAFB and 0x10000-0x1FFEF7). Algorithm not identified; values differ between 5JCZSJ40 and 5JCZSJ10. Your flashing tool must recal,Checksum / signature field. The words before it (00 00 01 00 / FB FA 1F 00 and 00 00 01 00 / F7 FE 1F 00) look like start/end addresses of the protected range (0x10000-0x1FFAFB and 0x10000-0x1FFEF7). Algorithm not identified; values differ between 5JCZSJ40 and 5JCZSJ10. Your flashing tool must recalculate these - do not hand-edit.
Option byte @0x154976,Market Variant (10L1 vs 10L4),0x154976,"Scalar (not in descriptor table). 10L1=0x00, 10L4=0x80. Sits in a block of option bytes where 0x80 is the common value. Meaning unconfirmed - compare both bins before changing.","Scalar (not in descriptor table). 10L1=0x00, 10L4=0x80. Sits in a block of option bytes where 0x80 is the common value. Meaning unconfirmed - compare both bins before changing."
Variant RPM threshold A @0x18B66C,Market Variant (10L1 vs 10L4),0x18B66C,"Scalar (not in descriptor table). RPM = X/2.56. 10L1=9728 (3800 rpm), 10L4=9472 (3700 rpm). Meaning unconfirmed - compare both bins before changing.","Scalar (not in descriptor table). RPM = X/2.56. 10L1=9728 (3800 rpm), 10L4=9472 (3700 rpm). Meaning unconfirmed - compare both bins before changing.

Read by FUN_509A2, a mode/gear-dependent feature: mode byte 0x18B778 (10L1 = 2 = enabled conditionally, 10L4 = 0 = OFF) and the bytes after it select when the feature is active, comparing the gear bitmask (RAM 0xFEF026C2) with 0x18B77A-0x18B77C. When active it sets flag RAM 0xFEF015C8 bit0 and swaps in the RPM pair 0x18B670/72 or 0x18B674/76 (default pair 0x18B66C/6E) as working thresholds (RAM 0xFEF015B4/B6). In the 10L4 (your bike) the feature is switched off, so only the default pair is used."
Variant RPM threshold B @0x18B670,Market Variant (10L1 vs 10L4),0x18B670,"Scalar (not in descriptor table). RPM = X/2.56. 10L1=25600 (10000 rpm), 10L4=7808 (3050 rpm). With C below, 10L4 uses ~3000-3750 rpm where 10L1 sits at 10000-10500 rpm: looks like a market-specific low-RPM restriction (hypothesis). Meaning unconfirmed - compare both bins before changing.","Scalar (not in descriptor table). RPM = X/2.56. 10L1=25600 (10000 rpm), 10L4=7808 (3050 rpm). With C below, 10L4 uses ~3000-3750 rpm where 10L1 sits at 10000-10500 rpm: looks like a market-specific low-RPM restriction (hypothesis). Meaning unconfirmed - compare both bins before changing.

Read by FUN_509A2, a mode/gear-dependent feature: mode byte 0x18B778 (10L1 = 2 = enabled conditionally, 10L4 = 0 = OFF) and the bytes after it select when the feature is active, comparing the gear bitmask (RAM 0xFEF026C2) with 0x18B77A-0x18B77C. When active it sets flag RAM 0xFEF015C8 bit0 and swaps in the RPM pair 0x18B670/72 or 0x18B674/76 (default pair 0x18B66C/6E) as working thresholds (RAM 0xFEF015B4/B6). In the 10L4 (your bike) the feature is switched off, so only the default pair is used."
Variant RPM threshold C @0x18B672,Market Variant (10L1 vs 10L4),0x18B672,"Scalar (not in descriptor table). RPM = X/2.56. 10L1=26880 (10500 rpm), 10L4=9600 (3750 rpm). Meaning unconfirmed - compare both bins before changing.","Scalar (not in descriptor table). RPM = X/2.56. 10L1=26880 (10500 rpm), 10L4=9600 (3750 rpm). Meaning unconfirmed - compare both bins before changing.

Read by FUN_509A2, a mode/gear-dependent feature: mode byte 0x18B778 (10L1 = 2 = enabled conditionally, 10L4 = 0 = OFF) and the bytes after it select when the feature is active, comparing the gear bitmask (RAM 0xFEF026C2) with 0x18B77A-0x18B77C. When active it sets flag RAM 0xFEF015C8 bit0 and swaps in the RPM pair 0x18B670/72 or 0x18B674/76 (default pair 0x18B66C/6E) as working thresholds (RAM 0xFEF015B4/B6). In the 10L4 (your bike) the feature is switched off, so only the default pair is used."
Variant TP threshold A @0x18B678,Market Variant (10L1 vs 10L4),0x18B678,"Scalar (not in descriptor table). Throttle angle deg = X/364.08. 10L1=15729 (30.0 deg), 10L4=483 (0.92 deg). Meaning unconfirmed - compare both bins before changing.","Scalar (not in descriptor table). Throttle angle deg = X/364.08. 10L1=15729 (30.0 deg), 10L4=483 (0.92 deg). Meaning unconfirmed - compare both bins before changing.

Neighbours of the FUN_509A2 block (0x18B66C-0x18B6A0); not read by FUN_509A2 itself - related feature, not yet traced."
Variant TP threshold B @0x18B67C,Market Variant (10L1 vs 10L4),0x18B67C,"Scalar (not in descriptor table). Throttle angle deg = X/364.08. 10L1=15729 (30.0 deg), 10L4=287 (0.55 deg). Meaning unconfirmed - compare both bins before changing.","Scalar (not in descriptor table). Throttle angle deg = X/364.08. 10L1=15729 (30.0 deg), 10L4=287 (0.55 deg). Meaning unconfirmed - compare both bins before changing.

Neighbours of the FUN_509A2 block (0x18B66C-0x18B6A0); not read by FUN_509A2 itself - related feature, not yet traced."
Variant TP threshold C @0x18B67E,Market Variant (10L1 vs 10L4),0x18B67E,"Scalar (not in descriptor table). Throttle angle deg = X/364.08. 10L1=39322 (75.0 deg), 10L4=410 (0.78 deg). Meaning unconfirmed - compare both bins before changing.","Scalar (not in descriptor table). Throttle angle deg = X/364.08. 10L1=39322 (75.0 deg), 10L4=410 (0.78 deg). Meaning unconfirmed - compare both bins before changing.

Neighbours of the FUN_509A2 block (0x18B66C-0x18B6A0); not read by FUN_509A2 itself - related feature, not yet traced."
Variant timer/count A @0x18B692,Market Variant (10L1 vs 10L4),0x18B692,"Scalar (not in descriptor table). 10L1=0, 10L4=20. Zero in 10L1 suggests the related function is inactive there. Meaning unconfirmed - compare both bins before changing.","Scalar (not in descriptor table). 10L1=0, 10L4=20. Zero in 10L1 suggests the related function is inactive there. Meaning unconfirmed - compare both bins before changing.

Neighbours of the FUN_509A2 block (0x18B66C-0x18B6A0); not read by FUN_509A2 itself - related feature, not yet traced."
Variant timer/count B @0x18B694,Market Variant (10L1 vs 10L4),0x18B694,"Scalar (not in descriptor table). 10L1=0, 10L4=60. Meaning unconfirmed - compare both bins before changing.","Scalar (not in descriptor table). 10L1=0, 10L4=60. Meaning unconfirmed - compare both bins before changing.

Neighbours of the FUN_509A2 block (0x18B66C-0x18B6A0); not read by FUN_509A2 itself - related feature, not yet traced."
Variant timer/count C @0x18B698,Market Variant (10L1 vs 10L4),0x18B698,"Scalar (not in descriptor table). 10L1=0, 10L4=20. Meaning unconfirmed - compare both bins before changing.","Scalar (not in descriptor table). 10L1=0, 10L4=20. Meaning unconfirmed - compare both bins before changing.

Neighbours of the FUN_509A2 block (0x18B66C-0x18B6A0); not read by FUN_509A2 itself - related feature, not yet traced."
Option byte @0x18DB74,Market Variant (10L1 vs 10L4),0x18DB74,"Scalar (not in descriptor table). 10L1=0x00, 10L4=0x80. Meaning unconfirmed - compare both bins before changing.","Scalar (not in descriptor table). 10L1=0x00, 10L4=0x80. Meaning unconfirmed - compare both bins before changing."
Option byte @0x18DBCB,Market Variant (10L1 vs 10L4),0x18DBCB,"Scalar (not in descriptor table). 10L1=0x80, 10L4=0xFF. Meaning unconfirmed - compare both bins before changing.","Scalar (not in descriptor table). 10L1=0x80, 10L4=0xFF. Meaning unconfirmed - compare both bins before changing."
Variant setting @0x1AD860,Market Variant (10L1 vs 10L4),0x1AD860,"Scalar (not in descriptor table). 10L1=13, 10L4=1. Meaning unconfirmed - compare both bins before changing.","Scalar (not in descriptor table). 10L1=13, 10L4=1. Meaning unconfirmed - compare both bins before changing."
Variant setting @0x1AD8F5,Market Variant (10L1 vs 10L4),0x1AD8F5,"Scalar (not in descriptor table). 10L1=0x14 (20), 10L4=0x01. Meaning unconfirmed - compare both bins before changing.","Scalar (not in descriptor table). 10L1=0x14 (20), 10L4=0x01. Meaning unconfirmed - compare both bins before changing."
Variant code @0x1BC729,Market Variant (10L1 vs 10L4),0x1BC729,"Scalar (not in descriptor table). 10L1=2, 10L4=1. Next to the 32920-02L0 part-number strings - probably a market/variant selector. Meaning unconfirmed - compare both bins before changing.","Scalar (not in descriptor table). 10L1=2, 10L4=1. Next to the 32920-02L0 part-number strings - probably a market/variant selector. Meaning unconfirmed - compare both bins before changing."
Variant byte array [0] @0x18B778,Market Variant (10L1 vs 10L4),0x18B778,"9-byte array that differs by market. 10L1=0x02, 10L4=0x00.","9-byte array that differs by market. 10L1=0x02, 10L4=0x00.

Read by FUN_509A2, a mode/gear-dependent feature: mode byte 0x18B778 (10L1 = 2 = enabled conditionally, 10L4 = 0 = OFF) and the bytes after it select when the feature is active, comparing the gear bitmask (RAM 0xFEF026C2) with 0x18B77A-0x18B77C. When active it sets flag RAM 0xFEF015C8 bit0 and swaps in the RPM pair 0x18B670/72 or 0x18B674/76 (default pair 0x18B66C/6E) as working thresholds (RAM 0xFEF015B4/B6). In the 10L4 (your bike) the feature is switched off, so only the default pair is used."
Variant byte array [1] @0x18B779,Market Variant (10L1 vs 10L4),0x18B779,"9-byte array that differs by market. 10L1=0x04, 10L4=0x00.","9-byte array that differs by market. 10L1=0x04, 10L4=0x00.

Read by FUN_509A2, a mode/gear-dependent feature: mode byte 0x18B778 (10L1 = 2 = enabled conditionally, 10L4 = 0 = OFF) and the bytes after it select when the feature is active, comparing the gear bitmask (RAM 0xFEF026C2) with 0x18B77A-0x18B77C. When active it sets flag RAM 0xFEF015C8 bit0 and swaps in the RPM pair 0x18B670/72 or 0x18B674/76 (default pair 0x18B66C/6E) as working thresholds (RAM 0xFEF015B4/B6). In the 10L4 (your bike) the feature is switched off, so only the default pair is used."
Variant byte array [2] @0x18B77A,Market Variant (10L1 vs 10L4),0x18B77A,"9-byte array that differs by market. 10L1=0x04, 10L4=0x02.","9-byte array that differs by market. 10L1=0x04, 10L4=0x02.

Read by FUN_509A2, a mode/gear-dependent feature: mode byte 0x18B778 (10L1 = 2 = enabled conditionally, 10L4 = 0 = OFF) and the bytes after it select when the feature is active, comparing the gear bitmask (RAM 0xFEF026C2) with 0x18B77A-0x18B77C. When active it sets flag RAM 0xFEF015C8 bit0 and swaps in the RPM pair 0x18B670/72 or 0x18B674/76 (default pair 0x18B66C/6E) as working thresholds (RAM 0xFEF015B4/B6). In the 10L4 (your bike) the feature is switched off, so only the default pair is used."
Variant byte array [3] @0x18B77B,Market Variant (10L1 vs 10L4),0x18B77B,"9-byte array that differs by market. 10L1=0x08, 10L4=0x03.","9-byte array that differs by market. 10L1=0x08, 10L4=0x03.

Read by FUN_509A2, a mode/gear-dependent feature: mode byte 0x18B778 (10L1 = 2 = enabled conditionally, 10L4 = 0 = OFF) and the bytes after it select when the feature is active, comparing the gear bitmask (RAM 0xFEF026C2) with 0x18B77A-0x18B77C. When active it sets flag RAM 0xFEF015C8 bit0 and swaps in the RPM pair 0x18B670/72 or 0x18B674/76 (default pair 0x18B66C/6E) as working thresholds (RAM 0xFEF015B4/B6). In the 10L4 (your bike) the feature is switched off, so only the default pair is used."
Variant byte array [4] @0x18B77C,Market Variant (10L1 vs 10L4),0x18B77C,"9-byte array that differs by market. 10L1=0x10, 10L4=0x04.","9-byte array that differs by market. 10L1=0x10, 10L4=0x04.

Read by FUN_509A2, a mode/gear-dependent feature: mode byte 0x18B778 (10L1 = 2 = enabled conditionally, 10L4 = 0 = OFF) and the bytes after it select when the feature is active, comparing the gear bitmask (RAM 0xFEF026C2) with 0x18B77A-0x18B77C. When active it sets flag RAM 0xFEF015C8 bit0 and swaps in the RPM pair 0x18B670/72 or 0x18B674/76 (default pair 0x18B66C/6E) as working thresholds (RAM 0xFEF015B4/B6). In the 10L4 (your bike) the feature is switched off, so only the default pair is used."
Variant byte array [5] @0x18B77D,Market Variant (10L1 vs 10L4),0x18B77D,"9-byte array that differs by market. 10L1=0x01, 10L4=0x01.","9-byte array that differs by market. 10L1=0x01, 10L4=0x01.

Read by FUN_509A2, a mode/gear-dependent feature: mode byte 0x18B778 (10L1 = 2 = enabled conditionally, 10L4 = 0 = OFF) and the bytes after it select when the feature is active, comparing the gear bitmask (RAM 0xFEF026C2) with 0x18B77A-0x18B77C. When active it sets flag RAM 0xFEF015C8 bit0 and swaps in the RPM pair 0x18B670/72 or 0x18B674/76 (default pair 0x18B66C/6E) as working thresholds (RAM 0xFEF015B4/B6). In the 10L4 (your bike) the feature is switched off, so only the default pair is used."
Variant byte array [6] @0x18B77E,Market Variant (10L1 vs 10L4),0x18B77E,"9-byte array that differs by market. 10L1=0x80, 10L4=0x00.","9-byte array that differs by market. 10L1=0x80, 10L4=0x00.

Read by FUN_509A2, a mode/gear-dependent feature: mode byte 0x18B778 (10L1 = 2 = enabled conditionally, 10L4 = 0 = OFF) and the bytes after it select when the feature is active, comparing the gear bitmask (RAM 0xFEF026C2) with 0x18B77A-0x18B77C. When active it sets flag RAM 0xFEF015C8 bit0 and swaps in the RPM pair 0x18B670/72 or 0x18B674/76 (default pair 0x18B66C/6E) as working thresholds (RAM 0xFEF015B4/B6). In the 10L4 (your bike) the feature is switched off, so only the default pair is used."
Variant byte array [7] @0x18B77F,Market Variant (10L1 vs 10L4),0x18B77F,"9-byte array that differs by market. 10L1=0x14, 10L4=0x06.","9-byte array that differs by market. 10L1=0x14, 10L4=0x06.

Read by FUN_509A2, a mode/gear-dependent feature: mode byte 0x18B778 (10L1 = 2 = enabled conditionally, 10L4 = 0 = OFF) and the bytes after it select when the feature is active, comparing the gear bitmask (RAM 0xFEF026C2) with 0x18B77A-0x18B77C. When active it sets flag RAM 0xFEF015C8 bit0 and swaps in the RPM pair 0x18B670/72 or 0x18B674/76 (default pair 0x18B66C/6E) as working thresholds (RAM 0xFEF015B4/B6). In the 10L4 (your bike) the feature is switched off, so only the default pair is used."
Variant byte array [8] @0x18B780,Market Variant (10L1 vs 10L4),0x18B780,"9-byte array that differs by market. 10L1=0x00, 10L4=0x01.","9-byte array that differs by market. 10L1=0x00, 10L4=0x01.

Read by FUN_509A2, a mode/gear-dependent feature: mode byte 0x18B778 (10L1 = 2 = enabled conditionally, 10L4 = 0 = OFF) and the bytes after it select when the feature is active, comparing the gear bitmask (RAM 0xFEF026C2) with 0x18B77A-0x18B77C. When active it sets flag RAM 0xFEF015C8 bit0 and swaps in the RPM pair 0x18B670/72 or 0x18B674/76 (default pair 0x18B66C/6E) as working thresholds (RAM 0xFEF015B4/B6). In the 10L4 (your bike) the feature is switched off, so only the default pair is used."
Option bit7 @0x154976,Market Variant (10L1 vs 10L4),0x154976,"Bit 0x80 toggle. Set in 10L4, clear in 10L1. Function unconfirmed.","Bit 0x80 toggle. Set in 10L4, clear in 10L1. Function unconfirmed."
Option bit7 @0x18DB74,Market Variant (10L1 vs 10L4),0x18DB74,"Bit 0x80 toggle. Set in 10L4, clear in 10L1. Function unconfirmed.","Bit 0x80 toggle. Set in 10L4, clear in 10L1. Function unconfirmed."
